ID1,ID,Province,DISTRICT,LONGITUDE,LATITUDE,ELEVATION,UPDATED,NAMEOFFACI,OWNERSHIP,YEARBUILT,TYPEOFFACI,NUMOFDOCTO,NUMOFNURSE,NUMOFNUR_1,NUMOFPCN,NUMOFEHTS,NUMOFPHARM,NUMOFLABTE,NUMOFBEDS,NUMOFMATER,NUMOFGENER,CATHMENTPO,DISTNEARES,HASCOMMUNI,HASCOMMU_1,HASWATERPI,HASWATERUN,HASELECTRI,HASELECT_1,DISTNEAR_1,HASSANITAT,HASSANIT_1,HASSANIT_2,HASSECURIT,HASSECUR_1,HASROADTAR,HASROADGRA,HASINCINER,HASAUTOWAY,HASDENTAL,COMMENTS,TYPE_EDITE,OWNERSHIP_norm,TYPE_norm,ownership_category,is_private,is_nonoperational,included
1.0,29.0,Matebeleland South,Beitbridge,29.9876098633,-22.20458,0.0,1998.0,Beitbridge,2,0.0,District Hospital,0.0,0.0,0.0,0.0,0.0,0.0,0.0,0.0,0.0,0.0,0.0,0.0,0.0,0.0,0.0,0.0,0.0,0.0,0.0,0.0,0.0,0.0,0.0,0.0,0.0,0.0,0.0,0,0.0,,,2,District Hospital,Government,False,False,True
2.0,83.0,Matebeleland South,Beitbridge,29.601940155,-21.60719,0.0,1998.0,Chamunangana,5,0.0,Clinic,0.0,0.0,0.0,0.0,0.0,0.0,0.0,0.0,0.0,0.0,0.0,0.0,0.0,0.0,0.0,0.0,0.0,0.0,0.0,0.0,0.0,0.0,0.0,0.0,0.0,0.0,0.0,0,0.0,,Clinic,5,Clinic,Government/Council,False,False,True
3.0,93.0,Matebeleland South,Beitbridge,30.5011405945,-22.05558,0.0,1998.0,Chasvingo,5,0.0,Clinic,0.0,0.0,0.0,0.0,0.0,0.0,0.0,0.0,0.0,0.0,0.0,0.0,0.0,0.0,0.0,0.0,0.0,0.0,0.0,0.0,0.0,0.0,0.0,0.0,0.0,0.0,0.0,0,0.0,,Clinic,5,Clinic,Government/Council,False,False,True
4.0,136.0,Matebeleland South,Beitbridge,31.0912494659,-22.31725,0.0,1998.0,Chikwarakwara,4,0.0,Rural Health Centre,0.0,0.0,0.0,0.0,0.0,0.0,0.0,0.0,0.0,0.0,0.0,0.0,0.0,0.0,0.0,0.0,0.0,0.0,0.0,0.0,0.0,0.0,0.0,0.0,0.0,0.0,0.0,0,0.0,,,4,Rural Health Centre,Government,False,False,True
5.0,218.0,Matebeleland South,Beitbridge,30.787530899,-22.20064,0.0,1998.0,Chituripasi,6,0.0,Rural Health Centre,0.0,0.0,0.0,0.0,0.0,0.0,0.0,0.0,0.0,0.0,0.0,0.0,0.0,0.0,0.0,0.0,0.0,0.0,0.0,0.0,0.0,0.0,0.0,0.0,0.0,0.0,0.0,0,0.0,,,6,Rural Health Centre,Government,False,False,True
6.0,282.0,Matebeleland South,Beitbridge,30.3900299072,-22.22214,0.0,1998.0,Dite,6,0.0,Rural Health Centre,0.0,0.0,0.0,0.0,0.0,0.0,0.0,0.0,0.0,0.0,0.0,0.0,0.0,0.0,0.0,0.0,0.0,0.0,0.0,0.0,0.0,0.0,0.0,0.0,0.0,0.0,0.0,0,0.0,,,6,Rural Health Centre,Government,False,False,True
7.0,300.0,Matebeleland South,Beitbridge,29.9837207794,-22.20681,0.0,1998.0,Dulibadzimu,5,0.0,Clinic,0.0,0.0,0.0,0.0,0.0,0.0,0.0,0.0,0.0,0.0,0.0,0.0,0.0,0.0,0.0,0.0,0.0,0.0,0.0,0.0,0.0,0.0,0.0,0.0,0.0,0.0,0.0,0,0.0,,,5,Clinic,Government/Council,False,False,True
8.0,566.0,Matebeleland South,Beitbridge,29.6906700134,-21.50331,0.0,1998.0,Majini,6,0.0,Rural Health Centre,0.0,0.0,0.0,0.0,0.0,0.0,0.0,0.0,0.0,0.0,0.0,0.0,0.0,0.0,0.0,0.0,0.0,0.0,0.0,0.0,0.0,0.0,0.0,0.0,0.0,0.0,0.0,0,0.0,,,6,Rural Health Centre,Government,False,False,True
9.0,568.0,Matebeleland South,Beitbridge,29.9368095398,-22.13792,0.0,1998.0,Makakabule,6,0.0,Rural Health Centre,0.0,0.0,0.0,0.0,0.0,0.0,0.0,0.0,0.0,0.0,0.0,0.0,0.0,0.0,0.0,0.0,0.0,0.0,0.0,0.0,0.0,0.0,0.0,0.0,0.0,0.0,0.0,0,0.0,,,6,Rural Health Centre,Government,False,False,True
10.0,1183.0,Matebeleland South,Beitbridge,29.5034198761,-21.62461,0.0,1998.0,Zezane,5,0.0,Clinic,0.0,0.0,0.0,0.0,0.0,0.0,0.0,0.0,0.0,0.0,0.0,0.0,0.0,0.0,0.0,0.0,0.0,0.0,0.0,0.0,0.0,0.0,0.0,0.0,0.0,0.0,0.0,0,0.0,,,5,Clinic,Government/Council,False,False,True
11.0,1203.0,Matebeleland South,Beitbridge,30.0051898956,-22.21992,0.0,1998.0,ZRP,5,0.0,Clinic,0.0,0.0,0.0,0.0,0.0,0.0,0.0,0.0,0.0,0.0,0.0,0.0,0.0,0.0,0.0,0.0,0.0,0.0,0.0,0.0,0.0,0.0,0.0,0.0,0.0,0.0,0.0,0,0.0,,,5,Clinic,"Excluded - restricted access (prison/police, not public)",False,False,False
12.0,620.0,Matebeleland South,Beitbridge,29.5865001678,-21.93431,0.0,1998.0,Masera,5,0.0,Clinic,0.0,0.0,0.0,0.0,0.0,0.0,0.0,0.0,0.0,0.0,0.0,0.0,0.0,0.0,0.0,0.0,0.0,0.0,0.0,0.0,0.0,0.0,0.0,0.0,0.0,0.0,0.0,0,0.0,,,5,Clinic,Government/Council,False,False,True
13.0,861.0,Matebeleland South,Beitbridge,29.63697052,-22.12217,0.0,1998.0,Nottingham,6,0.0,Rural Health Centre,0.0,0.0,0.0,0.0,0.0,0.0,0.0,0.0,0.0,0.0,0.0,0.0,0.0,0.0,0.0,0.0,0.0,0.0,0.0,0.0,0.0,0.0,0.0,0.0,0.0,0.0,0.0,0,0.0,,,6,Rural Health Centre,Government,False,False,True
14.0,863.0,Matebeleland South,Beitbridge,30.0078105927,-22.22078,0.0,1998.0,NRZ,5,0.0,Clinic,0.0,0.0,0.0,0.0,0.0,0.0,0.0,0.0,0.0,0.0,0.0,0.0,0.0,0.0,0.0,0.0,0.0,0.0,0.0,0.0,0.0,0.0,0.0,0.0,0.0,0.0,0.0,0,0.0,,,5,Clinic,Government/Council,False,False,True
15.0,962.0,Matebeleland South,Beitbridge,29.9852790833,-22.22269,0.0,1998.0,Prison,5,0.0,Clinic,0.0,0.0,0.0,0.0,0.0,0.0,0.0,0.0,0.0,0.0,0.0,0.0,0.0,0.0,0.0,0.0,0.0,0.0,0.0,0.0,0.0,0.0,0.0,0.0,0.0,0.0,0.0,0,0.0,,Clinic,5,Clinic,Government/Council,False,False,True
16.0,1037.0,Matebeleland South,Beitbridge,30.2227802277,-22.10489,0.0,1998.0,Shabwe,6,0.0,Rural Health Centre,0.0,0.0,0.0,0.0,0.0,0.0,0.0,0.0,0.0,0.0,0.0,0.0,0.0,0.0,0.0,0.0,0.0,0.0,0.0,0.0,0.0,0.0,0.0,0.0,0.0,0.0,0.0,0,0.0,,,6,Rural Health Centre,Government,False,False,True
17.0,1045.0,Matebeleland South,Beitbridge,29.3224391937,-22.10292,0.0,1998.0,Shashe,5,0.0,Clinic,0.0,0.0,0.0,0.0,0.0,0.0,0.0,0.0,0.0,0.0,0.0,0.0,0.0,0.0,0.0,0.0,0.0,0.0,0.0,0.0,0.0,0.0,0.0,0.0,0.0,0.0,0.0,0,0.0,,Clinic,5,Clinic,Government/Council,False,False,True
18.0,1113.0,Matebeleland South,Beitbridge,29.4038600922,-21.87125,0.0,1998.0,Swereki,5,0.0,Clinic,0.0,0.0,0.0,0.0,0.0,0.0,0.0,0.0,0.0,0.0,0.0,0.0,0.0,0.0,0.0,0.0,0.0,0.0,0.0,0.0,0.0,0.0,0.0,0.0,0.0,0.0,0.0,0,0.0,,,5,Clinic,Government/Council,False,False,True
19.0,1129.0,Matebeleland South,Beitbridge,30.0404205322,-21.93567,0.0,1998.0,Tongwe,5,0.0,Clinic,0.0,0.0,0.0,0.0,0.0,0.0,0.0,0.0,0.0,0.0,0.0,0.0,0.0,0.0,0.0,0.0,0.0,0.0,0.0,0.0,0.0,0.0,0.0,0.0,0.0,0.0,0.0,0,0.0,,,5,Clinic,Government/Council,False,False,True
20.0,1261.0,Matebeleland South,Beitbridge,29.9283,-21.99529,513.0,2007.0,Mtetengwe,5,2006.0,Clinic,0.0,0.0,0.0,0.0,0.0,0.0,0.0,0.0,0.0,0.0,0.0,0.0,0.0,0.0,0.0,0.0,0.0,0.0,0.0,0.0,0.0,0.0,0.0,0.0,0.0,1.0,0.0,0,0.0,Under Construction -Not yet complete at roof level,,5,Clinic,Government/Council,False,False,True
21.0,1262.0,Matebeleland South,Beitbridge,29.86923,-21.7345,591.0,2007.0,Mazunga,5,0.0,Clinic(Not Open),0.0,0.0,0.0,0.0,0.0,0.0,0.0,0.0,0.0,0.0,0.0,565.0,0.0,0.0,0.0,0.0,0.0,0.0,100.0,0.0,0.0,0.0,0.0,1.0,1.0,0.0,0.0,0,0.0,Not open still undre construction was a farm house,,5,Clinic(Not Open),Non-operational/Not yet open,False,True,False
22.0,1263.0,Matebeleland South,Beitbridge,30.5491,-21.90371,550.0,2007.0,Makombe,8,2006.0,Clinic (construction),0.0,0.0,0.0,0.0,0.0,0.0,0.0,0.0,0.0,0.0,0.0,95.0,0.0,0.0,0.0,0.0,0.0,0.0,0.0,0.0,0.0,0.0,0.0,1.0,0.0,1.0,0.0,0,0.0,Almost complete- Roofing complete,,8,Clinic (construction),Non-operational/Not yet open,False,True,False
23.0,40.0,Masvingo,Bikita,31.606470108,-20.06703,0.0,1998.0,Bikita,4,0.0,Rural Hospital,0.0,0.0,0.0,0.0,0.0,0.0,0.0,0.0,0.0,0.0,0.0,0.0,0.0,0.0,0.0,0.0,0.0,0.0,0.0,0.0,0.0,0.0,0.0,0.0,0.0,0.0,0.0,0,0.0,,,4,Rural Hospital,Government,False,False,True
24.0,131.0,Masvingo,Bikita,31.868560791,-20.0005,0.0,1998.0,Chikuku,5,0.0,Clinic,0.0,0.0,0.0,0.0,0.0,0.0,0.0,0.0,0.0,0.0,0.0,0.0,0.0,0.0,0.0,0.0,0.0,0.0,0.0,0.0,0.0,0.0,0.0,0.0,0.0,0.0,0.0,0,0.0,,Clinic,5,Clinic,Government/Council,False,False,True
25.0,190.0,Masvingo,Bikita,31.9180297852,-19.88528,0.0,1998.0,Chirorwe,5,0.0,Clinic,0.0,0.0,0.0,0.0,0.0,0.0,0.0,0.0,0.0,0.0,0.0,0.0,0.0,0.0,0.0,0.0,0.0,0.0,0.0,0.0,0.0,0.0,0.0,0.0,0.0,0.0,0.0,0,0.0,,Clinic,5,Clinic,Government/Council,False,False,True
26.0,203.0,Masvingo,Bikita,31.8545303345,-20.20817,0.0,1998.0,Chitasa,5,0.0,Clinic,0.0,0.0,0.0,0.0,0.0,0.0,0.0,0.0,0.0,0.0,0.0,0.0,0.0,0.0,0.0,0.0,0.0,0.0,0.0,0.0,0.0,0.0,0.0,0.0,0.0,0.0,0.0,0,0.0,,Clinic,5,Clinic,Government/Council,False,False,True
27.0,276.0,Masvingo,Bikita,32.1205596924,-19.95322,0.0,1998.0,Devure 1,5,0.0,Clinic,0.0,0.0,0.0,0.0,0.0,0.0,0.0,0.0,0.0,0.0,0.0,0.0,0.0,0.0,0.0,0.0,0.0,0.0,0.0,0.0,0.0,0.0,0.0,0.0,0.0,0.0,0.0,0,0.0,,,5,Clinic,Government/Council,False,False,True
28.0,421.0,Masvingo,Bikita,31.5372505188,-20.05172,0.0,1998.0,Hozvi,5,0.0,Clinic,0.0,0.0,0.0,0.0,0.0,0.0,0.0,0.0,0.0,0.0,0.0,0.0,0.0,0.0,0.0,0.0,0.0,0.0,0.0,0.0,0.0,0.0,0.0,0.0,0.0,0.0,0.0,0,0.0,,,5,Clinic,Government/Council,False,False,True
29.0,609.0,Masvingo,Bikita,31.5209999084,-20.00053,0.0,1998.0,Marozva,5,0.0,Clinic,0.0,0.0,0.0,0.0,0.0,0.0,0.0,0.0,0.0,0.0,0.0,0.0,0.0,0.0,0.0,0.0,0.0,0.0,0.0,0.0,0.0,0.0,0.0,0.0,0.0,0.0,0.0,0,0.0,,,5,Clinic,Government/Council,False,False,True
30.0,623.0,Masvingo,Bikita,31.750579834,-20.50519,0.0,1998.0,Mashoko,4,0.0,Hospital,0.0,0.0,0.0,0.0,0.0,0.0,0.0,0.0,0.0,0.0,0.0,0.0,0.0,0.0,0.0,0.0,0.0,0.0,0.0,0.0,0.0,0.0,0.0,0.0,0.0,0.0,0.0,0,0.0,,,4,Hospital,Government,False,False,True
31.0,690.0,Masvingo,Bikita,31.7211399078,-20.43703,0.0,1998.0,Mkanga,4,0.0,Rural Hospital,0.0,0.0,0.0,0.0,0.0,0.0,0.0,0.0,0.0,0.0,0.0,0.0,0.0,0.0,0.0,0.0,0.0,0.0,0.0,0.0,0.0,0.0,0.0,0.0,0.0,0.0,0.0,0,0.0,,,4,Rural Hospital,Government,False,False,True
32.0,769.0,Masvingo,Bikita,31.6530609131,-19.94133,0.0,1998.0,Murwira,5,0.0,Clinic,0.0,0.0,0.0,0.0,0.0,0.0,0.0,0.0,0.0,0.0,0.0,0.0,0.0,0.0,0.0,0.0,0.0,0.0,0.0,0.0,0.0,0.0,0.0,0.0,0.0,0.0,0.0,0,0.0,,,5,Clinic,Government/Council,False,False,True
33.0,842.0,Masvingo,Bikita,31.6843109131,-20.28881,0.0,1998.0,Ngorima,5,0.0,Clinic,0.0,0.0,0.0,0.0,0.0,0.0,0.0,0.0,0.0,0.0,0.0,0.0,0.0,0.0,0.0,0.0,0.0,0.0,0.0,0.0,0.0,0.0,0.0,0.0,0.0,0.0,0.0,0,0.0,,,5,Clinic,Government/Council,False,False,True
34.0,931.0,Masvingo,Bikita,31.5888595581,-20.00586,0.0,1998.0,Nyika,6,0.0,Rural Health Centre,0.0,0.0,0.0,0.0,0.0,0.0,0.0,0.0,0.0,0.0,0.0,0.0,0.0,0.0,0.0,0.0,0.0,0.0,0.0,0.0,0.0,0.0,0.0,0.0,0.0,0.0,0.0,0,0.0,,,6,Rural Health Centre,Government,False,False,True
35.0,940.0,Masvingo,Bikita,31.8575305939,-20.42022,0.0,1998.0,Odzi,5,0.0,Clinic,0.0,0.0,0.0,0.0,0.0,0.0,0.0,0.0,0.0,0.0,0.0,0.0,0.0,0.0,0.0,0.0,0.0,0.0,0.0,0.0,0.0,0.0,0.0,0.0,0.0,0.0,0.0,0,0.0,,Clinic,5,Clinic,Government/Council,False,False,True
36.0,955.0,Masvingo,Bikita,31.6177501678,-20.18919,0.0,1998.0,Pfupajena,5,0.0,Clinic,0.0,0.0,0.0,0.0,0.0,0.0,0.0,0.0,0.0,0.0,0.0,0.0,0.0,0.0,0.0,0.0,0.0,0.0,0.0,0.0,0.0,0.0,0.0,0.0,0.0,0.0,0.0,0,0.0,,Clinic,5,Clinic,Government/Council,False,False,True
37.0,1068.0,Masvingo,Bikita,31.6867809296,-20.02347,0.0,1998.0,Silveira,3,0.0,Mission Hospital,0.0,0.0,0.0,0.0,0.0,0.0,0.0,0.0,0.0,0.0,0.0,0.0,0.0,0.0,0.0,0.0,0.0,0.0,0.0,0.0,0.0,0.0,0.0,0.0,0.0,0.0,0.0,0,0.0,,,3,Mission Hospital,Mission/Church,False,False,True
38.0,1326.0,Masvingo,Bikita,31.84224,-20.14081,0.0,2007.0,Mukore,6,1993.0,Rural Health Centre,0.0,2.0,2.0,0.0,1.0,0.0,0.0,6.0,2.0,4.0,8108.0,54.0,0.0,0.0,1.0,0.0,0.0,0.0,20.0,1.0,1.0,1.0,0.0,1.0,0.0,1.0,0.0,1,0.0,,,6,Rural Health Centre,Government,False,False,True
39.0,1327.0,Masvingo,Bikita,31.71084,-20.20992,0.0,2007.0,Mutikizizi,6,1999.0,Rural Health Centre,0.0,1.0,1.0,2.0,1.0,0.0,0.0,6.0,2.0,4.0,7117.0,50.0,0.0,0.0,1.0,0.0,1.0,0.0,0.0,1.0,1.0,0.0,0.0,1.0,0.0,1.0,0.0,1,0.0,,,6,Rural Health Centre,Government,False,False,True
40.0,1378.0,Masvingo,Bikita,31.81698,-19.9153,0.0,2007.0,Gangare,6,1999.0,Rural Health Centre,0.0,0.0,1.0,2.0,0.0,0.0,0.0,6.0,4.0,2.0,4547.0,30.0,0.0,0.0,0.0,0.0,0.0,0.0,30.0,0.0,1.0,1.0,0.0,1.0,0.0,1.0,0.0,0,0.0,,,6,Rural Health Centre,Government,False,False,True
41.0,1320.0,Masvingo,Bikita,31.42301,-19.95815,0.0,2007.0,Masarasa,7,1963.0,Clinic,0.0,1.0,1.0,0.0,1.0,0.0,0.0,4.0,1.0,3.0,4110.0,42.0,0.0,0.0,1.0,1.0,1.0,1.0,0.0,1.0,1.0,0.0,0.0,1.0,0.0,1.0,1.0,0,0.0,,,7,Clinic,Private,True,False,False
42.0,1321.0,Masvingo,Bikita,31.52096,-19.91393,0.0,2007.0,Mungezi,5,1995.0,Rural Health Centre,0.0,0.0,1.0,2.0,1.0,0.0,0.0,6.0,2.0,4.0,2509.0,34.0,0.0,0.0,1.0,0.0,0.0,0.0,8.0,1.0,1.0,0.0,0.0,1.0,0.0,1.0,0.0,1,0.0,,,5,Rural Health Centre,Government/Council,False,False,True
43.0,1340.0,Masvingo,Bikita,31.72709,-20.12917,0.0,2007.0,Negovano,6,2004.0,Rural Health Centre,0.0,0.0,1.0,1.0,0.0,0.0,0.0,5.0,0.0,5.0,7011.0,52.0,0.0,0.0,0.0,1.0,0.0,1.0,0.0,1.0,1.0,1.0,0.0,1.0,0.0,1.0,0.0,1,0.0,,,6,Rural Health Centre,Government,False,False,True
44.0,1341.0,Masvingo,Bikita,31.80962,-20.53792,0.0,2007.0,Gava,6,1999.0,Rural Health Centre,0.0,2.0,2.0,0.0,0.0,0.0,0.0,6.0,2.0,4.0,2352.0,10.0,0.0,0.0,1.0,1.0,0.0,1.0,0.0,1.0,1.0,0.0,0.0,1.0,0.0,1.0,0.0,1,0.0,,,6,Rural Health Centre,Government,False,False,True
45.0,41.0,Mashonaland Central,Bindura,31.3287696838,-17.29005,0.0,1998.0,Bindura,1,0.0,Provincial Hospital,0.0,0.0,0.0,0.0,0.0,0.0,0.0,0.0,0.0,0.0,0.0,0.0,0.0,0.0,0.0,0.0,0.0,0.0,0.0,0.0,0.0,0.0,0.0,0.0,0.0,0.0,0.0,0,0.0,,,1,Provincial Hospital,Government,False,False,True
46.0,42.0,Mashonaland Central,Bindura,31.3319797516,-17.30967,0.0,1998.0,Bindura Polyclinic,5,0.0,Clinic,0.0,0.0,0.0,0.0,0.0,0.0,0.0,0.0,0.0,0.0,0.0,0.0,0.0,0.0,0.0,0.0,0.0,0.0,0.0,0.0,0.0,0.0,0.0,0.0,0.0,0.0,0.0,0,0.0,,Clinic,5,Clinic,Government/Council,False,False,True
47.0,171.0,Mashonaland Central,Bindura,31.3551502228,-17.31758,0.0,1998.0,Chipadze,5,0.0,Clinic,0.0,0.0,0.0,0.0,0.0,0.0,0.0,0.0,0.0,0.0,0.0,0.0,0.0,0.0,0.0,0.0,0.0,0.0,0.0,0.0,0.0,0.0,0.0,0.0,0.0,0.0,0.0,0,0.0,,Clinic,5,Clinic,Government/Council,False,False,True
48.0,188.0,Mashonaland Central,Bindura,31.1613502502,-17.45422,0.0,1998.0,Chiriseri,5,0.0,Clinic,0.0,0.0,0.0,0.0,0.0,0.0,0.0,0.0,0.0,0.0,0.0,0.0,0.0,0.0,0.0,0.0,0.0,0.0,0.0,0.0,0.0,0.0,0.0,0.0,0.0,0.0,0.0,0,0.0,,Clinic,5,Clinic,Government/Council,False,False,True
49.0,223.0,Mashonaland Central,Bindura,31.3495693207,-17.46283,0.0,1998.0,Chiveso,5,0.0,Clinic,0.0,0.0,0.0,0.0,0.0,0.0,0.0,0.0,0.0,0.0,0.0,0.0,0.0,0.0,0.0,0.0,0.0,0.0,0.0,0.0,0.0,0.0,0.0,0.0,0.0,0.0,0.0,0,0.0,,Clinic,5,Clinic,Government/Council,False,False,True
50.0,230.0,Mashonaland Central,Bindura,31.3592205048,-17.32222,0.0,1998.0,Chiwaridzo,5,0.0,Clinic,0.0,0.0,0.0,0.0,0.0,0.0,0.0,0.0,0.0,0.0,0.0,0.0,0.0,0.0,0.0,0.0,0.0,0.0,0.0,0.0,0.0,0.0,0.0,0.0,0.0,0.0,0.0,0,0.0,,Clinic,5,Clinic,Government/Council,False,False,True
51.0,318.0,Mashonaland Central,Bindura,31.3557796478,-17.31998,0.0,1998.0,Farm H.Centre,5,0.0,Clinic,0.0,0.0,0.0,0.0,0.0,0.0,0.0,0.0,0.0,0.0,0.0,0.0,0.0,0.0,0.0,0.0,0.0,0.0,0.0,0.0,0.0,0.0,0.0,0.0,0.0,0.0,0.0,0,0.0,,,5,Clinic,Government/Council,False,False,True
52.0,326.0,Mashonaland Central,Bindura,31.278049469,-17.2132,0.0,1998.0,Foothills,5,0.0,Clinic,0.0,0.0,0.0,0.0,0.0,0.0,0.0,0.0,0.0,0.0,0.0,0.0,0.0,0.0,0.0,0.0,0.0,0.0,0.0,0.0,0.0,0.0,0.0,0.0,0.0,0.0,0.0,0,0.0,,,5,Clinic,Government/Council,False,False,True
53.0,328.0,Mashonaland Central,Bindura,31.3319797516,-17.30967,0.0,1998.0,Freda Rebecca,7,0.0,Mine Clinic,0.0,0.0,0.0,0.0,0.0,0.0,0.0,0.0,0.0,0.0,0.0,0.0,0.0,0.0,0.0,0.0,0.0,0.0,0.0,0.0,0.0,0.0,0.0,0.0,0.0,0.0,0.0,0,0.0,,,7,Mine Clinic,Private,True,False,False
54.0,591.0,Mashonaland Central,Bindura,31.3121700287,-17.39605,0.0,1998.0,Manhenga,5,0.0,Clinic,0.0,0.0,0.0,0.0,0.0,0.0,0.0,0.0,0.0,0.0,0.0,0.0,0.0,0.0,0.0,0.0,0.0,0.0,0.0,0.0,0.0,0.0,0.0,0.0,0.0,0.0,0.0,0,0.0,,,5,Clinic,Government/Council,False,False,True
55.0,1204.0,Mashonaland Central,Bindura,31.3288002014,-17.29583,0.0,1998.0,ZRP Bindura,5,0.0,Clinic,0.0,0.0,0.0,0.0,0.0,0.0,0.0,0.0,0.0,0.0,0.0,0.0,0.0,0.0,0.0,0.0,0.0,0.0,0.0,0.0,0.0,0.0,0.0,0.0,0.0,0.0,0.0,0,0.0,,,5,Clinic,"Excluded - restricted access (prison/police, not public)",False,False,False
56.0,751.0,Mashonaland Central,Bindura,31.2535190582,-17.52205,0.0,1998.0,Muonwe,5,0.0,Clinic,0.0,0.0,0.0,0.0,0.0,0.0,0.0,0.0,0.0,0.0,0.0,0.0,0.0,0.0,0.0,0.0,0.0,0.0,0.0,0.0,0.0,0.0,0.0,0.0,0.0,0.0,0.0,0,0.0,,,5,Clinic,Government/Council,False,False,True
57.0,927.0,Mashonaland Central,Bindura,31.3605194092,-17.56392,0.0,1998.0,Nyava,5,0.0,Clinic,0.0,0.0,0.0,0.0,0.0,0.0,0.0,0.0,0.0,0.0,0.0,0.0,0.0,0.0,0.0,0.0,0.0,0.0,0.0,0.0,0.0,0.0,0.0,0.0,0.0,0.0,0.0,0,0.0,,,5,Clinic,Government/Council,False,False,True
58.0,996.0,Mashonaland Central,Bindura,31.2807502747,-17.06137,0.0,1998.0,Rusununguko,5,0.0,Clinic,0.0,0.0,0.0,0.0,0.0,0.0,0.0,0.0,0.0,0.0,0.0,0.0,0.0,0.0,0.0,0.0,0.0,0.0,0.0,0.0,0.0,0.0,0.0,0.0,0.0,0.0,0.0,0,0.0,,Clinic,5,Clinic,Government/Council,False,False,True
59.0,1002.0,Mashonaland Central,Bindura,31.5655498505,-17.55588,0.0,1998.0,Rutope,5,0.0,Clinic,0.0,0.0,0.0,0.0,0.0,0.0,0.0,0.0,0.0,0.0,0.0,0.0,0.0,0.0,0.0,0.0,0.0,0.0,0.0,0.0,0.0,0.0,0.0,0.0,0.0,0.0,0.0,0,0.0,,Clinic,5,Clinic,Government/Council,False,False,True
60.0,1136.0,Mashonaland Central,Bindura,31.2850799561,-17.33128,0.0,1998.0,Trojan,7,0.0,Mine Clinic,0.0,0.0,0.0,0.0,0.0,0.0,0.0,0.0,0.0,0.0,0.0,0.0,0.0,0.0,0.0,0.0,0.0,0.0,0.0,0.0,0.0,0.0,0.0,0.0,0.0,0.0,0.0,0,0.0,,,7,Mine Clinic,Private,True,False,False
61.0,1399.0,Mashonaland Central,Bindura,31.32885,-17.29495,0.0,2007.0,ZRP,5,1992.0,Clinic Private Clinic,0.0,3.0,1.0,0.0,0.0,0.0,0.0,2.0,0.0,2.0,4029.0,1.0,0.0,1.0,1.0,0.0,1.0,0.0,0.0,1.0,0.0,0.0,1.0,1.0,1.0,0.0,0.0,0,0.0,Visiting Doctor,,5,Clinic Private Clinic,"Excluded - restricted access (prison/police, not public)",False,False,False
62.0,1405.0,Mashonaland Central,Bindura,31.30719,-17.459816,0.0,2007.0,Mupandira,6,2006.0,Rural Health Centre,0.0,0.0,0.0,0.0,0.0,0.0,0.0,0.0,0.0,0.0,0.0,0.0,0.0,0.0,0.0,1.0,0.0,0.0,4.0,0.0,0.0,0.0,0.0,0.0,0.0,1.0,0.0,0,0.0,not yet operational,,6,Rural Health Centre,Government,False,False,True
63.0,1406.0,Mashonaland Central,Bindura,31.33509,-17.30905,0.0,2007.0,Ponai Medical Centre,7,1998.0,Private Hospital,2.0,4.0,7.0,0.0,0.0,0.0,0.0,11.0,1.0,10.0,0.0,0.0,0.0,1.0,1.0,0.0,1.0,0.0,0.0,1.0,0.0,0.0,0.0,0.0,1.0,0.0,0.0,0,0.0,,,7,Private Hospital,Private,True,False,False
64.0,1407.0,Mashonaland Central,Bindura,31.32199,-17.30241,0.0,2007.0,PSMI Shashi,7,2004.0,Private Hospital,2.0,6.0,4.0,0.0,0.0,1.0,1.0,23.0,2.0,21.0,0.0,3.0,0.0,1.0,1.0,0.0,1.0,0.0,0.0,1.0,0.0,0.0,1.0,0.0,1.0,0.0,0.0,0,0.0,,,7,Private Hospital,Private,True,False,False
65.0,1408.0,Mashonaland Central,Bindura,31.3334,-17.30767,0.0,2007.0,Premier Medical Centre,7,2004.0,Clinic,2.0,6.0,4.0,0.0,0.0,0.0,0.0,0.0,0.0,0.0,0.0,0.0,0.0,1.0,1.0,0.0,1.0,0.0,0.0,1.0,0.0,0.0,1.0,0.0,1.0,0.0,0.0,0,0.0,Annex of PSMI Hospital,Clinic,7,Clinic,Private,True,False,False
66.0,1409.0,Mashonaland Central,Bindura,31.33429,-17.31039,0.0,2007.0,ZNFPC,7,1992.0,Family Planning,0.0,3.0,1.0,0.0,0.0,0.0,0.0,0.0,0.0,0.0,0.0,4.0,0.0,1.0,1.0,0.0,1.0,0.0,0.0,1.0,0.0,0.0,0.0,1.0,1.0,0.0,0.0,0,0.0,Visiting Doctor,,7,Family Planning,Private,True,False,False
67.0,1410.0,Mashonaland Central,Bindura,31.33306,-17.32484,0.0,2007.0,Bindura University,7,0.0,Clinic,0.0,2.0,1.0,0.0,0.0,0.0,0.0,1.0,0.0,1.0,0.0,0.0,0.0,1.0,1.0,0.0,1.0,0.0,0.0,1.0,0.0,0.0,0.0,1.0,1.0,0.0,0.0,0,0.0,,Clinic,7,Clinic,Private,True,False,False
68.0,1411.0,Mashonaland Central,Bindura,31.3264,-17.29262,0.0,2007.0,Zimbabwe Prison Services,5,1995.0,Clinic,0.0,6.0,2.0,0.0,1.0,1.0,0.0,0.0,0.0,0.0,1100.0,1.0,0.0,1.0,1.0,0.0,1.0,0.0,0.0,1.0,0.0,0.0,1.0,1.0,1.0,0.0,0.0,0,0.0,,,5,Clinic,Government/Council,False,False,True
69.0,1412.0,Mashonaland Central,Bindura,31.25575,-16.889,0.0,2007.0,Manga,5,2004.0,,0.0,3.0,1.0,0.0,0.0,0.0,0.0,5.0,2.0,3.0,7421.0,0.0,0.0,0.0,1.0,0.0,1.0,0.0,0.0,1.0,1.0,1.0,0.0,1.0,0.0,1.0,0.0,1,0.0,,,5,,Government/Council,False,False,True
70.0,1413.0,Mashonaland Central,Bindura,31.38008,-16.8692,0.0,2007.0,Katanya,6,0.0,Rural Health Centre,0.0,0.0,0.0,0.0,0.0,0.0,0.0,0.0,0.0,0.0,0.0,84.0,0.0,0.0,1.0,0.0,1.0,0.0,0.0,1.0,1.0,1.0,0.0,1.0,1.0,0.0,0.0,1,0.0,,,6,Rural Health Centre,Government,False,False,True
71.0,0.0,Mashonaland Central,Bindura,31.1522,-17.2316,0.0,2013.0,Takunda ,,0.0,Rural Health Centre,0.0,0.0,0.0,2.0,1.0,0.0,0.0,8.0,0.0,0.0,4324.0,26.0,0.0,0.0,0.0,0.0,1.0,0.0,0.0,0.0,0.0,0.0,0.0,0.0,0.0,0.0,0.0,0,0.0,,,,Rural Health Centre,Unspecified,False,False,True
72.0,0.0,Mashonaland Central,Bindura,31.333,-17.3249,0.0,2013.0,Busce ,7,1996.0,Clinic,0.0,3.0,0.0,0.0,0.0,1.0,0.0,4.0,0.0,0.0,6000.0,5.0,0.0,0.0,1.0,0.0,1.0,0.0,0.0,0.0,0.0,0.0,0.0,0.0,0.0,0.0,1.0,0,0.0,,,7,Clinic,Private,True,False,False
73.0,0.0,Mashonaland Central,Bindura,31.4236,-17.4394,0.0,2013.0,Glamorgan,,0.0,Clinic,0.0,0.0,0.0,0.0,0.0,0.0,0.0,0.0,0.0,0.0,0.0,0.0,0.0,0.0,0.0,0.0,0.0,0.0,0.0,0.0,0.0,0.0,0.0,0.0,0.0,0.0,0.0,0,0.0,,,,Clinic,Unspecified,False,False,True
74.0,43.0,Matebeleland North,Binga,27.326669693,-17.63944,0.0,1998.0,Binga,2,0.0,District Hospital,0.0,0.0,0.0,0.0,0.0,0.0,0.0,0.0,0.0,0.0,0.0,0.0,0.0,0.0,0.0,0.0,0.0,0.0,0.0,0.0,0.0,0.0,0.0,0.0,0.0,0.0,0.0,0,0.0,,,2,District Hospital,Government,False,False,True
75.0,153.0,Matebeleland North,Binga,28.0750007629,-17.19472,0.0,1998.0,Chinego,5,0.0,Clinic,0.0,0.0,0.0,0.0,0.0,0.0,0.0,0.0,0.0,0.0,0.0,0.0,0.0,0.0,0.0,0.0,0.0,0.0,0.0,0.0,0.0,0.0,0.0,0.0,0.0,0.0,0.0,0,0.0,,Clinic,5,Clinic,Government/Council,False,False,True
76.0,154.0,Matebeleland North,Binga,28.0750007629,-17.19472,0.0,1998.0,Chinego,5,0.0,Clinic,0.0,0.0,0.0,0.0,0.0,0.0,0.0,0.0,0.0,0.0,0.0,0.0,0.0,0.0,0.0,0.0,0.0,0.0,0.0,0.0,0.0,0.0,0.0,0.0,0.0,0.0,0.0,0,0.0,,Clinic,5,Clinic,Government/Council,False,False,True
77.0,486.0,Matebeleland North,Binga,27.5349998474,-17.96972,0.0,1998.0,Kariangwe,5,0.0,Clinic,0.0,0.0,0.0,0.0,0.0,0.0,0.0,0.0,0.0,0.0,0.0,0.0,0.0,0.0,0.0,0.0,0.0,0.0,0.0,0.0,0.0,0.0,0.0,0.0,0.0,0.0,0.0,0,0.0,,,5,Clinic,Government/Council,False,False,True
78.0,524.0,Matebeleland North,Binga,27.1919403076,-17.94944,0.0,1998.0,Lubimbi,5,0.0,Clinic,0.0,0.0,0.0,0.0,0.0,0.0,0.0,0.0,0.0,0.0,0.0,0.0,0.0,0.0,0.0,0.0,0.0,0.0,0.0,0.0,0.0,0.0,0.0,0.0,0.0,0.0,0.0,0,0.0,,,5,Clinic,Government/Council,False,False,True
79.0,534.0,Matebeleland North,Binga,27.8622207642,-18.06833,0.0,1998.0,Lusulu,6,0.0,Rural Health centre,0.0,0.0,0.0,0.0,0.0,0.0,0.0,0.0,0.0,0.0,0.0,0.0,0.0,0.0,0.0,0.0,0.0,0.0,0.0,0.0,0.0,0.0,0.0,0.0,0.0,0.0,0.0,0,0.0,,,6,Rural Health centre,Government,False,False,True
80.0,723.0,Matebeleland North,Binga,27.6891708374,-17.94778,0.0,1998.0,Muchesu,5,0.0,Clinic,0.0,0.0,0.0,0.0,0.0,0.0,0.0,0.0,0.0,0.0,0.0,0.0,0.0,0.0,0.0,0.0,0.0,0.0,0.0,0.0,0.0,0.0,0.0,0.0,0.0,0.0,0.0,0,0.0,,,5,Clinic,Government/Council,False,False,True
81.0,950.0,Matebeleland North,Binga,27.400560379,-18.20806,0.0,1998.0,Pashu,6,0.0,Rural Health centre,0.0,0.0,0.0,0.0,0.0,0.0,0.0,0.0,0.0,0.0,0.0,0.0,0.0,0.0,0.0,0.0,0.0,0.0,0.0,0.0,0.0,0.0,0.0,0.0,0.0,0.0,0.0,0,0.0,,,6,Rural Health centre,Government,False,False,True
82.0,1058.0,Matebeleland North,Binga,28.0438899994,-17.47472,0.0,1998.0,Siabuwa,5,0.0,Clinic,0.0,0.0,0.0,0.0,0.0,0.0,0.0,0.0,0.0,0.0,0.0,0.0,0.0,0.0,0.0,0.0,0.0,0.0,0.0,0.0,0.0,0.0,0.0,0.0,0.0,0.0,0.0,0,0.0,,,5,Clinic,Government/Council,False,False,True
83.0,1060.0,Matebeleland North,Binga,27.2191696167,-17.98333,0.0,1998.0,Siansundu,6,0.0,Rural Health centre,0.0,0.0,0.0,0.0,0.0,0.0,0.0,0.0,0.0,0.0,0.0,0.0,0.0,0.0,0.0,0.0,0.0,0.0,0.0,0.0,0.0,0.0,0.0,0.0,0.0,0.0,0.0,0,0.0,,,6,Rural Health centre,Government,False,False,True
84.0,1273.0,Matebeleland North,Binga,27.65647,-18.18549,975.0,2007.0,Sikomena,8,2006.0,Council Clinic(Construction),0.0,0.0,0.0,0.0,0.0,0.0,0.0,0.0,0.0,0.0,0.0,0.0,0.0,0.0,0.0,0.0,0.0,0.0,0.0,0.0,0.0,0.0,0.0,0.0,0.0,0.0,0.0,0,0.0,Under construction-wall level,,8,Council Clinic(Construction),Non-operational/Not yet open,False,True,False
85.0,1274.0,Matebeleland North,Binga,27.18206,-18.26125,908.0,2007.0,Tinde,3,1999.0,Rural Health Centre,0.0,0.0,1.0,1.0,1.0,0.0,0.0,11.0,2.0,9.0,4745.0,120.0,1.0,0.0,1.0,0.0,1.0,0.0,0.0,1.0,1.0,0.0,0.0,1.0,1.0,0.0,1.0,1,0.0,Shortage of essential drugs & equipment,,3,Rural Health Centre,Mission/Church,False,False,True
86.0,1285.0,Matebeleland North,Binga,27.60401,-17.69109,616.0,2007.0,Sinakoma,5,2005.0,Council Clinic,0.0,0.0,1.0,0.0,1.0,0.0,0.0,7.0,2.0,5.0,7045.0,55.0,1.0,0.0,1.0,0.0,0.0,0.0,18.0,0.0,1.0,0.0,0.0,1.0,0.0,1.0,1.0,0,0.0,Shortage of professional staff,,5,Council Clinic,Government/Council,False,False,True
87.0,1286.0,Matebeleland North,Binga,27.4338,-17.69461,614.0,2007.0,Siabuwa Turn,5,2006.0,Council Clinic,0.0,0.0,0.0,0.0,0.0,0.0,0.0,0.0,0.0,0.0,0.0,0.0,0.0,0.0,0.0,0.0,0.0,0.0,0.0,0.0,0.0,0.0,0.0,0.0,0.0,0.0,0.0,0,0.0,Not functional,,5,Council Clinic,Government/Council,False,False,True
88.0,1287.0,Matebeleland North,Binga,27.25738,-17.78883,499.0,2007.0,Simatelele,5,2006.0,Clinic,0.0,0.0,1.0,2.0,1.0,0.0,0.0,16.0,2.0,14.0,0.0,40.0,0.0,0.0,0.0,1.0,0.0,0.0,11.0,0.0,1.0,0.0,0.0,0.0,0.0,1.0,0.0,1,0.0,Water Lifting device -Fencing security,Clinic,5,Clinic,Government/Council,False,False,True
89.0,1288.0,Matebeleland North,Binga,27.71811,-18.17046,1022.0,2007.0,Chibila,8,2002.0,Council (Construction),0.0,0.0,0.0,0.0,0.0,0.0,0.0,0.0,0.0,0.0,0.0,0.0,0.0,0.0,0.0,0.0,0.0,0.0,0.0,0.0,0.0,0.0,0.0,0.0,0.0,0.0,0.0,0,0.0,Under construction below roof level,,8,Council (Construction),Non-operational/Not yet open,False,True,False
90.0,0.0,Matebeleland North,Binga,27.4339,-17.6948,0.0,2013.0,Siabuzuba,0,200.0,clinic,0.0,0.0,0.0,0.0,0.0,0.0,0.0,0.0,0.0,0.0,0.0,0.0,0.0,0.0,0.0,0.0,0.0,0.0,0.0,0.0,0.0,0.0,0.0,0.0,0.0,0.0,0.0,0,0.0,,,0,clinic,Unspecified,False,False,True
91.0,0.0,Matebeleland North,Binga,27.8232,-17.5689,0.0,2013.0,Sinasengwe,0,2002.0,Rural Health Centre,0.0,0.0,0.0,0.0,0.0,0.0,0.0,0.0,0.0,0.0,0.0,0.0,0.0,0.0,0.0,0.0,0.0,0.0,0.0,0.0,0.0,0.0,0.0,0.0,0.0,0.0,0.0,0,0.0,,,0,Rural Health Centre,Unspecified,False,False,True
92.0,436.0,Matebeleland North,Bubi,28.8561096191,-19.685,0.0,1998.0,Inyathi,2,0.0,District Hospital,0.0,0.0,0.0,0.0,0.0,0.0,0.0,0.0,0.0,0.0,0.0,0.0,0.0,0.0,0.0,0.0,0.0,0.0,0.0,0.0,0.0,0.0,0.0,0.0,0.0,0.0,0.0,0,0.0,,,2,District Hospital,Government,False,False,True
93.0,440.0,Matebeleland North,Bubi,28.5494403839,-19.46111,0.0,1998.0,Isabella Mine,7,0.0,Mine Clinic,0.0,0.0,0.0,0.0,0.0,0.0,0.0,0.0,0.0,0.0,0.0,0.0,0.0,0.0,0.0,0.0,0.0,0.0,0.0,0.0,0.0,0.0,0.0,0.0,0.0,0.0,0.0,0,0.0,,,7,Mine Clinic,Private,True,False,False
94.0,526.0,Matebeleland North,Bubi,28.4122200012,-19.26389,0.0,1998.0,Lukala,6,0.0,Rural Health Centre,0.0,0.0,0.0,0.0,0.0,0.0,0.0,0.0,0.0,0.0,0.0,0.0,0.0,0.0,0.0,0.0,0.0,0.0,0.0,0.0,0.0,0.0,0.0,0.0,0.0,0.0,0.0,0,0.0,,,6,Rural Health Centre,Government,False,False,True
95.0,671.0,Matebeleland North,Bubi,28.4019393921,-19.33056,0.0,1998.0,Mbembeswana,6,0.0,Rural Health Centre,0.0,0.0,0.0,0.0,0.0,0.0,0.0,0.0,0.0,0.0,0.0,0.0,0.0,0.0,0.0,0.0,0.0,0.0,0.0,0.0,0.0,0.0,0.0,0.0,0.0,0.0,0.0,0,0.0,,,6,Rural Health Centre,Government,False,False,True
96.0,952.0,Matebeleland North,Bubi,28.7525005341,-19.80333,0.0,1998.0,PEHO,,0.0,,0.0,0.0,0.0,0.0,0.0,0.0,0.0,0.0,0.0,0.0,0.0,0.0,0.0,0.0,0.0,0.0,0.0,0.0,0.0,0.0,0.0,0.0,0.0,0.0,0.0,0.0,0.0,0,0.0,,,,,Unspecified,False,False,True
97.0,1061.0,Matebeleland North,Bubi,28.4752807617,-19.33583,0.0,1998.0,Sicanda,6,0.0,Rural Health Centre,0.0,0.0,0.0,0.0,0.0,0.0,0.0,0.0,0.0,0.0,0.0,0.0,0.0,0.0,0.0,0.0,0.0,0.0,0.0,0.0,0.0,0.0,0.0,0.0,0.0,0.0,0.0,0,0.0,,,6,Rural Health Centre,Government,False,False,True
98.0,1147.0,Matebeleland North,Bubi,28.7938899994,-19.71306,0.0,1998.0,Turk Mine,7,0.0,Mine Clinic,0.0,0.0,0.0,0.0,0.0,0.0,0.0,0.0,0.0,0.0,0.0,0.0,0.0,0.0,0.0,0.0,0.0,0.0,0.0,0.0,0.0,0.0,0.0,0.0,0.0,0.0,0.0,0,0.0,,,7,Mine Clinic,Private,True,False,False
99.0,1289.0,Matebeleland North,Bubi,28.63129,-19.47221,1208.0,2007.0,Mdutshane,5,2004.0,Clinic,0.0,1.0,1.0,1.0,0.0,0.0,0.0,1.0,1.0,0.0,5744.0,0.0,0.0,0.0,1.0,0.0,1.0,0.0,0.0,1.0,0.0,0.0,0.0,1.0,1.0,0.0,0.0,1,0.0,1.Need telephone or radio 2. General beds for patient observation 3. Poor water supply system,Clinic,5,Clinic,Government/Council,False,False,True
100.0,0.0,Matebeleland North,Bubi,28.5154,-19.4522,0.0,2013.0,Balanda,0,0.0,Rural Health Centre,0.0,0.0,0.0,0.0,0.0,0.0,0.0,0.0,0.0,0.0,0.0,0.0,0.0,0.0,0.0,0.0,0.0,0.0,0.0,0.0,0.0,0.0,0.0,0.0,0.0,0.0,0.0,0,0.0,,,0,Rural Health Centre,Unspecified,False,False,True
101.0,0.0,Matebeleland North,Bubi,28.3468,-19.3774,0.0,2013.0,Majiji,0,0.0,Clinic,0.0,0.0,0.0,0.0,0.0,0.0,0.0,0.0,0.0,0.0,0.0,0.0,0.0,0.0,0.0,0.0,0.0,0.0,0.0,0.0,0.0,0.0,0.0,0.0,0.0,0.0,0.0,0,0.0,,,0,Clinic,Unspecified,False,False,True
102.0,0.0,Matebeleland North,Bubi,28.6463,-19.8848,0.0,2013.0,Raafs,0,0.0,Rural Health Centre,0.0,0.0,0.0,0.0,0.0,0.0,0.0,0.0,0.0,0.0,0.0,0.0,0.0,0.0,0.0,0.0,0.0,0.0,0.0,0.0,0.0,0.0,0.0,0.0,0.0,0.0,0.0,0,0.0,,,0,Rural Health Centre,Unspecified,False,False,True
103.0,22.0,Manicaland,Buhera,31.7732505798,-19.53564,0.0,1998.0,Bangure,5,0.0,Clinic,0.0,0.0,0.0,0.0,0.0,0.0,0.0,0.0,0.0,0.0,0.0,0.0,0.0,0.0,0.0,0.0,0.0,0.0,0.0,0.0,0.0,0.0,0.0,0.0,0.0,0.0,0.0,0,0.0,,Clinic,5,Clinic,Government/Council,False,False,True
104.0,35.0,Manicaland,Buhera,32.0012207031,-19.37372,0.0,1998.0,Betera,6,0.0,Rural Health Centre,0.0,0.0,0.0,0.0,0.0,0.0,0.0,0.0,0.0,0.0,0.0,0.0,0.0,0.0,0.0,0.0,0.0,0.0,0.0,0.0,0.0,0.0,0.0,0.0,0.0,0.0,0.0,0,0.0,,,6,Rural Health Centre,Government,False,False,True
105.0,45.0,Manicaland,Buhera,32.3385314941,-19.97181,0.0,1998.0,Birchenough,4,0.0,Rural Hospital,0.0,0.0,0.0,0.0,0.0,0.0,0.0,0.0,0.0,0.0,0.0,0.0,0.0,0.0,0.0,0.0,0.0,0.0,0.0,0.0,0.0,0.0,0.0,0.0,0.0,0.0,0.0,0,0.0,,,4,Rural Hospital,Government,False,False,True
106.0,57.0,Manicaland,Buhera,31.4359207153,-19.33897,0.0,1998.0,Buhera,4,0.0,Rural Hospital,0.0,0.0,0.0,0.0,0.0,0.0,0.0,0.0,0.0,0.0,0.0,0.0,0.0,0.0,0.0,0.0,0.0,0.0,0.0,0.0,0.0,0.0,0.0,0.0,0.0,0.0,0.0,0,0.0,,,4,Rural Hospital,Government,False,False,True
107.0,72.0,Manicaland,Buhera,32.1578102112,-19.78603,0.0,1998.0,Chabata,5,0.0,Clinic,0.0,0.0,0.0,0.0,0.0,0.0,0.0,0.0,0.0,0.0,0.0,0.0,0.0,0.0,0.0,0.0,0.0,0.0,0.0,0.0,0.0,0.0,0.0,0.0,0.0,0.0,0.0,0,0.0,,Clinic,5,Clinic,Government/Council,False,False,True
108.0,85.0,Manicaland,Buhera,32.1689414978,-19.68356,0.0,1998.0,Chapanduka,5,0.0,Clinic,0.0,0.0,0.0,0.0,0.0,0.0,0.0,0.0,0.0,0.0,0.0,0.0,0.0,0.0,0.0,0.0,0.0,0.0,0.0,0.0,0.0,0.0,0.0,0.0,0.0,0.0,0.0,0,0.0,,Clinic,5,Clinic,Government/Council,False,False,True
109.0,87.0,Manicaland,Buhera,31.3524398804,-19.17197,0.0,1998.0,Chapwanya,5,0.0,Clinic,0.0,0.0,0.0,0.0,0.0,0.0,0.0,0.0,0.0,0.0,0.0,0.0,0.0,0.0,0.0,0.0,0.0,0.0,0.0,0.0,0.0,0.0,0.0,0.0,0.0,0.0,0.0,0,0.0,,Clinic,5,Clinic,Government/Council,False,False,True
110.0,143.0,Manicaland,Buhera,31.8042201996,-19.47289,0.0,1998.0,Chimbudzi,5,0.0,Clinic,0.0,0.0,0.0,0.0,0.0,0.0,0.0,0.0,0.0,0.0,0.0,0.0,0.0,0.0,0.0,0.0,0.0,0.0,0.0,0.0,0.0,0.0,0.0,0.0,0.0,0.0,0.0,0,0.0,,Clinic,5,Clinic,Government/Council,False,False,True
111.0,191.0,Manicaland,Buhera,32.0009384155,-19.45672,0.0,1998.0,Chirozva,5,0.0,Clinic,0.0,0.0,0.0,0.0,0.0,0.0,0.0,0.0,0.0,0.0,0.0,0.0,0.0,0.0,0.0,0.0,0.0,0.0,0.0,0.0,0.0,0.0,0.0,0.0,0.0,0.0,0.0,0,0.0,,Clinic,5,Clinic,Government/Council,False,False,True
112.0,232.0,Manicaland,Buhera,31.9894199371,-19.23839,0.0,1998.0,Chiwenga,5,0.0,Clinic,0.0,0.0,0.0,0.0,0.0,0.0,0.0,0.0,0.0,0.0,0.0,0.0,0.0,0.0,0.0,0.0,0.0,0.0,0.0,0.0,0.0,0.0,0.0,0.0,0.0,0.0,0.0,0,0.0,,Clinic,5,Clinic,Government/Council,False,False,True
113.0,234.0,Manicaland,Buhera,31.8845596313,-19.22269,0.0,1998.0,Chiweshe,5,0.0,Clinic,0.0,0.0,0.0,0.0,0.0,0.0,0.0,0.0,0.0,0.0,0.0,0.0,0.0,0.0,0.0,0.0,0.0,0.0,0.0,0.0,0.0,0.0,0.0,0.0,0.0,0.0,0.0,0,0.0,,Clinic,5,Clinic,Government/Council,False,False,True
114.0,295.0,Manicaland,Buhera,31.7682209015,-19.05431,0.0,1998.0,Dorowa,5,0.0,Clinic,0.0,0.0,0.0,0.0,0.0,0.0,0.0,0.0,0.0,0.0,0.0,0.0,0.0,0.0,0.0,0.0,0.0,0.0,0.0,0.0,0.0,0.0,0.0,0.0,0.0,0.0,0.0,0,0.0,,,5,Clinic,Government/Council,False,False,True
115.0,334.0,Manicaland,Buhera,31.4021892548,-19.20661,0.0,1998.0,Garamwera,5,0.0,Clinic,0.0,0.0,0.0,0.0,0.0,0.0,0.0,0.0,0.0,0.0,0.0,0.0,0.0,0.0,0.0,0.0,0.0,0.0,0.0,0.0,0.0,0.0,0.0,0.0,0.0,0.0,0.0,0,0.0,,,5,Clinic,Government/Council,False,False,True
116.0,348.0,Manicaland,Buhera,31.5333595276,-19.23786,0.0,1998.0,Gombe,5,0.0,Clinic,0.0,0.0,0.0,0.0,0.0,0.0,0.0,0.0,0.0,0.0,0.0,0.0,0.0,0.0,0.0,0.0,0.0,0.0,0.0,0.0,0.0,0.0,0.0,0.0,0.0,0.0,0.0,0,0.0,,,5,Clinic,Government/Council,False,False,True
117.0,373.0,Manicaland,Buhera,32.3069992065,-19.87439,0.0,1998.0,Gunura,5,0.0,Clinic,0.0,0.0,0.0,0.0,0.0,0.0,0.0,0.0,0.0,0.0,0.0,0.0,0.0,0.0,0.0,0.0,0.0,0.0,0.0,0.0,0.0,0.0,0.0,0.0,0.0,0.0,0.0,0,0.0,,,5,Clinic,Government/Council,False,False,True
118.0,551.0,Manicaland,Buhera,31.6563091278,-19.43503,0.0,1998.0,Madzimbashuro,6,0.0,Rural Health Centre,0.0,0.0,0.0,0.0,0.0,0.0,0.0,0.0,0.0,0.0,0.0,0.0,0.0,0.0,0.0,0.0,0.0,0.0,0.0,0.0,0.0,0.0,0.0,0.0,0.0,0.0,0.0,0,0.0,,,6,Rural Health Centre,Government,False,False,True
119.0,1160.0,Manicaland,Buhera,31.756280899,-19.40594,0.0,1998.0,Viriri,5,0.0,Clinic,0.0,0.0,0.0,0.0,0.0,0.0,0.0,0.0,0.0,0.0,0.0,0.0,0.0,0.0,0.0,0.0,0.0,0.0,0.0,0.0,0.0,0.0,0.0,0.0,0.0,0.0,0.0,0,0.0,,,5,Clinic,Government/Council,False,False,True
120.0,1180.0,Manicaland,Buhera,32.1195793152,-19.56878,0.0,1998.0,Zangama,6,0.0,Rural Health Centre,0.0,0.0,0.0,0.0,0.0,0.0,0.0,0.0,0.0,0.0,0.0,0.0,0.0,0.0,0.0,0.0,0.0,0.0,0.0,0.0,0.0,0.0,0.0,0.0,0.0,0.0,0.0,0,0.0,,,6,Rural Health Centre,Government,False,False,True
121.0,696.0,Manicaland,Buhera,31.6037807465,-19.20428,0.0,1998.0,Mombeyarara,6,0.0,Rural Health Centre,0.0,0.0,0.0,0.0,0.0,0.0,0.0,0.0,0.0,0.0,0.0,0.0,0.0,0.0,0.0,0.0,0.0,0.0,0.0,0.0,0.0,0.0,0.0,0.0,0.0,0.0,0.0,0,0.0,,,6,Rural Health Centre,Government,False,False,True
122.0,725.0,Manicaland,Buhera,31.7175598145,-19.39111,0.0,1998.0,Mudanda,5,0.0,Clinic,0.0,0.0,0.0,0.0,0.0,0.0,0.0,0.0,0.0,0.0,0.0,0.0,0.0,0.0,0.0,0.0,0.0,0.0,0.0,0.0,0.0,0.0,0.0,0.0,0.0,0.0,0.0,0,0.0,,,5,Clinic,Government/Council,False,False,True
123.0,747.0,Manicaland,Buhera,31.7346096039,-19.15669,0.0,1998.0,Munyanyi,5,0.0,Clinic,0.0,0.0,0.0,0.0,0.0,0.0,0.0,0.0,0.0,0.0,0.0,0.0,0.0,0.0,0.0,0.0,0.0,0.0,0.0,0.0,0.0,0.0,0.0,0.0,0.0,0.0,0.0,0,0.0,,,5,Clinic,Government/Council,False,False,True
124.0,756.0,Manicaland,Buhera,31.6555595398,-19.26678,0.0,1998.0,Murambinda,2,0.0,District Hospital,0.0,0.0,0.0,0.0,0.0,0.0,0.0,0.0,0.0,0.0,0.0,0.0,0.0,0.0,0.0,0.0,0.0,0.0,0.0,0.0,0.0,0.0,0.0,0.0,0.0,0.0,0.0,0,0.0,,,2,District Hospital,Government,False,False,True
125.0,768.0,Manicaland,Buhera,31.833530426,-19.53361,0.0,1998.0,Murwira,6,0.0,Rural Health Centre,0.0,0.0,0.0,0.0,0.0,0.0,0.0,0.0,0.0,0.0,0.0,0.0,0.0,0.0,0.0,0.0,0.0,0.0,0.0,0.0,0.0,0.0,0.0,0.0,0.0,0.0,0.0,0,0.0,,,6,Rural Health Centre,Government,False,False,True
126.0,794.0,Manicaland,Buhera,31.9686908722,-19.76764,0.0,1998.0,Mutepfe,5,0.0,Clinic,0.0,0.0,0.0,0.0,0.0,0.0,0.0,0.0,0.0,0.0,0.0,0.0,0.0,0.0,0.0,0.0,0.0,0.0,0.0,0.0,0.0,0.0,0.0,0.0,0.0,0.0,0.0,0,0.0,,,5,Clinic,Government/Council,False,False,True
127.0,797.0,Manicaland,Buhera,32.0673103333,-19.72489,0.0,1998.0,Mutiusinazita,5,0.0,Clinic,0.0,0.0,0.0,0.0,0.0,0.0,0.0,0.0,0.0,0.0,0.0,0.0,0.0,0.0,0.0,0.0,0.0,0.0,0.0,0.0,0.0,0.0,0.0,0.0,0.0,0.0,0.0,0,0.0,,,5,Clinic,Government/Council,False,False,True
128.0,806.0,Manicaland,Buhera,31.9716701508,-19.58381,0.0,1998.0,Muzokomba,5,0.0,Clinic,0.0,0.0,0.0,0.0,0.0,0.0,0.0,0.0,0.0,0.0,0.0,0.0,0.0,0.0,0.0,0.0,0.0,0.0,0.0,0.0,0.0,0.0,0.0,0.0,0.0,0.0,0.0,0,0.0,,,5,Clinic,Government/Council,False,False,True
129.0,834.0,Manicaland,Buhera,31.3503894806,-19.28703,0.0,1998.0,Nerutanga,5,0.0,Clinic,0.0,0.0,0.0,0.0,0.0,0.0,0.0,0.0,0.0,0.0,0.0,0.0,0.0,0.0,0.0,0.0,0.0,0.0,0.0,0.0,0.0,0.0,0.0,0.0,0.0,0.0,0.0,0,0.0,,,5,Clinic,Government/Council,False,False,True
130.0,922.0,Manicaland,Buhera,31.5382804871,-19.28339,0.0,1998.0,Nyashanu,5,0.0,Clinic,0.0,0.0,0.0,0.0,0.0,0.0,0.0,0.0,0.0,0.0,0.0,0.0,0.0,0.0,0.0,0.0,0.0,0.0,0.0,0.0,0.0,0.0,0.0,0.0,0.0,0.0,0.0,0,0.0,,,5,Clinic,Government/Council,False,False,True
131.0,966.0,Manicaland,Buhera,31.654499054,-19.13994,0.0,1998.0,Rambanapasi,5,0.0,Clinic,0.0,0.0,0.0,0.0,0.0,0.0,0.0,0.0,0.0,0.0,0.0,0.0,0.0,0.0,0.0,0.0,0.0,0.0,0.0,0.0,0.0,0.0,0.0,0.0,0.0,0.0,0.0,0,0.0,,Clinic,5,Clinic,Government/Council,False,False,True
132.0,1427.0,Manicaland,Buhera,32.09959,-19.47415,0.0,2007.0,Mudawose,5,2002.0,Clinic,0.0,1.0,1.0,0.0,0.0,0.0,0.0,0.0,0.0,0.0,9617.0,85.0,0.0,0.0,0.0,1.0,0.0,1.0,0.0,0.0,1.0,1.0,0.0,1.0,0.0,1.0,1.0,1,0.0,,,5,Clinic,Government/Council,False,False,True
133.0,1429.0,Manicaland,Buhera,31.7377,-19.05373,0.0,2007.0,Berenyazvidzi,5,2006.0,Clinic,0.0,0.0,0.0,0.0,0.0,0.0,0.0,0.0,0.0,0.0,0.0,0.0,0.0,0.0,0.0,0.0,0.0,0.0,0.0,0.0,0.0,0.0,0.0,0.0,0.0,0.0,0.0,0,0.0,Under construction,Clinic,5,Clinic,Government/Council,False,False,True
134.0,1430.0,Manicaland,Buhera,31.5992,-19.13214,0.0,2007.0,Chawatama,6,2006.0,Rural Health Centre,0.0,0.0,0.0,0.0,0.0,0.0,0.0,0.0,0.0,0.0,0.0,0.0,0.0,0.0,0.0,0.0,0.0,0.0,0.0,0.0,0.0,0.0,0.0,0.0,0.0,0.0,0.0,0,0.0,Under construction,,6,Rural Health Centre,Government,False,False,True
135.0,1431.0,Manicaland,Buhera,31.87122,-19.28324,0.0,2007.0,Nyashanu,3,1934.0,Rural Hosp,0.0,2.0,3.0,0.0,0.0,0.0,0.0,34.0,4.0,30.0,6282.0,50.0,1.0,1.0,1.0,0.0,1.0,0.0,0.0,1.0,1.0,1.0,0.0,1.0,0.0,1.0,1.0,1,0.0,,,3,Rural Hosp,Mission/Church,False,False,True
136.0,1437.0,Manicaland,Buhera,31.70484,-19.49465,0.0,2007.0,Ndyarima,5,2006.0,Clinic,0.0,0.0,0.0,0.0,0.0,0.0,0.0,0.0,0.0,0.0,0.0,0.0,0.0,0.0,0.0,0.0,0.0,0.0,0.0,0.0,0.0,0.0,0.0,0.0,0.0,0.0,0.0,0,0.0,Under Construction,Clinic,5,Clinic,Government/Council,False,False,True
137.0,1438.0,Manicaland,Buhera,31.2485,-19.24951,0.0,2007.0,Maburutse,5,2006.0,Clinic,0.0,0.0,0.0,0.0,0.0,0.0,0.0,0.0,0.0,0.0,0.0,0.0,0.0,0.0,0.0,0.0,0.0,0.0,0.0,0.0,0.0,0.0,0.0,0.0,0.0,0.0,0.0,0,0.0,Under Construction,Clinic,5,Clinic,Government/Council,False,False,True
138.0,0.0,Manicaland,Bulilima,27.5874,-20.0,0.0,2013.0,Lady Stanley,0,0.0,Mission Hospital,0.0,0.0,0.0,0.0,0.0,0.0,0.0,0.0,0.0,0.0,0.0,0.0,0.0,0.0,0.0,0.0,0.0,0.0,0.0,0.0,0.0,0.0,0.0,0.0,0.0,0.0,0.0,0,0.0,,,0,Mission Hospital,Unspecified,False,False,True
139.0,0.0,Manicaland,Bulilima,27.3283,-19.94806,0.0,2013.0,Lady Barring,0,0.0,Mission Hospital,0.0,0.0,0.0,0.0,0.0,0.0,0.0,0.0,0.0,0.0,0.0,0.0,0.0,0.0,0.0,0.0,0.0,0.0,0.0,0.0,0.0,0.0,0.0,0.0,0.0,0.0,0.0,0,0.0,,,0,Mission Hospital,Unspecified,False,False,True
140.0,56.0,Matebeleland South,Bulilimamangwe,28.0330600739,-21.16944,0.0,1998.0,Brunapeg,3,0.0,Mission Hospital,0.0,0.0,0.0,0.0,0.0,0.0,0.0,0.0,0.0,0.0,0.0,0.0,0.0,0.0,0.0,0.0,0.0,0.0,0.0,0.0,0.0,0.0,0.0,0.0,0.0,0.0,0.0,0,0.0,,,3,Mission Hospital,Mission/Church,False,False,True
141.0,281.0,Matebeleland South,Bulilimamangwe,27.808889389,-20.5025,0.0,1998.0,Dingumuzi,5,0.0,Clinic,0.0,0.0,0.0,0.0,0.0,0.0,0.0,0.0,0.0,0.0,0.0,0.0,0.0,0.0,0.0,0.0,0.0,0.0,0.0,0.0,0.0,0.0,0.0,0.0,0.0,0.0,0.0,0,0.0,,,5,Clinic,Government/Council,False,False,True
142.0,285.0,Matebeleland South,Bulilimamangwe,27.6222190857,-20.40417,0.0,1998.0,Dombodema,5,0.0,Clinic,0.0,0.0,0.0,0.0,0.0,0.0,0.0,0.0,0.0,0.0,0.0,0.0,0.0,0.0,0.0,0.0,0.0,0.0,0.0,0.0,0.0,0.0,0.0,0.0,0.0,0.0,0.0,0,0.0,,,5,Clinic,Government/Council,False,False,True
143.0,308.0,Matebeleland South,Bulilimamangwe,27.8211097717,-20.77917,0.0,1998.0,Embakwe,3,0.0,Mission Hospital,0.0,0.0,0.0,0.0,0.0,0.0,0.0,0.0,0.0,0.0,0.0,0.0,0.0,0.0,0.0,0.0,0.0,0.0,0.0,0.0,0.0,0.0,0.0,0.0,0.0,0.0,0.0,0,0.0,,,3,Mission Hospital,Mission/Church,False,False,True
144.0,310.0,Matebeleland South,Bulilimamangwe,27.9027805328,-20.70778,0.0,1998.0,Empandeni,5,0.0,Clinic,0.0,0.0,0.0,0.0,0.0,0.0,0.0,0.0,0.0,0.0,0.0,0.0,0.0,0.0,0.0,0.0,0.0,0.0,0.0,0.0,0.0,0.0,0.0,0.0,0.0,0.0,0.0,0,0.0,,,5,Clinic,Government/Council,False,False,True
145.0,408.0,Matebeleland South,Bulilimamangwe,27.3016700745,-20.145,0.0,1998.0,Hingwe,5,0.0,Clinic,0.0,0.0,0.0,0.0,0.0,0.0,0.0,0.0,0.0,0.0,0.0,0.0,0.0,0.0,0.0,0.0,0.0,0.0,0.0,0.0,0.0,0.0,0.0,0.0,0.0,0.0,0.0,0,0.0,,,5,Clinic,Government/Council,False,False,True
146.0,425.0,Matebeleland South,Bulilimamangwe,27.4655609131,-19.89528,0.0,1998.0,Huwana,5,0.0,Clinic,0.0,0.0,0.0,0.0,0.0,0.0,0.0,0.0,0.0,0.0,0.0,0.0,0.0,0.0,0.0,0.0,0.0,0.0,0.0,0.0,0.0,0.0,0.0,0.0,0.0,0.0,0.0,0,0.0,,,5,Clinic,Government/Council,False,False,True
147.0,433.0,Matebeleland South,Bulilimamangwe,27.8708305359,-21.11917,0.0,1998.0,Ingwizi,5,0.0,Clinic,0.0,0.0,0.0,0.0,0.0,0.0,0.0,0.0,0.0,0.0,0.0,0.0,0.0,0.0,0.0,0.0,0.0,0.0,0.0,0.0,0.0,0.0,0.0,0.0,0.0,0.0,0.0,0,0.0,,,5,Clinic,Government/Council,False,False,True
148.0,543.0,Matebeleland South,Bulilimamangwe,27.7533302307,-20.81444,0.0,1998.0,Madabe,5,0.0,Clinic,0.0,0.0,0.0,0.0,0.0,0.0,0.0,0.0,0.0,0.0,0.0,0.0,0.0,0.0,0.0,0.0,0.0,0.0,0.0,0.0,0.0,0.0,0.0,0.0,0.0,0.0,0.0,0,0.0,,,5,Clinic,Government/Council,False,False,True
149.0,549.0,Matebeleland South,Bulilimamangwe,27.4433307648,-20.15111,0.0,1998.0,Madlambuzi,5,0.0,Clinic,0.0,0.0,0.0,0.0,0.0,0.0,0.0,0.0,0.0,0.0,0.0,0.0,0.0,0.0,0.0,0.0,0.0,0.0,0.0,0.0,0.0,0.0,0.0,0.0,0.0,0.0,0.0,0,0.0,,,5,Clinic,Government/Council,False,False,True
150.0,575.0,Matebeleland South,Bulilimamangwe,27.2686100006,-19.90611,0.0,1998.0,Makhuleka,5,0.0,Clinic,0.0,0.0,0.0,0.0,0.0,0.0,0.0,0.0,0.0,0.0,0.0,0.0,0.0,0.0,0.0,0.0,0.0,0.0,0.0,0.0,0.0,0.0,0.0,0.0,0.0,0.0,0.0,0,0.0,,,5,Clinic,Government/Council,False,False,True
151.0,585.0,Matebeleland South,Bulilimamangwe,28.2847194672,-21.47833,0.0,1998.0,Mambale,5,0.0,Clinic,0.0,0.0,0.0,0.0,0.0,0.0,0.0,0.0,0.0,0.0,0.0,0.0,0.0,0.0,0.0,0.0,0.0,0.0,0.0,0.0,0.0,0.0,0.0,0.0,0.0,0.0,0.0,0,0.0,,,5,Clinic,Government/Council,False,False,True
152.0,611.0,Matebeleland South,Bulilimamangwe,28.0936107635,-20.4725,0.0,1998.0,Marula,5,0.0,Clinic,0.0,0.0,0.0,0.0,0.0,0.0,0.0,0.0,0.0,0.0,0.0,0.0,0.0,0.0,0.0,0.0,0.0,0.0,0.0,0.0,0.0,0.0,0.0,0.0,0.0,0.0,0.0,0,0.0,,,5,Clinic,Government/Council,False,False,True
153.0,646.0,Matebeleland South,Bulilimamangwe,27.7191696167,-20.21028,0.0,1998.0,Matshinge,6,0.0,Rural Health Centre,0.0,0.0,0.0,0.0,0.0,0.0,0.0,0.0,0.0,0.0,0.0,0.0,0.0,0.0,0.0,0.0,0.0,0.0,0.0,0.0,0.0,0.0,0.0,0.0,0.0,0.0,0.0,0,0.0,,,6,Rural Health Centre,Government,False,False,True
154.0,660.0,Matebeleland South,Bulilimamangwe,28.15155,-21.3633,0.0,1998.0,Mayobodo,6,0.0,Rural Health Centre,0.0,0.0,0.0,0.0,0.0,0.0,0.0,0.0,0.0,0.0,0.0,0.0,0.0,0.0,0.0,0.0,0.0,0.0,0.0,0.0,0.0,0.0,0.0,0.0,0.0,0.0,0.0,0,0.0,,,6,Rural Health Centre,Government,False,False,True
155.0,821.0,Matebeleland South,Bulilimamangwe,27.7508296967,-20.36611,0.0,1998.0,Ndiweni,5,0.0,Clinic,0.0,0.0,0.0,0.0,0.0,0.0,0.0,0.0,0.0,0.0,0.0,0.0,0.0,0.0,0.0,0.0,0.0,0.0,0.0,0.0,0.0,0.0,0.0,0.0,0.0,0.0,0.0,0,0.0,,,5,Clinic,Government/Council,False,False,True
156.0,823.0,Matebeleland South,Bulilimamangwe,27.3283290863,-19.94806,0.0,1998.0,Ndolwane,6,0.0,Rural Health Centre,0.0,0.0,0.0,0.0,0.0,0.0,0.0,0.0,0.0,0.0,0.0,0.0,0.0,0.0,0.0,0.0,0.0,0.0,0.0,0.0,0.0,0.0,0.0,0.0,0.0,0.0,0.0,0,0.0,,,6,Rural Health Centre,Government,False,False,True
157.0,865.0,Matebeleland South,Bulilimamangwe,27.3525009155,-20.39194,0.0,1998.0,Nswazwi,6,0.0,Rural Health Centre,0.0,0.0,0.0,0.0,0.0,0.0,0.0,0.0,0.0,0.0,0.0,0.0,0.0,0.0,0.0,0.0,0.0,0.0,0.0,0.0,0.0,0.0,0.0,0.0,0.0,0.0,0.0,0,0.0,,,6,Rural Health Centre,Government,False,False,True
158.0,870.0,Matebeleland South,Bulilimamangwe,27.5874996185,-20.0,0.0,1998.0,Ntoli,6,0.0,Rural Health Centre,0.0,0.0,0.0,0.0,0.0,0.0,0.0,0.0,0.0,0.0,0.0,0.0,0.0,0.0,0.0,0.0,0.0,0.0,0.0,0.0,0.0,0.0,0.0,0.0,0.0,0.0,0.0,0,0.0,,,6,Rural Health Centre,Government,False,False,True
159.0,956.0,Matebeleland South,Bulilimamangwe,27.808889389,-20.49667,0.0,1998.0,Plumtree,2,0.0,District Hospital,0.0,0.0,0.0,0.0,0.0,0.0,0.0,0.0,0.0,0.0,0.0,0.0,0.0,0.0,0.0,0.0,0.0,0.0,0.0,0.0,0.0,0.0,0.0,0.0,0.0,0.0,0.0,0,0.0,,,2,District Hospital,Government,False,False,True
160.0,1064.0,Matebeleland South,Bulilimamangwe,27.8991699219,-20.35278,0.0,1998.0,Sikhatini,5,0.0,Clinic,0.0,0.0,0.0,0.0,0.0,0.0,0.0,0.0,0.0,0.0,0.0,0.0,0.0,0.0,0.0,0.0,0.0,0.0,0.0,0.0,0.0,0.0,0.0,0.0,0.0,0.0,0.0,0,0.0,,,5,Clinic,Government/Council,False,False,True
161.0,1080.0,Matebeleland South,Bulilimamangwe,28.1602802277,-20.19278,0.0,1998.0,Solusi,5,0.0,Clinic,0.0,0.0,0.0,0.0,0.0,0.0,0.0,0.0,0.0,0.0,0.0,0.0,0.0,0.0,0.0,0.0,0.0,0.0,0.0,0.0,0.0,0.0,0.0,0.0,0.0,0.0,0.0,0,0.0,,,5,Clinic,Government/Council,False,False,True
162.0,1140.0,Matebeleland South,Bulilimamangwe,27.7480602264,-21.00333,0.0,1998.0,Tshitshi,5,0.0,Clinic,0.0,0.0,0.0,0.0,0.0,0.0,0.0,0.0,0.0,0.0,0.0,0.0,0.0,0.0,0.0,0.0,0.0,0.0,0.0,0.0,0.0,0.0,0.0,0.0,0.0,0.0,0.0,0,0.0,,,5,Clinic,Government/Council,False,False,True
163.0,1159.0,Matebeleland South,Bulilimamangwe,27.5238895416,-20.39056,0.0,1998.0,Village 13,6,0.0,Rural Health Centre,0.0,0.0,0.0,0.0,0.0,0.0,0.0,0.0,0.0,0.0,0.0,0.0,0.0,0.0,0.0,0.0,0.0,0.0,0.0,0.0,0.0,0.0,0.0,0.0,0.0,0.0,0.0,0,0.0,,,6,Rural Health Centre,Government,False,False,True
164.0,1248.0,Matebeleland South,Bulilimamangwe North,28.13474,-21.25769,940.0,2007.0,Bango,5,2001.0,Clinic,0.0,0.0,0.0,0.0,0.0,0.0,0.0,0.0,0.0,0.0,0.0,0.0,0.0,0.0,0.0,0.0,1.0,0.0,0.0,0.0,1.0,0.0,0.0,1.0,0.0,1.0,0.0,0,0.0,Not open due to lack of water,,5,Clinic,Government/Council,False,False,True
165.0,1271.0,Matebeleland South,Bulilimamangwe North,27.53517,-20.13567,1181.0,2007.0,Masendu,5,2000.0,Clinic,0.0,0.0,0.0,0.0,0.0,0.0,0.0,0.0,0.0,0.0,0.0,83.0,0.0,0.0,0.0,0.0,0.0,0.0,0.0,0.0,0.0,0.0,0.0,0.0,0.0,0.0,0.0,0,0.0,Clinic built by community not yet open but complete,,5,Clinic,Government/Council,False,False,True
166.0,1272.0,Matebeleland South,Bulilimamangwe North,27.87091,-20.23436,1286.0,2007.0,Bezu,5,0.0,Clinic,0.0,0.0,0.0,0.0,0.0,0.0,0.0,0.0,0.0,0.0,0.0,80.0,0.0,0.0,0.0,0.0,0.0,0.0,0.0,0.0,1.0,0.0,0.0,1.0,0.0,1.0,0.0,0,0.0,Clinic complete but not yet opened,,5,Clinic,Government/Council,False,False,True
167.0,1258.0,Matebeleland South,Bulilimamangwe South,28.00213,-21.10654,980.0,2007.0,SANZUKWI,5,2005.0,Clinic,0.0,1.0,1.0,1.0,0.0,0.0,0.0,12.0,5.0,7.0,6966.0,8.0,0.0,0.0,1.0,0.0,0.0,1.0,8.0,1.0,1.0,1.0,0.0,1.0,0.0,1.0,0.0,0,0.0,No fuel to provide power for the generator and there is no piped water at present,,5,Clinic,Government/Council,False,False,True
168.0,74.0,Mashonaland Central,Centenary,31.2021694183,-16.167,0.0,1998.0,Chadereka,5,0.0,Clinic,0.0,0.0,0.0,0.0,0.0,0.0,0.0,0.0,0.0,0.0,0.0,0.0,0.0,0.0,0.0,0.0,0.0,0.0,0.0,0.0,0.0,0.0,0.0,0.0,0.0,0.0,0.0,0,0.0,,Clinic,5,Clinic,Government/Council,False,False,True
169.0,97.0,Mashonaland Central,Centenary,31.1101703644,-16.5185,0.0,1998.0,Chawarura,5,0.0,Clinic,0.0,0.0,0.0,0.0,0.0,0.0,0.0,0.0,0.0,0.0,0.0,0.0,0.0,0.0,0.0,0.0,0.0,0.0,0.0,0.0,0.0,0.0,0.0,0.0,0.0,0.0,0.0,0,0.0,,Clinic,5,Clinic,Government/Council,False,False,True
170.0,263.0,Mashonaland Central,Centenary,31.1166706085,-16.7295,0.0,1998.0,David Nelson,5,0.0,Clinic,0.0,0.0,0.0,0.0,0.0,0.0,0.0,0.0,0.0,0.0,0.0,0.0,0.0,0.0,0.0,0.0,0.0,0.0,0.0,0.0,0.0,0.0,0.0,0.0,0.0,0.0,0.0,0,0.0,,,5,Clinic,Government/Council,False,False,True
171.0,418.0,Mashonaland Central,Centenary,31.3026695251,-16.357,0.0,1998.0,Hoya,5,0.0,Clinic,0.0,0.0,0.0,0.0,0.0,0.0,0.0,0.0,0.0,0.0,0.0,0.0,0.0,0.0,0.0,0.0,0.0,0.0,0.0,0.0,0.0,0.0,0.0,0.0,0.0,0.0,0.0,0,0.0,,,5,Clinic,Government/Council,False,False,True
172.0,426.0,Mashonaland Central,Centenary,30.9599990845,-16.32367,0.0,1998.0,Hwata,5,0.0,Clinic,0.0,0.0,0.0,0.0,0.0,0.0,0.0,0.0,0.0,0.0,0.0,0.0,0.0,0.0,0.0,0.0,0.0,0.0,0.0,0.0,0.0,0.0,0.0,0.0,0.0,0.0,0.0,0,0.0,,,5,Clinic,Government/Council,False,False,True
173.0,541.0,Mashonaland Central,Centenary,31.1620006561,-16.35067,0.0,1998.0,Machaya,5,0.0,Clinic,0.0,0.0,0.0,0.0,0.0,0.0,0.0,0.0,0.0,0.0,0.0,0.0,0.0,0.0,0.0,0.0,0.0,0.0,0.0,0.0,0.0,0.0,0.0,0.0,0.0,0.0,0.0,0,0.0,,,5,Clinic,Government/Council,False,False,True
174.0,805.0,Mashonaland Central,Centenary,30.8924999237,-16.3925,0.0,1998.0,Muzarabani,5,0.0,Clinic,0.0,0.0,0.0,0.0,0.0,0.0,0.0,0.0,0.0,0.0,0.0,0.0,0.0,0.0,0.0,0.0,0.0,0.0,0.0,0.0,0.0,0.0,0.0,0.0,0.0,0.0,0.0,0,0.0,,,5,Clinic,Government/Council,False,False,True
175.0,1084.0,Mashonaland Central,Centenary,31.2666702271,-16.57083,0.0,1998.0,St Alberts,3,0.0,Mission Hospital,0.0,0.0,0.0,0.0,0.0,0.0,0.0,0.0,0.0,0.0,0.0,0.0,0.0,0.0,0.0,0.0,0.0,0.0,0.0,0.0,0.0,0.0,0.0,0.0,0.0,0.0,0.0,0,0.0,,,3,Mission Hospital,Mission/Church,False,False,True
176.0,1395.0,Mashonaland Central,Centenary,31.20588,-16.58268,0.0,2007.0,Chinyani,5,2006.0,Clinic,0.0,1.0,1.0,0.0,0.0,0.0,0.0,4.0,0.0,4.0,0.0,25.0,0.0,0.0,1.0,1.0,1.0,0.0,0.0,1.0,1.0,1.0,0.0,1.0,1.0,0.0,0.0,0,0.0,,Clinic,5,Clinic,Government/Council,False,False,True
177.0,1396.0,Mashonaland Central,Centenary,31.08856,-16.14613,0.0,2007.0,Dambakurima,6,2005.0,Rural Health Centre,0.0,2.0,1.0,0.0,0.0,0.0,0.0,8.0,4.0,4.0,10184.0,93.0,0.0,0.0,1.0,0.0,1.0,0.0,0.0,1.0,1.0,1.0,0.0,1.0,0.0,1.0,0.0,1,0.0,,,6,Rural Health Centre,Government,False,False,True
178.0,1394.0,Mashonaland Central,Centenary,30.96166,-16.80012,0.0,2007.0,Chidikamwedzi,5,2006.0,Clinic,0.0,1.0,1.0,0.0,0.0,0.0,0.0,0.0,0.0,0.0,0.0,40.0,0.0,0.0,1.0,1.0,1.0,0.0,0.0,1.0,1.0,1.0,0.0,1.0,1.0,0.0,0.0,0,0.0,,,5,Clinic,Government/Council,False,False,True
179.0,0.0,Mashonaland Central,Centenary,31.0023,-16.6736,0.0,2013.0,Always ,,2010.0,Clinic,0.0,0.0,2.0,1.0,0.0,0.0,0.0,12.0,0.0,0.0,5548.0,40.0,0.0,0.0,1.0,0.0,1.0,0.0,0.0,1.0,1.0,0.0,0.0,1.0,0.0,1.0,0.0,1,0.0,,,,Clinic,Unspecified,False,False,True
180.0,38.0,Mashonaland West,Chegutu,30.4341697693,-18.03611,0.0,1998.0,BHP,7,0.0,Private Clinic,0.0,0.0,0.0,0.0,0.0,0.0,0.0,0.0,0.0,0.0,0.0,0.0,0.0,0.0,0.0,0.0,0.0,0.0,0.0,0.0,0.0,0.0,0.0,0.0,0.0,0.0,0.0,0,0.0,,,7,Private Clinic,Private,True,False,False
181.0,101.0,Mashonaland West,Chegutu,30.1494407654,-18.12861,0.0,1998.0,Chegutu,2,0.0,District Hospital,0.0,0.0,0.0,0.0,0.0,0.0,0.0,0.0,0.0,0.0,0.0,0.0,0.0,0.0,0.0,0.0,0.0,0.0,0.0,0.0,0.0,0.0,0.0,0.0,0.0,0.0,0.0,0,0.0,,,2,District Hospital,Government,False,False,True
182.0,103.0,Mashonaland West,Chegutu,30.1455593109,-18.13611,0.0,1998.0,Chegutu DC,5,0.0,Council Clinic,0.0,0.0,0.0,0.0,0.0,0.0,0.0,0.0,0.0,0.0,0.0,0.0,0.0,0.0,0.0,0.0,0.0,0.0,0.0,0.0,0.0,0.0,0.0,0.0,0.0,0.0,0.0,0,0.0,,,5,Council Clinic,Government/Council,False,False,True
183.0,104.0,Mashonaland West,Chegutu,30.1419391632,-18.12083,0.0,1998.0,Chegutu Urban,5,0.0,Municipality-clinic,0.0,0.0,0.0,0.0,0.0,0.0,0.0,0.0,0.0,0.0,0.0,0.0,0.0,0.0,0.0,0.0,0.0,0.0,0.0,0.0,0.0,0.0,0.0,0.0,0.0,0.0,0.0,0,0.0,,,5,Municipality-clinic,Government/Council,False,False,True
184.0,110.0,Mashonaland West,Chegutu,30.6613903046,-18.09583,0.0,1998.0,Chibero,5,0.0,Clinic,0.0,0.0,0.0,0.0,0.0,0.0,0.0,0.0,0.0,0.0,0.0,0.0,0.0,0.0,0.0,0.0,0.0,0.0,0.0,0.0,0.0,0.0,0.0,0.0,0.0,0.0,0.0,0,0.0,,Clinic,5,Clinic,Government/Council,False,False,True
185.0,124.0,Mashonaland West,Chegutu,30.7000007629,-18.47028,0.0,1998.0,Chikara,5,0.0,Council Clinic,0.0,0.0,0.0,0.0,0.0,0.0,0.0,0.0,0.0,0.0,0.0,0.0,0.0,0.0,0.0,0.0,0.0,0.0,0.0,0.0,0.0,0.0,0.0,0.0,0.0,0.0,0.0,0,0.0,,,5,Council Clinic,Government/Council,False,False,True
186.0,138.0,Mashonaland West,Chegutu,30.7697200775,-18.45056,0.0,1998.0,Chikwava,7,0.0,Private Clinic,0.0,0.0,0.0,0.0,0.0,0.0,0.0,0.0,0.0,0.0,0.0,0.0,0.0,0.0,0.0,0.0,0.0,0.0,0.0,0.0,0.0,0.0,0.0,0.0,0.0,0.0,0.0,0,0.0,,,7,Private Clinic,Private,True,False,False
187.0,222.0,Mashonaland West,Chegutu,30.6041698456,-18.17944,0.0,1998.0,Chivero,5,0.0,Council Clinic,0.0,0.0,0.0,0.0,0.0,0.0,0.0,0.0,0.0,0.0,0.0,0.0,0.0,0.0,0.0,0.0,0.0,0.0,0.0,0.0,0.0,0.0,0.0,0.0,0.0,0.0,0.0,0,0.0,,,5,Council Clinic,Government/Council,False,False,True
188.0,264.0,Mashonaland West,Chegutu,30.1288890839,-18.14167,0.0,1998.0,David Whitehead,7,0.0,Private Clinic,0.0,0.0,0.0,0.0,0.0,0.0,0.0,0.0,0.0,0.0,0.0,0.0,0.0,0.0,0.0,0.0,0.0,0.0,0.0,0.0,0.0,0.0,0.0,0.0,0.0,0.0,0.0,0,0.0,,,7,Private Clinic,Private,True,False,False
189.0,294.0,Mashonaland West,Chegutu,30.2808303833,-17.94361,0.0,1998.0,Doribwe,5,0.0,Council Clinic,0.0,0.0,0.0,0.0,0.0,0.0,0.0,0.0,0.0,0.0,0.0,0.0,0.0,0.0,0.0,0.0,0.0,0.0,0.0,0.0,0.0,0.0,0.0,0.0,0.0,0.0,0.0,0,0.0,,,5,Council Clinic,Government/Council,False,False,True
190.0,354.0,Mashonaland West,Chegutu,30.7299995422,-18.42417,0.0,1998.0,Gora,6,0.0,Rural Health Centre,0.0,0.0,0.0,0.0,0.0,0.0,0.0,0.0,0.0,0.0,0.0,0.0,0.0,0.0,0.0,0.0,0.0,0.0,0.0,0.0,0.0,0.0,0.0,0.0,0.0,0.0,0.0,0,0.0,,,6,Rural Health Centre,Government,False,False,True
191.0,404.0,Mashonaland West,Chegutu,30.676109314,-17.87361,0.0,1998.0,Helenadrof,5,0.0,Clinic,0.0,0.0,0.0,0.0,0.0,0.0,0.0,0.0,0.0,0.0,0.0,0.0,0.0,0.0,0.0,0.0,0.0,0.0,0.0,0.0,0.0,0.0,0.0,0.0,0.0,0.0,0.0,0,0.0,,,5,Clinic,Government/Council,False,False,True
192.0,423.0,Mashonaland West,Chegutu,30.7000007629,-17.85778,0.0,1998.0,Hunyani,7,0.0,Private Clinic,0.0,0.0,0.0,0.0,0.0,0.0,0.0,0.0,0.0,0.0,0.0,0.0,0.0,0.0,0.0,0.0,0.0,0.0,0.0,0.0,0.0,0.0,0.0,0.0,0.0,0.0,0.0,0,0.0,,,7,Private Clinic,Private,True,False,False
193.0,492.0,Mashonaland West,Chegutu,30.6683292389,-17.8825,0.0,1998.0,Katangautano,5,0.0,Municipality,0.0,0.0,0.0,0.0,0.0,0.0,0.0,0.0,0.0,0.0,0.0,0.0,0.0,0.0,0.0,0.0,0.0,0.0,0.0,0.0,0.0,0.0,0.0,0.0,0.0,0.0,0.0,0,0.0,,,5,Municipality,Government/Council,False,False,True
194.0,1171.0,Mashonaland West,Chegutu,30.6863899231,-18.32444,0.0,1998.0,Watyoka,5,0.0,Council Clinic,0.0,0.0,0.0,0.0,0.0,0.0,0.0,0.0,0.0,0.0,0.0,0.0,0.0,0.0,0.0,0.0,0.0,0.0,0.0,0.0,0.0,0.0,0.0,0.0,0.0,0.0,0.0,0,0.0,,,5,Council Clinic,Government/Council,False,False,True
195.0,677.0,Mashonaland West,Chegutu,30.2158298492,-17.92139,0.0,1998.0,Mbuyanehanda,6,0.0,Rural Health Centre,0.0,0.0,0.0,0.0,0.0,0.0,0.0,0.0,0.0,0.0,0.0,0.0,0.0,0.0,0.0,0.0,0.0,0.0,0.0,0.0,0.0,0.0,0.0,0.0,0.0,0.0,0.0,0,0.0,,,6,Rural Health Centre,Government,False,False,True
196.0,686.0,Mashonaland West,Chegutu,30.5886096954,-18.31833,0.0,1998.0,Mhondoro,4,0.0,Rural Hospital,0.0,0.0,0.0,0.0,0.0,0.0,0.0,0.0,0.0,0.0,0.0,0.0,0.0,0.0,0.0,0.0,0.0,0.0,0.0,0.0,0.0,0.0,0.0,0.0,0.0,0.0,0.0,0,0.0,,,4,Rural Hospital,Government,False,False,True
197.0,687.0,Mashonaland West,Chegutu,30.6938896179,-18.16944,0.0,1998.0,Mhondoro North,5,0.0,Council Clinic,0.0,0.0,0.0,0.0,0.0,0.0,0.0,0.0,0.0,0.0,0.0,0.0,0.0,0.0,0.0,0.0,0.0,0.0,0.0,0.0,0.0,0.0,0.0,0.0,0.0,0.0,0.0,0,0.0,,,5,Council Clinic,Government/Council,False,False,True
198.0,697.0,Mashonaland West,Chegutu,30.7319393158,-18.11389,0.0,1998.0,Monera,5,0.0,Council Clinic,0.0,0.0,0.0,0.0,0.0,0.0,0.0,0.0,0.0,0.0,0.0,0.0,0.0,0.0,0.0,0.0,0.0,0.0,0.0,0.0,0.0,0.0,0.0,0.0,0.0,0.0,0.0,0,0.0,,,5,Council Clinic,Government/Council,False,False,True
199.0,705.0,Mashonaland West,Chegutu,30.1025009155,-17.94944,0.0,1998.0,Msengezi,5,0.0,Council Clinic,0.0,0.0,0.0,0.0,0.0,0.0,0.0,0.0,0.0,0.0,0.0,0.0,0.0,0.0,0.0,0.0,0.0,0.0,0.0,0.0,0.0,0.0,0.0,0.0,0.0,0.0,0.0,0,0.0,,,5,Council Clinic,Government/Council,False,False,True
200.0,706.0,Mashonaland West,Chegutu,30.323059082,-17.94944,0.0,1998.0,Msengezi,3,0.0,Mission Hospital,0.0,0.0,0.0,0.0,0.0,0.0,0.0,0.0,0.0,0.0,0.0,0.0,0.0,0.0,0.0,0.0,0.0,0.0,0.0,0.0,0.0,0.0,0.0,0.0,0.0,0.0,0.0,0,0.0,,,3,Mission Hospital,Mission/Church,False,False,True
201.0,753.0,Mashonaland West,Chegutu,30.5025005341,-18.48056,0.0,1998.0,Mupawose,5,0.0,Council Clinic,0.0,0.0,0.0,0.0,0.0,0.0,0.0,0.0,0.0,0.0,0.0,0.0,0.0,0.0,0.0,0.0,0.0,0.0,0.0,0.0,0.0,0.0,0.0,0.0,0.0,0.0,0.0,0,0.0,,,5,Council Clinic,Government/Council,False,False,True
202.0,777.0,Mashonaland West,Chegutu,30.4988899231,-18.30306,0.0,1998.0,Musinami,6,0.0,Rural Health Centre,0.0,0.0,0.0,0.0,0.0,0.0,0.0,0.0,0.0,0.0,0.0,0.0,0.0,0.0,0.0,0.0,0.0,0.0,0.0,0.0,0.0,0.0,0.0,0.0,0.0,0.0,0.0,0,0.0,,,6,Rural Health Centre,Government,False,False,True
203.0,860.0,Mashonaland West,Chegutu,30.6875,-17.88694,0.0,1998.0,Norton,5,0.0,Municipality,0.0,0.0,0.0,0.0,0.0,0.0,0.0,0.0,0.0,0.0,0.0,0.0,0.0,0.0,0.0,0.0,0.0,0.0,0.0,0.0,0.0,0.0,0.0,0.0,0.0,0.0,0.0,0,0.0,,,5,Municipality,Government/Council,False,False,True
204.0,954.0,Mashonaland West,Chegutu,30.1358299255,-18.12444,0.0,1998.0,Pfupajena,5,0.0,Municipality-clinic,0.0,0.0,0.0,0.0,0.0,0.0,0.0,0.0,0.0,0.0,0.0,0.0,0.0,0.0,0.0,0.0,0.0,0.0,0.0,0.0,0.0,0.0,0.0,0.0,0.0,0.0,0.0,0,0.0,,,5,Municipality-clinic,Government/Council,False,False,True
205.0,1007.0,Mashonaland West,Chegutu,30.6305599213,-18.44833,0.0,1998.0,Rwizi,5,0.0,Council Clinic,0.0,0.0,0.0,0.0,0.0,0.0,0.0,0.0,0.0,0.0,0.0,0.0,0.0,0.0,0.0,0.0,0.0,0.0,0.0,0.0,0.0,0.0,0.0,0.0,0.0,0.0,0.0,0,0.0,,,5,Council Clinic,Government/Council,False,False,True
206.0,1023.0,Mashonaland West,Chegutu,30.6616706848,-18.08361,0.0,1998.0,Sandringham,3,0.0,Mission Clinic,0.0,0.0,0.0,0.0,0.0,0.0,0.0,0.0,0.0,0.0,0.0,0.0,0.0,0.0,0.0,0.0,0.0,0.0,0.0,0.0,0.0,0.0,0.0,0.0,0.0,0.0,0.0,0,0.0,,,3,Mission Clinic,Mission/Church,False,False,True
207.0,1030.0,Mashonaland West,Chegutu,30.4486103058,-18.06861,0.0,1998.0,Selous,5,0.0,Council Clinic,0.0,0.0,0.0,0.0,0.0,0.0,0.0,0.0,0.0,0.0,0.0,0.0,0.0,0.0,0.0,0.0,0.0,0.0,0.0,0.0,0.0,0.0,0.0,0.0,0.0,0.0,0.0,0,0.0,,,5,Council Clinic,Government/Council,False,False,True
208.0,1106.0,Mashonaland West,Chegutu,29.976940155,-18.15806,0.0,1998.0,Suri-Suri,5,0.0,Airforce-clinic,0.0,0.0,0.0,0.0,0.0,0.0,0.0,0.0,0.0,0.0,0.0,0.0,0.0,0.0,0.0,0.0,0.0,0.0,0.0,0.0,0.0,0.0,0.0,0.0,0.0,0.0,0.0,0,0.0,,Millitary Clinic,5,Airforce-clinic,Government/Council,False,False,True
209.0,1237.0,Mashonaland West,Chegutu,30.04442,-18.22281,1220.0,2007.0,Brunswick,5,0.0,Clinic,0.0,0.0,1.0,0.0,0.0,0.0,0.0,4.0,0.0,4.0,12000.0,0.0,0.0,0.0,0.0,1.0,0.0,0.0,0.0,0.0,1.0,0.0,0.0,1.0,1.0,0.0,0.0,0,0.0,,,5,Clinic,Government/Council,False,False,True
210.0,1238.0,Mashonaland West,Chegutu,30.48453,-18.1878,1210.0,2007.0,Homedale,5,0.0,Clinic,0.0,1.0,0.0,1.0,0.0,0.0,0.0,2.0,1.0,0.0,0.0,15.0,0.0,0.0,1.0,0.0,1.0,0.0,0.0,1.0,0.0,0.0,0.0,1.0,0.0,1.0,0.0,1,0.0,Need to improve communication,,5,Clinic,Government/Council,False,False,True
211.0,1239.0,Mashonaland West,Chegutu,29.97025,-17.90262,1013.0,2007.0,Shamrock,8,0.0,Under Construction,0.0,0.0,0.0,0.0,0.0,0.0,0.0,0.0,0.0,0.0,0.0,0.0,0.0,0.0,0.0,0.0,0.0,0.0,0.0,0.0,1.0,0.0,0.0,1.0,0.0,1.0,0.0,0,0.0,Clinic still under construction,,8,Under Construction,Non-operational/Not yet open,False,True,False
212.0,1240.0,Mashonaland West,Chegutu,29.96793,-18.02337,1105.0,2007.0,Lizmore,5,0.0,Clinic,0.0,2.0,1.0,1.0,0.0,0.0,0.0,5.0,0.0,5.0,6479.0,15.0,0.0,0.0,0.0,0.0,1.0,0.0,0.0,1.0,0.0,0.0,0.0,1.0,0.0,1.0,0.0,0,0.0,,,5,Clinic,Government/Council,False,False,True
213.0,1241.0,Mashonaland West,Chegutu,30.13703,-18.02175,1199.0,2007.0,Elvington Clinic,7,0.0,Gold Mine Clinic,0.0,1.0,1.0,0.0,0.0,0.0,0.0,0.0,0.0,0.0,600.0,10.0,0.0,1.0,1.0,0.0,1.0,0.0,0.0,1.0,0.0,0.0,0.0,1.0,1.0,0.0,0.0,0,0.0,,,7,Gold Mine Clinic,Private,True,False,False
214.0,68.0,Mashonaland East,Chikomba,31.2738895416,-19.13572,0.0,1998.0,Bvumbura,5,0.0,Clinic,0.0,0.0,0.0,0.0,0.0,0.0,0.0,0.0,0.0,0.0,0.0,0.0,0.0,0.0,0.0,0.0,0.0,0.0,0.0,0.0,0.0,0.0,0.0,0.0,0.0,0.0,0.0,0,0.0,,Clinic,5,Clinic,Government/Council,False,False,True
215.0,81.0,Mashonaland East,Chikomba,31.0046405792,-18.86886,0.0,1998.0,Chambara,5,0.0,Clinic,0.0,0.0,0.0,0.0,0.0,0.0,0.0,0.0,0.0,0.0,0.0,0.0,0.0,0.0,0.0,0.0,0.0,0.0,0.0,0.0,0.0,0.0,0.0,0.0,0.0,0.0,0.0,0,0.0,,Clinic,5,Clinic,Government/Council,False,False,True
216.0,225.0,Mashonaland East,Chikomba,30.9027194977,-19.01814,0.0,1998.0,Chivhu,4,0.0,General Hospital,0.0,0.0,0.0,0.0,0.0,0.0,0.0,0.0,0.0,0.0,0.0,0.0,0.0,0.0,0.0,0.0,0.0,0.0,0.0,0.0,0.0,0.0,0.0,0.0,0.0,0.0,0.0,0,0.0,,,4,General Hospital,Government,False,False,True
217.0,226.0,Mashonaland East,Chikomba,30.9064407349,-19.00511,0.0,1998.0,Chivhu,5,0.0,Clinic,0.0,0.0,0.0,0.0,0.0,0.0,0.0,0.0,0.0,0.0,0.0,0.0,0.0,0.0,0.0,0.0,0.0,0.0,0.0,0.0,0.0,0.0,0.0,0.0,0.0,0.0,0.0,0,0.0,,Clinic,5,Clinic,Government/Council,False,False,True
218.0,260.0,Mashonaland East,Chikomba,31.3236904144,-19.10703,0.0,1998.0,Daramombe,3,0.0,Mission Clinic,0.0,0.0,0.0,0.0,0.0,0.0,0.0,0.0,0.0,0.0,0.0,0.0,0.0,0.0,0.0,0.0,0.0,0.0,0.0,0.0,0.0,0.0,0.0,0.0,0.0,0.0,0.0,0,0.0,,,3,Mission Clinic,Mission/Church,False,False,True
219.0,331.0,Mashonaland East,Chikomba,31.4364395142,-19.10203,0.0,1998.0,Gandachibvuva,3,0.0,Mission Hospital,0.0,0.0,0.0,0.0,0.0,0.0,0.0,0.0,0.0,0.0,0.0,0.0,0.0,0.0,0.0,0.0,0.0,0.0,0.0,0.0,0.0,0.0,0.0,0.0,0.0,0.0,0.0,0,0.0,,,3,Mission Hospital,Mission/Church,False,False,True
220.0,332.0,Mashonaland East,Chikomba,31.2676105499,-18.72261,0.0,1998.0,Gandami,5,0.0,Clinic,0.0,0.0,0.0,0.0,0.0,0.0,0.0,0.0,0.0,0.0,0.0,0.0,0.0,0.0,0.0,0.0,0.0,0.0,0.0,0.0,0.0,0.0,0.0,0.0,0.0,0.0,0.0,0,0.0,,,5,Clinic,Government/Council,False,False,True
221.0,344.0,Mashonaland East,Chikomba,31.3533306122,-19.05353,0.0,1998.0,Gokomere,5,0.0,Clinic,0.0,0.0,0.0,0.0,0.0,0.0,0.0,0.0,0.0,0.0,0.0,0.0,0.0,0.0,0.0,0.0,0.0,0.0,0.0,0.0,0.0,0.0,0.0,0.0,0.0,0.0,0.0,0,0.0,,,5,Clinic,Government/Council,False,False,True
222.0,521.0,Mashonaland East,Chikomba,31.1535606384,-19.18906,0.0,1998.0,Lancashire,5,0.0,Clinic,0.0,0.0,0.0,0.0,0.0,0.0,0.0,0.0,0.0,0.0,0.0,0.0,0.0,0.0,0.0,0.0,0.0,0.0,0.0,0.0,0.0,0.0,0.0,0.0,0.0,0.0,0.0,0,0.0,,,5,Clinic,Government/Council,False,False,True
223.0,544.0,Mashonaland East,Chikomba,31.1003894806,-19.11844,0.0,1998.0,Madamombe,5,0.0,Clinic,0.0,0.0,0.0,0.0,0.0,0.0,0.0,0.0,0.0,0.0,0.0,0.0,0.0,0.0,0.0,0.0,0.0,0.0,0.0,0.0,0.0,0.0,0.0,0.0,0.0,0.0,0.0,0,0.0,,,5,Clinic,Government/Council,False,False,True
224.0,615.0,Mashonaland East,Chikomba,31.2544193268,-18.9075,0.0,1998.0,Masasa,5,0.0,Clinic,0.0,0.0,0.0,0.0,0.0,0.0,0.0,0.0,0.0,0.0,0.0,0.0,0.0,0.0,0.0,0.0,0.0,0.0,0.0,0.0,0.0,0.0,0.0,0.0,0.0,0.0,0.0,0,0.0,,,5,Clinic,Government/Council,False,False,True
225.0,1172.0,Mashonaland East,Chikomba,31.2379398346,-19.002,0.0,1998.0,Wazvaremaka,5,0.0,Clinic,0.0,0.0,0.0,0.0,0.0,0.0,0.0,0.0,0.0,0.0,0.0,0.0,0.0,0.0,0.0,0.0,0.0,0.0,0.0,0.0,0.0,0.0,0.0,0.0,0.0,0.0,0.0,0,0.0,,,5,Clinic,Government/Council,False,False,True
226.0,1177.0,Mashonaland East,Chikomba,31.1714401245,-18.87272,0.0,1998.0,Wiltshire,5,0.0,Clinic,0.0,0.0,0.0,0.0,0.0,0.0,0.0,0.0,0.0,0.0,0.0,0.0,0.0,0.0,0.0,0.0,0.0,0.0,0.0,0.0,0.0,0.0,0.0,0.0,0.0,0.0,0.0,0,0.0,,,5,Clinic,Government/Council,False,False,True
227.0,674.0,Mashonaland East,Chikomba,31.2015800476,-18.95808,0.0,1998.0,Mbiru,5,0.0,Clinic,0.0,0.0,0.0,0.0,0.0,0.0,0.0,0.0,0.0,0.0,0.0,0.0,0.0,0.0,0.0,0.0,0.0,0.0,0.0,0.0,0.0,0.0,0.0,0.0,0.0,0.0,0.0,0,0.0,,,5,Clinic,Government/Council,False,False,True
228.0,727.0,Mashonaland East,Chikomba,31.6044406891,-18.8415,0.0,1998.0,Mufudziwakanaka,6,0.0,Rural Health Centre,0.0,0.0,0.0,0.0,0.0,0.0,0.0,0.0,0.0,0.0,0.0,0.0,0.0,0.0,0.0,0.0,0.0,0.0,0.0,0.0,0.0,0.0,0.0,0.0,0.0,0.0,0.0,0,0.0,,,6,Rural Health Centre,Government,False,False,True
229.0,760.0,Mashonaland East,Chikomba,31.053560257,-19.20133,0.0,1998.0,Murezi,5,0.0,Clinic,0.0,0.0,0.0,0.0,0.0,0.0,0.0,0.0,0.0,0.0,0.0,0.0,0.0,0.0,0.0,0.0,0.0,0.0,0.0,0.0,0.0,0.0,0.0,0.0,0.0,0.0,0.0,0,0.0,,,5,Clinic,Government/Council,False,False,True
230.0,775.0,Mashonaland East,Chikomba,31.6836395264,-19.02072,0.0,1998.0,Mushipe,5,0.0,Clinic,0.0,0.0,0.0,0.0,0.0,0.0,0.0,0.0,0.0,0.0,0.0,0.0,0.0,0.0,0.0,0.0,0.0,0.0,0.0,0.0,0.0,0.0,0.0,0.0,0.0,0.0,0.0,0,0.0,,,5,Clinic,Government/Council,False,False,True
231.0,782.0,Mashonaland East,Chikomba,31.5196895599,-19.15311,0.0,1998.0,Musuma,5,0.0,Clinic,0.0,0.0,0.0,0.0,0.0,0.0,0.0,0.0,0.0,0.0,0.0,0.0,0.0,0.0,0.0,0.0,0.0,0.0,0.0,0.0,0.0,0.0,0.0,0.0,0.0,0.0,0.0,0,0.0,,,5,Clinic,Government/Council,False,False,True
232.0,800.0,Mashonaland East,Chikomba,31.0838298798,-18.85592,0.0,1998.0,Mutoro,5,0.0,Clinic,0.0,0.0,0.0,0.0,0.0,0.0,0.0,0.0,0.0,0.0,0.0,0.0,0.0,0.0,0.0,0.0,0.0,0.0,0.0,0.0,0.0,0.0,0.0,0.0,0.0,0.0,0.0,0,0.0,,,5,Clinic,Government/Council,False,False,True
233.0,815.0,Mashonaland East,Chikomba,31.2366409302,-19.05522,0.0,1998.0,Mwerahari,3,0.0,Mission Clinic,0.0,0.0,0.0,0.0,0.0,0.0,0.0,0.0,0.0,0.0,0.0,0.0,0.0,0.0,0.0,0.0,0.0,0.0,0.0,0.0,0.0,0.0,0.0,0.0,0.0,0.0,0.0,0,0.0,,,3,Mission Clinic,Mission/Church,False,False,True
234.0,847.0,Mashonaland East,Chikomba,31.5055599213,-18.85081,0.0,1998.0,Nhangabwe,6,0.0,Rural Health Centre,0.0,0.0,0.0,0.0,0.0,0.0,0.0,0.0,0.0,0.0,0.0,0.0,0.0,0.0,0.0,0.0,0.0,0.0,0.0,0.0,0.0,0.0,0.0,0.0,0.0,0.0,0.0,0,0.0,,,6,Rural Health Centre,Government,False,False,True
235.0,848.0,Mashonaland East,Chikomba,31.1711902618,-19.07433,0.0,1998.0,Nharira,4,0.0,Rural Hospital,0.0,0.0,0.0,0.0,0.0,0.0,0.0,0.0,0.0,0.0,0.0,0.0,0.0,0.0,0.0,0.0,0.0,0.0,0.0,0.0,0.0,0.0,0.0,0.0,0.0,0.0,0.0,0,0.0,,,4,Rural Hospital,Government,False,False,True
236.0,899.0,Mashonaland East,Chikomba,31.0037498474,-18.81919,0.0,1998.0,Nyamhere,5,0.0,Clinic,0.0,0.0,0.0,0.0,0.0,0.0,0.0,0.0,0.0,0.0,0.0,0.0,0.0,0.0,0.0,0.0,0.0,0.0,0.0,0.0,0.0,0.0,0.0,0.0,0.0,0.0,0.0,0,0.0,,,5,Clinic,Government/Council,False,False,True
237.0,959.0,Mashonaland East,Chikomba,31.5238609314,-19.06781,0.0,1998.0,Popoteke,5,0.0,Clinic,0.0,0.0,0.0,0.0,0.0,0.0,0.0,0.0,0.0,0.0,0.0,0.0,0.0,0.0,0.0,0.0,0.0,0.0,0.0,0.0,0.0,0.0,0.0,0.0,0.0,0.0,0.0,0,0.0,,Clinic,5,Clinic,Government/Council,False,False,True
238.0,967.0,Mashonaland East,Chikomba,31.0006408691,-19.02097,0.0,1998.0,Range,4,0.0,Rural Hospital,0.0,0.0,0.0,0.0,0.0,0.0,0.0,0.0,0.0,0.0,0.0,0.0,0.0,0.0,0.0,0.0,0.0,0.0,0.0,0.0,0.0,0.0,0.0,0.0,0.0,0.0,0.0,0,0.0,,,4,Rural Hospital,Government,False,False,True
239.0,999.0,Mashonaland East,Chikomba,31.4195308685,-18.75014,0.0,1998.0,Rutanhira,5,0.0,Clinic,0.0,0.0,0.0,0.0,0.0,0.0,0.0,0.0,0.0,0.0,0.0,0.0,0.0,0.0,0.0,0.0,0.0,0.0,0.0,0.0,0.0,0.0,0.0,0.0,0.0,0.0,0.0,0,0.0,,Clinic,5,Clinic,Government/Council,False,False,True
240.0,1008.0,Mashonaland East,Chikomba,31.4079704285,-18.83706,0.0,1998.0,Sadza,2,0.0,District Hospital,0.0,0.0,0.0,0.0,0.0,0.0,0.0,0.0,0.0,0.0,0.0,0.0,0.0,0.0,0.0,0.0,0.0,0.0,0.0,0.0,0.0,0.0,0.0,0.0,0.0,0.0,0.0,0,0.0,,,2,District Hospital,Government,False,False,True
241.0,1054.0,Mashonaland East,Chikomba,31.5676708221,-18.92444,0.0,1998.0,Shumba,5,0.0,Clinic,0.0,0.0,0.0,0.0,0.0,0.0,0.0,0.0,0.0,0.0,0.0,0.0,0.0,0.0,0.0,0.0,0.0,0.0,0.0,0.0,0.0,0.0,0.0,0.0,0.0,0.0,0.0,0,0.0,,,5,Clinic,Government/Council,False,False,True
242.0,1150.0,Mashonaland East,Chikomba,31.3009700775,-18.97331,0.0,1998.0,Unyetu,5,0.0,Clinic,0.0,0.0,0.0,0.0,0.0,0.0,0.0,0.0,0.0,0.0,0.0,0.0,0.0,0.0,0.0,0.0,0.0,0.0,0.0,0.0,0.0,0.0,0.0,0.0,0.0,0.0,0.0,0,0.0,,,5,Clinic,Government/Council,False,False,True
243.0,1463.0,Mashonaland East,Chikomba,31.11675,-19.10157,0.0,2007.0,St Francis of Assisi,3,2006.0,Clinic,0.0,1.0,0.0,0.0,0.0,0.0,0.0,1.0,0.0,1.0,1000.0,25.0,0.0,0.0,1.0,0.0,1.0,0.0,0.0,1.0,0.0,0.0,0.0,1.0,0.0,1.0,0.0,0,0.0,,Clinic,3,Clinic,Mission/Church,False,False,True
244.0,1464.0,Mashonaland East,Chikomba,30.89779,-19.01863,0.0,2007.0,Chivu Prison,7,1910.0,Clinic,0.0,4.0,2.0,0.0,0.0,0.0,0.0,2.0,0.0,2.0,400.0,1.0,0.0,1.0,1.0,0.0,1.0,0.0,0.0,1.0,0.0,0.0,0.0,1.0,1.0,0.0,0.0,0,0.0,,Clinic,7,Clinic,Private,True,False,False
245.0,1465.0,Mashonaland East,Chikomba,30.71906,-18.80102,0.0,2007.0,Tavara,5,2006.0,Clinic,0.0,0.0,0.0,0.0,0.0,0.0,0.0,0.0,0.0,0.0,6000.0,40.0,0.0,0.0,1.0,0.0,1.0,0.0,0.0,1.0,1.0,0.0,0.0,0.0,1.0,0.0,0.0,0,0.0,Old farm house not yet functional,Clinic,5,Clinic,Government/Council,False,False,True
246.0,1466.0,Mashonaland East,Chikomba,30.88971,-19.02226,0.0,2007.0,ZRP,5,0.0,Clinic,0.0,2.0,2.0,0.0,0.0,0.0,0.0,1.0,1.0,0.0,1213.0,1.0,0.0,1.0,1.0,0.0,1.0,0.0,0.0,1.0,0.0,0.0,0.0,1.0,1.0,0.0,0.0,0,0.0,,Clinic,5,Clinic,"Excluded - restricted access (prison/police, not public)",False,False,False
247.0,0.0,Mashonaland East,Chikomba,30.9065,-19.00511,0.0,2013.0,Chivhu,,0.0,Clinic,0.0,0.0,0.0,0.0,0.0,0.0,0.0,0.0,0.0,0.0,0.0,0.0,0.0,0.0,0.0,0.0,0.0,0.0,0.0,0.0,0.0,0.0,0.0,0.0,0.0,0.0,0.0,0,0.0,,,,Clinic,Unspecified,False,False,True
248.0,0.0,Mashonaland East,Chikomba,30.9954,-18.8642,0.0,2013.0,Manyene ,,0.0,Clinic,0.0,0.0,0.0,0.0,0.0,0.0,0.0,0.0,0.0,0.0,0.0,0.0,0.0,0.0,0.0,0.0,0.0,0.0,0.0,0.0,0.0,0.0,0.0,0.0,0.0,0.0,0.0,0,0.0,,,,Clinic,Unspecified,False,False,True
249.0,13.0,Manicaland,Chimanimani,32.7858314514,-20.03472,0.0,1998.0,ARDA Rusitu,5,0.0,Clinic,0.0,0.0,0.0,0.0,0.0,0.0,0.0,0.0,0.0,0.0,0.0,0.0,0.0,0.0,0.0,0.0,0.0,0.0,0.0,0.0,0.0,0.0,0.0,0.0,0.0,0.0,0.0,0,0.0,,Clinic,5,Clinic,Government/Council,False,False,True
250.0,46.0,Manicaland,Chimanimani,32.6734390259,-19.79031,0.0,1998.0,Biriwiri,3,0.0,Mission Hospital,0.0,0.0,0.0,0.0,0.0,0.0,0.0,0.0,0.0,0.0,0.0,0.0,0.0,0.0,0.0,0.0,0.0,0.0,0.0,0.0,0.0,0.0,0.0,0.0,0.0,0.0,0.0,0,0.0,,,3,Mission Hospital,Mission/Church,False,False,True
251.0,58.0,Manicaland,Chimanimani,32.6358108521,-19.65556,0.0,1998.0,Bumba,6,0.0,Rural Health Centre,0.0,0.0,0.0,0.0,0.0,0.0,0.0,0.0,0.0,0.0,0.0,0.0,0.0,0.0,0.0,0.0,0.0,0.0,0.0,0.0,0.0,0.0,0.0,0.0,0.0,0.0,0.0,0,0.0,,,6,Rural Health Centre,Government,False,False,True
252.0,71.0,Manicaland,Chimanimani,32.7883605957,-19.54161,0.0,1998.0,Cashel,5,0.0,Clinic,0.0,0.0,0.0,0.0,0.0,0.0,0.0,0.0,0.0,0.0,0.0,0.0,0.0,0.0,0.0,0.0,0.0,0.0,0.0,0.0,0.0,0.0,0.0,0.0,0.0,0.0,0.0,0,0.0,,Clinic,5,Clinic,Government/Council,False,False,True
253.0,77.0,Manicaland,Chimanimani,32.5175590515,-19.55397,0.0,1998.0,Chakohwa,5,0.0,Clinic,0.0,0.0,0.0,0.0,0.0,0.0,0.0,0.0,0.0,0.0,0.0,0.0,0.0,0.0,0.0,0.0,0.0,0.0,0.0,0.0,0.0,0.0,0.0,0.0,0.0,0.0,0.0,0,0.0,,Clinic,5,Clinic,Government/Council,False,False,True
254.0,84.0,Manicaland,Chimanimani,32.4725608826,-19.93394,0.0,1998.0,Changazi,6,0.0,Rural Health Centre,0.0,0.0,0.0,0.0,0.0,0.0,0.0,0.0,0.0,0.0,0.0,0.0,0.0,0.0,0.0,0.0,0.0,0.0,0.0,0.0,0.0,0.0,0.0,0.0,0.0,0.0,0.0,0,0.0,,,6,Rural Health Centre,Government,False,False,True
255.0,91.0,Manicaland,Chimanimani,32.8067512512,-19.83536,0.0,1998.0,Charter,5,0.0,Clinic,0.0,0.0,0.0,0.0,0.0,0.0,0.0,0.0,0.0,0.0,0.0,0.0,0.0,0.0,0.0,0.0,0.0,0.0,0.0,0.0,0.0,0.0,0.0,0.0,0.0,0.0,0.0,0,0.0,,Clinic,5,Clinic,Government/Council,False,False,True
256.0,98.0,Manicaland,Chimanimani,32.554561615,-19.66983,0.0,1998.0,Chayamiti,5,0.0,Clinic,0.0,0.0,0.0,0.0,0.0,0.0,0.0,0.0,0.0,0.0,0.0,0.0,0.0,0.0,0.0,0.0,0.0,0.0,0.0,0.0,0.0,0.0,0.0,0.0,0.0,0.0,0.0,0,0.0,,Clinic,5,Clinic,Government/Council,False,False,True
257.0,132.0,Manicaland,Chimanimani,32.9373283386,-19.72056,0.0,1998.0,Chikukwa,6,0.0,Rural Health Centre,0.0,0.0,0.0,0.0,0.0,0.0,0.0,0.0,0.0,0.0,0.0,0.0,0.0,0.0,0.0,0.0,0.0,0.0,0.0,0.0,0.0,0.0,0.0,0.0,0.0,0.0,0.0,0,0.0,,,6,Rural Health Centre,Government,False,False,True
258.0,135.0,Manicaland,Chimanimani,32.5731391907,-19.85436,0.0,1998.0,Chikwakwa,5,0.0,Clinic,0.0,0.0,0.0,0.0,0.0,0.0,0.0,0.0,0.0,0.0,0.0,0.0,0.0,0.0,0.0,0.0,0.0,0.0,0.0,0.0,0.0,0.0,0.0,0.0,0.0,0.0,0.0,0,0.0,,Clinic,5,Clinic,Government/Council,False,False,True
259.0,193.0,Manicaland,Chimanimani,32.8858604431,-19.90414,0.0,1998.0,Chisengu,5,0.0,Clinic,0.0,0.0,0.0,0.0,0.0,0.0,0.0,0.0,0.0,0.0,0.0,0.0,0.0,0.0,0.0,0.0,0.0,0.0,0.0,0.0,0.0,0.0,0.0,0.0,0.0,0.0,0.0,0,0.0,,Clinic,5,Clinic,Government/Council,False,False,True
260.0,363.0,Manicaland,Chimanimani,32.4042816162,-19.86911,0.0,1998.0,Gudyanga,5,0.0,Clinic,0.0,0.0,0.0,0.0,0.0,0.0,0.0,0.0,0.0,0.0,0.0,0.0,0.0,0.0,0.0,0.0,0.0,0.0,0.0,0.0,0.0,0.0,0.0,0.0,0.0,0.0,0.0,0,0.0,,,5,Clinic,Government/Council,False,False,True
261.0,394.0,Manicaland,Chimanimani,32.6538314819,-19.9385,0.0,1998.0,Gwindingwe,5,0.0,Clinic,0.0,0.0,0.0,0.0,0.0,0.0,0.0,0.0,0.0,0.0,0.0,0.0,0.0,0.0,0.0,0.0,0.0,0.0,0.0,0.0,0.0,0.0,0.0,0.0,0.0,0.0,0.0,0,0.0,,,5,Clinic,Government/Council,False,False,True
262.0,610.0,Manicaland,Chimanimani,32.9340286255,-19.76719,0.0,1998.0,Martin,5,0.0,Clinic,0.0,0.0,0.0,0.0,0.0,0.0,0.0,0.0,0.0,0.0,0.0,0.0,0.0,0.0,0.0,0.0,0.0,0.0,0.0,0.0,0.0,0.0,0.0,0.0,0.0,0.0,0.0,0,0.0,,,5,Clinic,Government/Council,False,False,True
263.0,682.0,Manicaland,Chimanimani,32.6347808838,-19.82197,0.0,1998.0,Mhakwe,5,0.0,Clinic,0.0,0.0,0.0,0.0,0.0,0.0,0.0,0.0,0.0,0.0,0.0,0.0,0.0,0.0,0.0,0.0,0.0,0.0,0.0,0.0,0.0,0.0,0.0,0.0,0.0,0.0,0.0,0,0.0,,,5,Clinic,Government/Council,False,False,True
264.0,721.0,Manicaland,Chimanimani,32.9486083984,-20.01139,0.0,1998.0,Muchadziya,5,0.0,Clinic,0.0,0.0,0.0,0.0,0.0,0.0,0.0,0.0,0.0,0.0,0.0,0.0,0.0,0.0,0.0,0.0,0.0,0.0,0.0,0.0,0.0,0.0,0.0,0.0,0.0,0.0,0.0,0,0.0,,,5,Clinic,Government/Council,False,False,True
265.0,785.0,Manicaland,Chimanimani,32.6860313416,-19.53492,0.0,1998.0,Mutambara,2,0.0,Acting District Hospital,0.0,0.0,0.0,0.0,0.0,0.0,0.0,0.0,0.0,0.0,0.0,0.0,0.0,0.0,0.0,0.0,0.0,0.0,0.0,0.0,0.0,0.0,0.0,0.0,0.0,0.0,0.0,0,0.0,,District H,2,Acting District Hospital,Government,False,False,True
266.0,801.0,Manicaland,Chimanimani,32.9124984741,-20.07528,0.0,1998.0,Mutsvangwa,5,0.0,Clinic,0.0,0.0,0.0,0.0,0.0,0.0,0.0,0.0,0.0,0.0,0.0,0.0,0.0,0.0,0.0,0.0,0.0,0.0,0.0,0.0,0.0,0.0,0.0,0.0,0.0,0.0,0.0,0,0.0,,,5,Clinic,Government/Council,False,False,True
267.0,841.0,Manicaland,Chimanimani,32.8574981689,-20.05167,0.0,1998.0,Ngorima,5,0.0,Clinic,0.0,0.0,0.0,0.0,0.0,0.0,0.0,0.0,0.0,0.0,0.0,0.0,0.0,0.0,0.0,0.0,0.0,0.0,0.0,0.0,0.0,0.0,0.0,0.0,0.0,0.0,0.0,0,0.0,,,5,Clinic,Government/Council,False,False,True
268.0,877.0,Manicaland,Chimanimani,32.822719574,-19.94106,0.0,1998.0,Nyahode,5,0.0,Clinic,0.0,0.0,0.0,0.0,0.0,0.0,0.0,0.0,0.0,0.0,0.0,0.0,0.0,0.0,0.0,0.0,0.0,0.0,0.0,0.0,0.0,0.0,0.0,0.0,0.0,0.0,0.0,0,0.0,,,5,Clinic,Government/Council,False,False,True
269.0,917.0,Manicaland,Chimanimani,32.4219207764,-19.78694,0.0,1998.0,Nyanyadzi,4,0.0,Rural Hospital,0.0,0.0,0.0,0.0,0.0,0.0,0.0,0.0,0.0,0.0,0.0,0.0,0.0,0.0,0.0,0.0,0.0,0.0,0.0,0.0,0.0,0.0,0.0,0.0,0.0,0.0,0.0,0,0.0,,,4,Rural Hospital,Government,False,False,True
270.0,980.0,Manicaland,Chimanimani,32.8105583191,-20.02167,0.0,1998.0,Roscommon,5,0.0,Clinic,0.0,0.0,0.0,0.0,0.0,0.0,0.0,0.0,0.0,0.0,0.0,0.0,0.0,0.0,0.0,0.0,0.0,0.0,0.0,0.0,0.0,0.0,0.0,0.0,0.0,0.0,0.0,0,0.0,,Clinic,5,Clinic,Government/Council,False,False,True
271.0,995.0,Manicaland,Chimanimani,32.8647193909,-20.03361,0.0,1998.0,Rusitu,3,0.0,Mission Clinic,0.0,0.0,0.0,0.0,0.0,0.0,0.0,0.0,0.0,0.0,0.0,0.0,0.0,0.0,0.0,0.0,0.0,0.0,0.0,0.0,0.0,0.0,0.0,0.0,0.0,0.0,0.0,0,0.0,,,3,Mission Clinic,Mission/Church,False,False,True
272.0,1051.0,Manicaland,Chimanimani,32.6066894531,-19.75481,0.0,1998.0,Shinja,5,0.0,Clinic,0.0,0.0,0.0,0.0,0.0,0.0,0.0,0.0,0.0,0.0,0.0,0.0,0.0,0.0,0.0,0.0,0.0,0.0,0.0,0.0,0.0,0.0,0.0,0.0,0.0,0.0,0.0,0,0.0,,,5,Clinic,Government/Council,False,False,True
273.0,1121.0,Manicaland,Chimanimani,32.9376106262,-19.97231,0.0,1998.0,Tarka,5,0.0,Clinic,0.0,0.0,0.0,0.0,0.0,0.0,0.0,0.0,0.0,0.0,0.0,0.0,0.0,0.0,0.0,0.0,0.0,0.0,0.0,0.0,0.0,0.0,0.0,0.0,0.0,0.0,0.0,0,0.0,,,5,Clinic,Government/Council,False,False,True
274.0,1123.0,Manicaland,Chimanimani,32.9729690552,-19.90747,0.0,1998.0,Tilbury,5,0.0,Clinic,0.0,0.0,0.0,0.0,0.0,0.0,0.0,0.0,0.0,0.0,0.0,0.0,0.0,0.0,0.0,0.0,0.0,0.0,0.0,0.0,0.0,0.0,0.0,0.0,0.0,0.0,0.0,0,0.0,,,5,Clinic,Government/Council,False,False,True
275.0,1424.0,Manicaland,Chimanimani,32.8576,-19.81937,0.0,2007.0,Chimanimani Hospital,4,1970.0,Rural Hosp,0.0,5.0,2.0,0.0,1.0,0.0,1.0,54.0,6.0,48.0,12335.0,35.0,0.0,1.0,1.0,0.0,1.0,0.0,0.0,1.0,0.0,0.0,0.0,0.0,0.0,1.0,1.0,0,1.0,,,4,Rural Hosp,Government,False,False,True
276.0,11.0,Manicaland,Chipinge,32.232219696,-20.87639,0.0,1998.0,ARDA Estates,5,0.0,Clinic,0.0,0.0,0.0,0.0,0.0,0.0,0.0,0.0,0.0,0.0,0.0,0.0,0.0,0.0,0.0,0.0,0.0,0.0,0.0,0.0,0.0,0.0,0.0,0.0,0.0,0.0,0.0,0,0.0,,Clinic,5,Clinic,Government/Council,False,False,True
277.0,12.0,Manicaland,Chipinge,32.3788909912,-20.05167,0.0,1998.0,ARDA-Mid-Save,5,0.0,Clinic,0.0,0.0,0.0,0.0,0.0,0.0,0.0,0.0,0.0,0.0,0.0,0.0,0.0,0.0,0.0,0.0,0.0,0.0,0.0,0.0,0.0,0.0,0.0,0.0,0.0,0.0,0.0,0,0.0,,Clinic,5,Clinic,Government/Council,False,False,True
278.0,99.0,Manicaland,Chipinge,32.6100006104,-20.03722,0.0,1998.0,Checheche,5,0.0,Clinic,0.0,0.0,0.0,0.0,0.0,0.0,0.0,0.0,0.0,0.0,0.0,0.0,0.0,0.0,0.0,0.0,0.0,0.0,0.0,0.0,0.0,0.0,0.0,0.0,0.0,0.0,0.0,0,0.0,,Clinic,5,Clinic,Government/Council,False,False,True
279.0,111.0,Manicaland,Chipinge,32.3008308411,-20.46417,0.0,1998.0,Chibuwe,5,0.0,Clinic,0.0,0.0,0.0,0.0,0.0,0.0,0.0,0.0,0.0,0.0,0.0,0.0,0.0,0.0,0.0,0.0,0.0,0.0,0.0,0.0,0.0,0.0,0.0,0.0,0.0,0.0,0.0,0,0.0,,Clinic,5,Clinic,Government/Council,False,False,True
280.0,129.0,Manicaland,Chipinge,32.4977798462,-20.43694,0.0,1998.0,Chikore,3,0.0,Mission Hospital,0.0,0.0,0.0,0.0,0.0,0.0,0.0,0.0,0.0,0.0,0.0,0.0,0.0,0.0,0.0,0.0,0.0,0.0,0.0,0.0,0.0,0.0,0.0,0.0,0.0,0.0,0.0,0,0.0,,,3,Mission Hospital,Mission/Church,False,False,True
281.0,165.0,Manicaland,Chipinge,32.3608283997,-20.91722,0.0,1998.0,Chinyamukwaka,5,0.0,Clinic,0.0,0.0,0.0,0.0,0.0,0.0,0.0,0.0,0.0,0.0,0.0,0.0,0.0,0.0,0.0,0.0,0.0,0.0,0.0,0.0,0.0,0.0,0.0,0.0,0.0,0.0,0.0,0,0.0,,Clinic,5,Clinic,Government/Council,False,False,True
282.0,172.0,Manicaland,Chipinge,32.3533287048,-20.26306,0.0,1998.0,Chipangayi,5,0.0,Clinic,0.0,0.0,0.0,0.0,0.0,0.0,0.0,0.0,0.0,0.0,0.0,0.0,0.0,0.0,0.0,0.0,0.0,0.0,0.0,0.0,0.0,0.0,0.0,0.0,0.0,0.0,0.0,0,0.0,,Clinic,5,Clinic,Government/Council,False,False,True
283.0,178.0,Manicaland,Chipinge,32.6191711426,-20.19583,0.0,1998.0,Chipinge,2,0.0,District Hospital,0.0,0.0,0.0,0.0,0.0,0.0,0.0,0.0,0.0,0.0,0.0,0.0,0.0,0.0,0.0,0.0,0.0,0.0,0.0,0.0,0.0,0.0,0.0,0.0,0.0,0.0,0.0,0,0.0,,,2,District Hospital,Government,False,False,True
284.0,187.0,Manicaland,Chipinge,32.6074981689,-20.27611,0.0,1998.0,Chiringa,5,0.0,Clinic,0.0,0.0,0.0,0.0,0.0,0.0,0.0,0.0,0.0,0.0,0.0,0.0,0.0,0.0,0.0,0.0,0.0,0.0,0.0,0.0,0.0,0.0,0.0,0.0,0.0,0.0,0.0,0,0.0,,Clinic,5,Clinic,Government/Council,False,False,True
285.0,197.0,Manicaland,Chipinge,32.3602790833,-21.05306,0.0,1998.0,Chisuma,5,0.0,Clinic,0.0,0.0,0.0,0.0,0.0,0.0,0.0,0.0,0.0,0.0,0.0,0.0,0.0,0.0,0.0,0.0,0.0,0.0,0.0,0.0,0.0,0.0,0.0,0.0,0.0,0.0,0.0,0,0.0,,Clinic,5,Clinic,Government/Council,False,False,True
286.0,244.0,Manicaland,Chipinge,32.7272186279,-20.10889,0.0,1998.0,Clear Water,5,0.0,Clinic,0.0,0.0,0.0,0.0,0.0,0.0,0.0,0.0,0.0,0.0,0.0,0.0,0.0,0.0,0.0,0.0,0.0,0.0,0.0,0.0,0.0,0.0,0.0,0.0,0.0,0.0,0.0,0,0.0,,,5,Clinic,Government/Council,False,False,True
287.0,339.0,Manicaland,Chipinge,32.6394386292,-20.19194,0.0,1998.0,Gaza,5,0.0,Council Clinic,0.0,0.0,0.0,0.0,0.0,0.0,0.0,0.0,0.0,0.0,0.0,0.0,0.0,0.0,0.0,0.0,0.0,0.0,0.0,0.0,0.0,0.0,0.0,0.0,0.0,0.0,0.0,0,0.0,,,5,Council Clinic,Government/Council,False,False,True
288.0,366.0,Manicaland,Chipinge,32.2802810669,-20.60333,0.0,1998.0,Gumuka,5,0.0,Clinic,0.0,0.0,0.0,0.0,0.0,0.0,0.0,0.0,0.0,0.0,0.0,0.0,0.0,0.0,0.0,0.0,0.0,0.0,0.0,0.0,0.0,0.0,0.0,0.0,0.0,0.0,0.0,0,0.0,,,5,Clinic,Government/Council,False,False,True
289.0,392.0,Manicaland,Chipinge,32.6624984741,-20.53,0.0,1998.0,Gwenzi,5,0.0,Clinic,0.0,0.0,0.0,0.0,0.0,0.0,0.0,0.0,0.0,0.0,0.0,0.0,0.0,0.0,0.0,0.0,0.0,0.0,0.0,0.0,0.0,0.0,0.0,0.0,0.0,0.0,0.0,0,0.0,,,5,Clinic,Government/Council,False,False,True
290.0,424.0,Manicaland,Chipinge,32.4855613708,-20.82556,0.0,1998.0,Hwakata,5,0.0,Clinic,0.0,0.0,0.0,0.0,0.0,0.0,0.0,0.0,0.0,0.0,0.0,0.0,0.0,0.0,0.0,0.0,0.0,0.0,0.0,0.0,0.0,0.0,0.0,0.0,0.0,0.0,0.0,0,0.0,,,5,Clinic,Government/Council,False,False,True
291.0,448.0,Manicaland,Chipinge,32.6797218323,-20.52528,0.0,1998.0,Jersey,5,0.0,Clinic,0.0,0.0,0.0,0.0,0.0,0.0,0.0,0.0,0.0,0.0,0.0,0.0,0.0,0.0,0.0,0.0,0.0,0.0,0.0,0.0,0.0,0.0,0.0,0.0,0.0,0.0,0.0,0,0.0,,,5,Clinic,Government/Council,False,False,True
292.0,462.0,Manicaland,Chipinge,32.7841682434,-20.16056,0.0,1998.0,Junction Gate,5,0.0,Clinic,0.0,0.0,0.0,0.0,0.0,0.0,0.0,0.0,0.0,0.0,0.0,0.0,0.0,0.0,0.0,0.0,0.0,0.0,0.0,0.0,0.0,0.0,0.0,0.0,0.0,0.0,0.0,0,0.0,,,5,Clinic,Government/Council,False,False,True
293.0,501.0,Manicaland,Chipinge,32.3852806091,-20.39806,0.0,1998.0,Kondo,5,0.0,Clinic,0.0,0.0,0.0,0.0,0.0,0.0,0.0,0.0,0.0,0.0,0.0,0.0,0.0,0.0,0.0,0.0,0.0,0.0,0.0,0.0,0.0,0.0,0.0,0.0,0.0,0.0,0.0,0,0.0,,,5,Clinic,Government/Council,False,False,True
294.0,503.0,Manicaland,Chipinge,32.7700004578,-20.32139,0.0,1998.0,Kopera,5,0.0,Clinic,0.0,0.0,0.0,0.0,0.0,0.0,0.0,0.0,0.0,0.0,0.0,0.0,0.0,0.0,0.0,0.0,0.0,0.0,0.0,0.0,0.0,0.0,0.0,0.0,0.0,0.0,0.0,0,0.0,,,5,Clinic,Government/Council,False,False,True
295.0,538.0,Manicaland,Chipinge,32.3602790833,-20.90194,0.0,1998.0,Mabeye,5,0.0,Clinic,0.0,0.0,0.0,0.0,0.0,0.0,0.0,0.0,0.0,0.0,0.0,0.0,0.0,0.0,0.0,0.0,0.0,0.0,0.0,0.0,0.0,0.0,0.0,0.0,0.0,0.0,0.0,0,0.0,,,5,Clinic,Government/Council,False,False,True
296.0,548.0,Manicaland,Chipinge,32.3633308411,-20.72111,0.0,1998.0,Madhuka,6,0.0,Rural Health Centre,0.0,0.0,0.0,0.0,0.0,0.0,0.0,0.0,0.0,0.0,0.0,0.0,0.0,0.0,0.0,0.0,0.0,0.0,0.0,0.0,0.0,0.0,0.0,0.0,0.0,0.0,0.0,0,0.0,,,6,Rural Health Centre,Government,False,False,True
297.0,560.0,Manicaland,Chipinge,32.392780304,-21.25,0.0,1998.0,Mahenye,5,0.0,Clinic,0.0,0.0,0.0,0.0,0.0,0.0,0.0,0.0,0.0,0.0,0.0,0.0,0.0,0.0,0.0,0.0,0.0,0.0,0.0,0.0,0.0,0.0,0.0,0.0,0.0,0.0,0.0,0,0.0,,,5,Clinic,Government/Council,False,False,True
298.0,597.0,Manicaland,Chipinge,32.3402786255,-20.77556,0.0,1998.0,Manzvire,5,0.0,Clinic,0.0,0.0,0.0,0.0,0.0,0.0,0.0,0.0,0.0,0.0,0.0,0.0,0.0,0.0,0.0,0.0,0.0,0.0,0.0,0.0,0.0,0.0,0.0,0.0,0.0,0.0,0.0,0,0.0,,,5,Clinic,Government/Council,False,False,True
299.0,1179.0,Manicaland,Chipinge,32.4775009155,-20.69972,0.0,1998.0,Zamchiya,5,0.0,Clinic,0.0,0.0,0.0,0.0,0.0,0.0,0.0,0.0,0.0,0.0,0.0,0.0,0.0,0.0,0.0,0.0,0.0,0.0,0.0,0.0,0.0,0.0,0.0,0.0,0.0,0.0,0.0,0,0.0,,,5,Clinic,Government/Council,False,False,True
300.0,1199.0,Manicaland,Chipinge,32.7361106873,-20.43722,0.0,1998.0,Zona,5,0.0,Clinic,0.0,0.0,0.0,0.0,0.0,0.0,0.0,0.0,0.0,0.0,0.0,0.0,0.0,0.0,0.0,0.0,0.0,0.0,0.0,0.0,0.0,0.0,0.0,0.0,0.0,0.0,0.0,0,0.0,,,5,Clinic,Government/Council,False,False,True
301.0,1205.0,Manicaland,Chipinge,32.6222190857,-20.19917,0.0,1998.0,ZRP-Chipinge,5,0.0,Clinic,0.0,0.0,0.0,0.0,0.0,0.0,0.0,0.0,0.0,0.0,0.0,0.0,0.0,0.0,0.0,0.0,0.0,0.0,0.0,0.0,0.0,0.0,0.0,0.0,0.0,0.0,0.0,0,0.0,,,5,Clinic,"Excluded - restricted access (prison/police, not public)",False,False,False
302.0,713.0,Manicaland,Chipinge,32.7030601501,-20.42389,0.0,1998.0,Mt. Selinda,3,0.0,Mission Hospital,0.0,0.0,0.0,0.0,0.0,0.0,0.0,0.0,0.0,0.0,0.0,0.0,0.0,0.0,0.0,0.0,0.0,0.0,0.0,0.0,0.0,0.0,0.0,0.0,0.0,0.0,0.0,0,0.0,,,3,Mission Hospital,Mission/Church,False,False,True
303.0,752.0,Manicaland,Chipinge,32.2766685486,-21.07389,0.0,1998.0,Muparadze,5,0.0,Clinic,0.0,0.0,0.0,0.0,0.0,0.0,0.0,0.0,0.0,0.0,0.0,0.0,0.0,0.0,0.0,0.0,0.0,0.0,0.0,0.0,0.0,0.0,0.0,0.0,0.0,0.0,0.0,0,0.0,,,5,Clinic,Government/Council,False,False,True
304.0,770.0,Manicaland,Chipinge,32.4033317566,-20.08361,0.0,1998.0,Musani,5,0.0,Clinic,0.0,0.0,0.0,0.0,0.0,0.0,0.0,0.0,0.0,0.0,0.0,0.0,0.0,0.0,0.0,0.0,0.0,0.0,0.0,0.0,0.0,0.0,0.0,0.0,0.0,0.0,0.0,0,0.0,,,5,Clinic,Government/Council,False,False,True
305.0,778.0,Manicaland,Chipinge,32.580280304,-20.46028,0.0,1998.0,Musirwizi,5,0.0,Clinic,0.0,0.0,0.0,0.0,0.0,0.0,0.0,0.0,0.0,0.0,0.0,0.0,0.0,0.0,0.0,0.0,0.0,0.0,0.0,0.0,0.0,0.0,0.0,0.0,0.0,0.0,0.0,0,0.0,,,5,Clinic,Government/Council,False,False,True
306.0,786.0,Manicaland,Chipinge,32.1949996948,-21.01056,0.0,1998.0,Mutandahwe,5,0.0,Clinic,0.0,0.0,0.0,0.0,0.0,0.0,0.0,0.0,0.0,0.0,0.0,0.0,0.0,0.0,0.0,0.0,0.0,0.0,0.0,0.0,0.0,0.0,0.0,0.0,0.0,0.0,0.0,0,0.0,,,5,Clinic,Government/Council,False,False,True
307.0,791.0,Manicaland,Chipinge,32.3602790833,-20.13417,0.0,1998.0,Mutema,5,0.0,Clinic,0.0,0.0,0.0,0.0,0.0,0.0,0.0,0.0,0.0,0.0,0.0,0.0,0.0,0.0,0.0,0.0,0.0,0.0,0.0,0.0,0.0,0.0,0.0,0.0,0.0,0.0,0.0,0,0.0,,,5,Clinic,Government/Council,False,False,True
308.0,837.0,Manicaland,Chipinge,32.5744400024,-20.09583,0.0,1998.0,New Year Gift,5,0.0,Clinic,0.0,0.0,0.0,0.0,0.0,0.0,0.0,0.0,0.0,0.0,0.0,0.0,0.0,0.0,0.0,0.0,0.0,0.0,0.0,0.0,0.0,0.0,0.0,0.0,0.0,0.0,0.0,0,0.0,,,5,Clinic,Government/Council,False,False,True
309.0,838.0,Manicaland,Chipinge,32.5697212219,-19.98972,0.0,1998.0,Ngaome,5,0.0,Clinic,0.0,0.0,0.0,0.0,0.0,0.0,0.0,0.0,0.0,0.0,0.0,0.0,0.0,0.0,0.0,0.0,0.0,0.0,0.0,0.0,0.0,0.0,0.0,0.0,0.0,0.0,0.0,0,0.0,,,5,Clinic,Government/Council,False,False,True
310.0,946.0,Manicaland,Chipinge,32.8058280945,-20.11056,0.0,1998.0,Paidamoyo,5,0.0,Clinic,0.0,0.0,0.0,0.0,0.0,0.0,0.0,0.0,0.0,0.0,0.0,0.0,0.0,0.0,0.0,0.0,0.0,0.0,0.0,0.0,0.0,0.0,0.0,0.0,0.0,0.0,0.0,0,0.0,,Clinic,5,Clinic,Government/Council,False,False,True
311.0,969.0,Manicaland,Chipinge,32.8061103821,-20.24639,0.0,1998.0,Ratelshoek,5,0.0,Clinic,0.0,0.0,0.0,0.0,0.0,0.0,0.0,0.0,0.0,0.0,0.0,0.0,0.0,0.0,0.0,0.0,0.0,0.0,0.0,0.0,0.0,0.0,0.0,0.0,0.0,0.0,0.0,0,0.0,,Clinic,5,Clinic,Government/Council,False,False,True
312.0,974.0,Manicaland,Chipinge,32.3930587769,-20.5475,0.0,1998.0,Rimbi,5,0.0,Clinic,0.0,0.0,0.0,0.0,0.0,0.0,0.0,0.0,0.0,0.0,0.0,0.0,0.0,0.0,0.0,0.0,0.0,0.0,0.0,0.0,0.0,0.0,0.0,0.0,0.0,0.0,0.0,0,0.0,,Clinic,5,Clinic,Government/Council,False,False,True
313.0,1069.0,Manicaland,Chipinge,32.6844406128,-19.98972,0.0,1998.0,Silverstream,5,0.0,Clinic,0.0,0.0,0.0,0.0,0.0,0.0,0.0,0.0,0.0,0.0,0.0,0.0,0.0,0.0,0.0,0.0,0.0,0.0,0.0,0.0,0.0,0.0,0.0,0.0,0.0,0.0,0.0,0,0.0,,,5,Clinic,Government/Council,False,False,True
314.0,1083.0,Manicaland,Chipinge,32.8224983215,-20.265,0.0,1998.0,Southern Hold.,5,0.0,Clinic,0.0,0.0,0.0,0.0,0.0,0.0,0.0,0.0,0.0,0.0,0.0,0.0,0.0,0.0,0.0,0.0,0.0,0.0,0.0,0.0,0.0,0.0,0.0,0.0,0.0,0.0,0.0,0,0.0,,,5,Clinic,Government/Council,False,False,True
315.0,1098.0,Manicaland,Chipinge,32.2152786255,-20.77111,0.0,1998.0,St. Peters,3,0.0,Mission Hospital,0.0,0.0,0.0,0.0,0.0,0.0,0.0,0.0,0.0,0.0,0.0,0.0,0.0,0.0,0.0,0.0,0.0,0.0,0.0,0.0,0.0,0.0,0.0,0.0,0.0,0.0,0.0,0,0.0,,,3,Mission Hospital,Mission/Church,False,False,True
316.0,1119.0,Manicaland,Chipinge,32.3505592346,-20.11056,0.0,1998.0,Tanganda,5,0.0,Clinic,0.0,0.0,0.0,0.0,0.0,0.0,0.0,0.0,0.0,0.0,0.0,0.0,0.0,0.0,0.0,0.0,0.0,0.0,0.0,0.0,0.0,0.0,0.0,0.0,0.0,0.0,0.0,0,0.0,,,5,Clinic,Government/Council,False,False,True
317.0,1127.0,Manicaland,Chipinge,32.306388855,-20.34806,0.0,1998.0,Tongogara,5,0.0,Clinic,0.0,0.0,0.0,0.0,0.0,0.0,0.0,0.0,0.0,0.0,0.0,0.0,0.0,0.0,0.0,0.0,0.0,0.0,0.0,0.0,0.0,0.0,0.0,0.0,0.0,0.0,0.0,0,0.0,,,5,Clinic,Government/Council,False,False,True
318.0,1157.0,Manicaland,Chipinge,32.1538887024,-20.93722,0.0,1998.0,Vheneka,5,0.0,Clinic,0.0,0.0,0.0,0.0,0.0,0.0,0.0,0.0,0.0,0.0,0.0,0.0,0.0,0.0,0.0,0.0,0.0,0.0,0.0,0.0,0.0,0.0,0.0,0.0,0.0,0.0,0.0,0,0.0,,,5,Clinic,Government/Council,False,False,True
319.0,1420.0,Manicaland,Chipinge,32.37463,-19.96033,0.0,2007.0,ZRP Birchnough Bridge,5,2000.0,Clinic,0.0,1.0,0.0,0.0,0.0,0.0,0.0,0.0,0.0,0.0,1000.0,5.0,0.0,1.0,1.0,0.0,1.0,0.0,0.0,1.0,1.0,1.0,0.0,1.0,0.0,1.0,0.0,1,0.0,,,5,Clinic,"Excluded - restricted access (prison/police, not public)",False,False,False
320.0,1421.0,Manicaland,Chipinge,32.39283,-21.25018,0.0,2007.0,Mahenye,6,1984.0,Rural Health Centre,0.0,2.0,1.0,0.0,0.0,0.0,0.0,8.0,0.0,8.0,3653.0,73.0,0.0,1.0,0.0,1.0,1.0,0.0,0.0,0.0,1.0,1.0,0.0,1.0,0.0,1.0,0.0,0,0.0,Phone not yet working,,6,Rural Health Centre,Government,False,False,True
321.0,1422.0,Manicaland,Chipinge,32.62535,-20.19118,0.0,2007.0,Town Clinic,5,2004.0,Clinic,0.0,2.0,2.0,0.0,0.0,0.0,0.0,2.0,0.0,2.0,8000.0,2.0,0.0,1.0,1.0,0.0,1.0,0.0,0.0,1.0,0.0,0.0,0.0,1.0,1.0,0.0,0.0,1,0.0,,,5,Clinic,Government/Council,False,False,True
322.0,1423.0,Manicaland,Chipinge,32.83279,-20.30563,0.0,2007.0,Tamandai,5,0.0,Clinic,0.0,2.0,1.0,0.0,0.0,0.0,0.0,0.0,0.0,0.0,5039.0,60.0,0.0,0.0,1.0,0.0,1.0,0.0,0.0,1.0,1.0,1.0,0.0,1.0,0.0,1.0,1.0,1,0.0,,,5,Clinic,Government/Council,False,False,True
323.0,82.0,Masvingo,Chiredzi,31.804889679,-21.25369,0.0,1998.0,Chambuta,5,0.0,Clinic,0.0,0.0,0.0,0.0,0.0,0.0,0.0,0.0,0.0,0.0,0.0,0.0,0.0,0.0,0.0,0.0,0.0,0.0,0.0,0.0,0.0,0.0,0.0,0.0,0.0,0.0,0.0,0,0.0,,Clinic,5,Clinic,Government/Council,False,False,True
324.0,127.0,Masvingo,Chiredzi,31.3393096924,-21.67494,0.0,1998.0,Chikombedzi,4,0.0,Hospital,0.0,0.0,0.0,0.0,0.0,0.0,0.0,0.0,0.0,0.0,0.0,0.0,0.0,0.0,0.0,0.0,0.0,0.0,0.0,0.0,0.0,0.0,0.0,0.0,0.0,0.0,0.0,0,0.0,,,4,Hospital,Government,False,False,True
325.0,141.0,Masvingo,Chiredzi,31.6558609009,-21.22336,0.0,1998.0,Chilonga,5,0.0,Clinic,0.0,0.0,0.0,0.0,0.0,0.0,0.0,0.0,0.0,0.0,0.0,0.0,0.0,0.0,0.0,0.0,0.0,0.0,0.0,0.0,0.0,0.0,0.0,0.0,0.0,0.0,0.0,0,0.0,,Clinic,5,Clinic,Government/Council,False,False,True
326.0,146.0,Masvingo,Chiredzi,31.7906398773,-21.35144,0.0,1998.0,Chimbwedziva,5,0.0,Clinic,0.0,0.0,0.0,0.0,0.0,0.0,0.0,0.0,0.0,0.0,0.0,0.0,0.0,0.0,0.0,0.0,0.0,0.0,0.0,0.0,0.0,0.0,0.0,0.0,0.0,0.0,0.0,0,0.0,,Clinic,5,Clinic,Government/Council,False,False,True
327.0,157.0,Masvingo,Chiredzi,31.6189403534,-21.41761,0.0,1998.0,Chingele,5,0.0,Clinic,0.0,0.0,0.0,0.0,0.0,0.0,0.0,0.0,0.0,0.0,0.0,0.0,0.0,0.0,0.0,0.0,0.0,0.0,0.0,0.0,0.0,0.0,0.0,0.0,0.0,0.0,0.0,0,0.0,,Clinic,5,Clinic,Government/Council,False,False,True
328.0,179.0,Masvingo,Chiredzi,31.7912807465,-20.836,0.0,1998.0,Chipiwa,5,0.0,Clinic,0.0,0.0,0.0,0.0,0.0,0.0,0.0,0.0,0.0,0.0,0.0,0.0,0.0,0.0,0.0,0.0,0.0,0.0,0.0,0.0,0.0,0.0,0.0,0.0,0.0,0.0,0.0,0,0.0,,Clinic,5,Clinic,Government/Council,False,False,True
329.0,183.0,Masvingo,Chiredzi,31.6732196808,-21.036,0.0,1998.0,Chiredzi,2,0.0,Hospital,0.0,0.0,0.0,0.0,0.0,0.0,0.0,0.0,0.0,0.0,0.0,0.0,0.0,0.0,0.0,0.0,0.0,0.0,0.0,0.0,0.0,0.0,0.0,0.0,0.0,0.0,0.0,0,0.0,,,2,Hospital,Government,False,False,True
330.0,213.0,Masvingo,Chiredzi,32.1513900757,-21.10053,0.0,1998.0,Chitsa,5,0.0,Clinic,0.0,0.0,0.0,0.0,0.0,0.0,0.0,0.0,0.0,0.0,0.0,0.0,0.0,0.0,0.0,0.0,0.0,0.0,0.0,0.0,0.0,0.0,0.0,0.0,0.0,0.0,0.0,0,0.0,,Clinic,5,Clinic,Government/Council,False,False,True
331.0,238.0,Masvingo,Chiredzi,32.0193901062,-20.98369,0.0,1998.0,Chizvirizvi,5,0.0,Clinic,0.0,0.0,0.0,0.0,0.0,0.0,0.0,0.0,0.0,0.0,0.0,0.0,0.0,0.0,0.0,0.0,0.0,0.0,0.0,0.0,0.0,0.0,0.0,0.0,0.0,0.0,0.0,0,0.0,,Clinic,5,Clinic,Government/Council,False,False,True
332.0,239.0,Masvingo,Chiredzi,31.2905292511,-21.53381,0.0,1998.0,Chomopani,5,0.0,Clinic,0.0,0.0,0.0,0.0,0.0,0.0,0.0,0.0,0.0,0.0,0.0,0.0,0.0,0.0,0.0,0.0,0.0,0.0,0.0,0.0,0.0,0.0,0.0,0.0,0.0,0.0,0.0,0,0.0,,Clinic,5,Clinic,Government/Council,False,False,True
333.0,253.0,Masvingo,Chiredzi,31.4732494354,-21.33969,0.0,1998.0,Damarakanaka,5,0.0,Clinic,0.0,0.0,0.0,0.0,0.0,0.0,0.0,0.0,0.0,0.0,0.0,0.0,0.0,0.0,0.0,0.0,0.0,0.0,0.0,0.0,0.0,0.0,0.0,0.0,0.0,0.0,0.0,0,0.0,,,5,Clinic,Government/Council,False,False,True
334.0,262.0,Masvingo,Chiredzi,31.233499527,-22.26981,0.0,1998.0,Davata,5,0.0,Clinic,0.0,0.0,0.0,0.0,0.0,0.0,0.0,0.0,0.0,0.0,0.0,0.0,0.0,0.0,0.0,0.0,0.0,0.0,0.0,0.0,0.0,0.0,0.0,0.0,0.0,0.0,0.0,0,0.0,,,5,Clinic,Government/Council,False,False,True
335.0,302.0,Masvingo,Chiredzi,31.4039402008,-22.21711,0.0,1998.0,Dumisa,5,0.0,Clinic,0.0,0.0,0.0,0.0,0.0,0.0,0.0,0.0,0.0,0.0,0.0,0.0,0.0,0.0,0.0,0.0,0.0,0.0,0.0,0.0,0.0,0.0,0.0,0.0,0.0,0.0,0.0,0,0.0,,,5,Clinic,Government/Council,False,False,True
336.0,341.0,Masvingo,Chiredzi,31.1555309296,-22.10286,0.0,1998.0,Gezani,5,0.0,Clinic,0.0,0.0,0.0,0.0,0.0,0.0,0.0,0.0,0.0,0.0,0.0,0.0,0.0,0.0,0.0,0.0,0.0,0.0,0.0,0.0,0.0,0.0,0.0,0.0,0.0,0.0,0.0,0,0.0,,,5,Clinic,Government/Council,False,False,True
337.0,409.0,Masvingo,Chiredzi,31.6511096954,-21.07347,0.0,1998.0,Hippo Valley,5,0.0,Clinic,0.0,0.0,0.0,0.0,0.0,0.0,0.0,0.0,0.0,0.0,0.0,0.0,0.0,0.0,0.0,0.0,0.0,0.0,0.0,0.0,0.0,0.0,0.0,0.0,0.0,0.0,0.0,0,0.0,,,5,Clinic,Government/Council,False,False,True
338.0,561.0,Masvingo,Chiredzi,31.5041904449,-21.53764,0.0,1998.0,Mahlanguleni,5,0.0,Clinic,0.0,0.0,0.0,0.0,0.0,0.0,0.0,0.0,0.0,0.0,0.0,0.0,0.0,0.0,0.0,0.0,0.0,0.0,0.0,0.0,0.0,0.0,0.0,0.0,0.0,0.0,0.0,0,0.0,,,5,Clinic,Government/Council,False,False,True
339.0,569.0,Masvingo,Chiredzi,31.3401107788,-21.45361,0.0,1998.0,Makambe,5,0.0,Clinic,0.0,0.0,0.0,0.0,0.0,0.0,0.0,0.0,0.0,0.0,0.0,0.0,0.0,0.0,0.0,0.0,0.0,0.0,0.0,0.0,0.0,0.0,0.0,0.0,0.0,0.0,0.0,0,0.0,,,5,Clinic,Government/Council,False,False,True
340.0,583.0,Masvingo,Chiredzi,31.4201908112,-22.07142,0.0,1998.0,Malipati,6,0.0,Rural Health Centre,0.0,0.0,0.0,0.0,0.0,0.0,0.0,0.0,0.0,0.0,0.0,0.0,0.0,0.0,0.0,0.0,0.0,0.0,0.0,0.0,0.0,0.0,0.0,0.0,0.0,0.0,0.0,0,0.0,,,6,Rural Health Centre,Government,False,False,True
341.0,1202.0,Masvingo,Chiredzi,31.6732807159,-21.03814,0.0,1998.0,ZRP,5,0.0,Clinic,0.0,0.0,0.0,0.0,0.0,0.0,0.0,0.0,0.0,0.0,0.0,0.0,0.0,0.0,0.0,0.0,0.0,0.0,0.0,0.0,0.0,0.0,0.0,0.0,0.0,0.0,0.0,0,0.0,,,5,Clinic,"Excluded - restricted access (prison/police, not public)",False,False,False
342.0,1206.0,Masvingo,Chiredzi,31.6169395447,-21.03806,0.0,1998.0,ZSA,5,0.0,Clinic,0.0,0.0,0.0,0.0,0.0,0.0,0.0,0.0,0.0,0.0,0.0,0.0,0.0,0.0,0.0,0.0,0.0,0.0,0.0,0.0,0.0,0.0,0.0,0.0,0.0,0.0,0.0,0,0.0,,,5,Clinic,Government/Council,False,False,True
343.0,742.0,Masvingo,Chiredzi,31.8846092224,-20.83886,0.0,1998.0,Mkwasine,5,0.0,Clinic,0.0,0.0,0.0,0.0,0.0,0.0,0.0,0.0,0.0,0.0,0.0,0.0,0.0,0.0,0.0,0.0,0.0,0.0,0.0,0.0,0.0,0.0,0.0,0.0,0.0,0.0,0.0,0,0.0,,,5,Clinic,Government/Council,False,False,True
344.0,796.0,Masvingo,Chiredzi,32.1204414368,-20.93611,0.0,1998.0,Muteyo,5,0.0,Clinic,0.0,0.0,0.0,0.0,0.0,0.0,0.0,0.0,0.0,0.0,0.0,0.0,0.0,0.0,0.0,0.0,0.0,0.0,0.0,0.0,0.0,0.0,0.0,0.0,0.0,0.0,0.0,0,0.0,,,5,Clinic,Government/Council,False,False,True
345.0,862.0,Masvingo,Chiredzi,31.4692802429,-21.02481,0.0,1998.0,NRZ,5,0.0,Clinic,0.0,0.0,0.0,0.0,0.0,0.0,0.0,0.0,0.0,0.0,0.0,0.0,0.0,0.0,0.0,0.0,0.0,0.0,0.0,0.0,0.0,0.0,0.0,0.0,0.0,0.0,0.0,0,0.0,,,5,Clinic,Government/Council,False,False,True
346.0,913.0,Masvingo,Chiredzi,31.7523097992,-20.68347,0.0,1998.0,Nyangambe,5,0.0,Clinic,0.0,0.0,0.0,0.0,0.0,0.0,0.0,0.0,0.0,0.0,0.0,0.0,0.0,0.0,0.0,0.0,0.0,0.0,0.0,0.0,0.0,0.0,0.0,0.0,0.0,0.0,0.0,0,0.0,,,5,Clinic,Government/Council,False,False,True
347.0,941.0,Masvingo,Chiredzi,31.4508895874,-21.42189,0.0,1998.0,Old Boli,5,0.0,Clinic,0.0,0.0,0.0,0.0,0.0,0.0,0.0,0.0,0.0,0.0,0.0,0.0,0.0,0.0,0.0,0.0,0.0,0.0,0.0,0.0,0.0,0.0,0.0,0.0,0.0,0.0,0.0,0,0.0,,Clinic,5,Clinic,Government/Council,False,False,True
348.0,945.0,Masvingo,Chiredzi,31.3577194214,-21.94103,0.0,1998.0,Pahlela,5,0.0,Clinic,0.0,0.0,0.0,0.0,0.0,0.0,0.0,0.0,0.0,0.0,0.0,0.0,0.0,0.0,0.0,0.0,0.0,0.0,0.0,0.0,0.0,0.0,0.0,0.0,0.0,0.0,0.0,0,0.0,,Clinic,5,Clinic,Government/Council,False,False,True
349.0,958.0,Masvingo,Chiredzi,30.8334407806,-20.09081,0.0,1998.0,PMD Masvingo,9,0.0,PMD Offices,0.0,0.0,0.0,0.0,0.0,0.0,0.0,0.0,0.0,0.0,0.0,0.0,0.0,0.0,0.0,0.0,0.0,0.0,0.0,0.0,0.0,0.0,0.0,0.0,0.0,0.0,0.0,0,0.0,,,9,PMD Offices,Admin office (not a facility),False,True,False
350.0,960.0,Masvingo,Chiredzi,31.9051895142,-20.78747,0.0,1998.0,Porepore,5,0.0,Clinic,0.0,0.0,0.0,0.0,0.0,0.0,0.0,0.0,0.0,0.0,0.0,0.0,0.0,0.0,0.0,0.0,0.0,0.0,0.0,0.0,0.0,0.0,0.0,0.0,0.0,0.0,0.0,0,0.0,,Clinic,5,Clinic,Government/Council,False,False,True
351.0,968.0,Masvingo,Chiredzi,32.1502799988,-21.00061,0.0,1998.0,Rapanguwana,5,0.0,Clinic,0.0,0.0,0.0,0.0,0.0,0.0,0.0,0.0,0.0,0.0,0.0,0.0,0.0,0.0,0.0,0.0,0.0,0.0,0.0,0.0,0.0,0.0,0.0,0.0,0.0,0.0,0.0,0,0.0,,Clinic,5,Clinic,Government/Council,False,False,True
352.0,998.0,Masvingo,Chiredzi,31.3044395447,-22.10658,0.0,1998.0,Rutandare,5,0.0,Clinic,0.0,0.0,0.0,0.0,0.0,0.0,0.0,0.0,0.0,0.0,0.0,0.0,0.0,0.0,0.0,0.0,0.0,0.0,0.0,0.0,0.0,0.0,0.0,0.0,0.0,0.0,0.0,0,0.0,,Clinic,5,Clinic,Government/Council,False,False,True
353.0,1019.0,Masvingo,Chiredzi,31.3744392395,-22.23522,0.0,1998.0,Samu,5,0.0,Clinic,0.0,0.0,0.0,0.0,0.0,0.0,0.0,0.0,0.0,0.0,0.0,0.0,0.0,0.0,0.0,0.0,0.0,0.0,0.0,0.0,0.0,0.0,0.0,0.0,0.0,0.0,0.0,0,0.0,,Clinic,5,Clinic,Government/Council,False,False,True
354.0,1088.0,Masvingo,Chiredzi,32.1207809448,-20.82314,0.0,1998.0,St Joseph,5,0.0,Clinic,0.0,0.0,0.0,0.0,0.0,0.0,0.0,0.0,0.0,0.0,0.0,0.0,0.0,0.0,0.0,0.0,0.0,0.0,0.0,0.0,0.0,0.0,0.0,0.0,0.0,0.0,0.0,0,0.0,,,5,Clinic,Government/Council,False,False,True
355.0,1134.0,Masvingo,Chiredzi,31.4748592377,-21.04056,0.0,1998.0,Triangle,4,0.0,Hospital,0.0,0.0,0.0,0.0,0.0,0.0,0.0,0.0,0.0,0.0,0.0,0.0,0.0,0.0,0.0,0.0,0.0,0.0,0.0,0.0,0.0,0.0,0.0,0.0,0.0,0.0,0.0,0,0.0,,,4,Hospital,Government,False,False,True
356.0,1143.0,Masvingo,Chiredzi,31.688419342,-21.039,0.0,1998.0,Tsovani,5,0.0,Clinic,0.0,0.0,0.0,0.0,0.0,0.0,0.0,0.0,0.0,0.0,0.0,0.0,0.0,0.0,0.0,0.0,0.0,0.0,0.0,0.0,0.0,0.0,0.0,0.0,0.0,0.0,0.0,0,0.0,,,5,Clinic,Government/Council,False,False,True
357.0,1323.0,Masvingo,Chiredzi,31.35101,-20.68621,513.0,2007.0,Faversham,5,2005.0,Clinic,0.0,1.0,0.0,1.0,1.0,0.0,0.0,6.0,1.0,5.0,5000.0,95.0,0.0,0.0,0.0,1.0,0.0,0.0,0.0,0.0,1.0,1.0,0.0,1.0,0.0,1.0,0.0,0,0.0,Require radio,,5,Clinic,Government/Council,False,False,True
358.0,75.0,Midlands,Chirumanzu,30.6891403198,-19.53636,0.0,1998.0,Chaka,5,0.0,Clinic,0.0,0.0,0.0,0.0,0.0,0.0,0.0,0.0,0.0,0.0,0.0,0.0,0.0,0.0,0.0,0.0,0.0,0.0,0.0,0.0,0.0,0.0,0.0,0.0,0.0,0.0,0.0,0,0.0,,Clinic,5,Clinic,Government/Council,False,False,True
359.0,106.0,Midlands,Chirumanzu,30.5532207489,-19.80483,0.0,1998.0,Chengwena,5,0.0,Clinic,0.0,0.0,0.0,0.0,0.0,0.0,0.0,0.0,0.0,0.0,0.0,0.0,0.0,0.0,0.0,0.0,0.0,0.0,0.0,0.0,0.0,0.0,0.0,0.0,0.0,0.0,0.0,0,0.0,,Clinic,5,Clinic,Government/Council,False,False,True
360.0,236.0,Midlands,Chirumanzu,30.5044708252,-19.55183,0.0,1998.0,Chizhou,6,0.0,Rural Health Centre,0.0,0.0,0.0,0.0,0.0,0.0,0.0,0.0,0.0,0.0,0.0,0.0,0.0,0.0,0.0,0.0,0.0,0.0,0.0,0.0,0.0,0.0,0.0,0.0,0.0,0.0,0.0,0,0.0,,,6,Rural Health Centre,Government,False,False,True
361.0,271.0,Midlands,Chirumanzu,30.5168304443,-19.77036,0.0,1998.0,Denhere,6,0.0,Rural Health Centre,0.0,0.0,0.0,0.0,0.0,0.0,0.0,0.0,0.0,0.0,0.0,0.0,0.0,0.0,0.0,0.0,0.0,0.0,0.0,0.0,0.0,0.0,0.0,0.0,0.0,0.0,0.0,0,0.0,,,6,Rural Health Centre,Government,False,False,True
362.0,299.0,Midlands,Chirumanzu,30.7071094513,-19.41889,0.0,1998.0,Driefontein,3,0.0,T.B Hospital,0.0,0.0,0.0,0.0,0.0,0.0,0.0,0.0,0.0,0.0,0.0,0.0,0.0,0.0,0.0,0.0,0.0,0.0,0.0,0.0,0.0,0.0,0.0,0.0,0.0,0.0,0.0,0,0.0,,,3,T.B Hospital,Mission/Church,False,False,True
363.0,375.0,Midlands,Chirumanzu,30.4875602722,-19.63519,0.0,1998.0,Guramatunhu,5,0.0,Clinic,0.0,0.0,0.0,0.0,0.0,0.0,0.0,0.0,0.0,0.0,0.0,0.0,0.0,0.0,0.0,0.0,0.0,0.0,0.0,0.0,0.0,0.0,0.0,0.0,0.0,0.0,0.0,0,0.0,,,5,Clinic,Government/Council,False,False,True
364.0,397.0,Midlands,Chirumanzu,30.6245002747,-19.85431,0.0,1998.0,Hama,5,0.0,Clinic,0.0,0.0,0.0,0.0,0.0,0.0,0.0,0.0,0.0,0.0,0.0,0.0,0.0,0.0,0.0,0.0,0.0,0.0,0.0,0.0,0.0,0.0,0.0,0.0,0.0,0.0,0.0,0,0.0,,,5,Clinic,Government/Council,False,False,True
365.0,411.0,Midlands,Chirumanzu,30.5909404755,-19.56742,0.0,1998.0,Holy Cross,6,0.0,Rural Health Centre,0.0,0.0,0.0,0.0,0.0,0.0,0.0,0.0,0.0,0.0,0.0,0.0,0.0,0.0,0.0,0.0,0.0,0.0,0.0,0.0,0.0,0.0,0.0,0.0,0.0,0.0,0.0,0,0.0,,,6,Rural Health Centre,Government,False,False,True
366.0,519.0,Midlands,Chirumanzu,30.1853103638,-19.33514,0.0,1998.0,Lalapanzi,5,0.0,Clinic,0.0,0.0,0.0,0.0,0.0,0.0,0.0,0.0,0.0,0.0,0.0,0.0,0.0,0.0,0.0,0.0,0.0,0.0,0.0,0.0,0.0,0.0,0.0,0.0,0.0,0.0,0.0,0,0.0,,,5,Clinic,Government/Council,False,False,True
367.0,535.0,Midlands,Chirumanzu,30.5242195129,-19.40619,0.0,1998.0,Lynwood,6,0.0,Rural Health Centre,0.0,0.0,0.0,0.0,0.0,0.0,0.0,0.0,0.0,0.0,0.0,0.0,0.0,0.0,0.0,0.0,0.0,0.0,0.0,0.0,0.0,0.0,0.0,0.0,0.0,0.0,0.0,0,0.0,,,6,Rural Health Centre,Government,False,False,True
368.0,715.0,Midlands,Chirumanzu,30.6203899384,-19.3525,0.0,1998.0,Mtao,5,0.0,Clinic,0.0,0.0,0.0,0.0,0.0,0.0,0.0,0.0,0.0,0.0,0.0,0.0,0.0,0.0,0.0,0.0,0.0,0.0,0.0,0.0,0.0,0.0,0.0,0.0,0.0,0.0,0.0,0,0.0,,,5,Clinic,Government/Council,False,False,True
369.0,804.0,Midlands,Chirumanzu,30.7020301819,-19.42233,0.0,1998.0,Muwonde,3,0.0,Mission Hospital,0.0,0.0,0.0,0.0,0.0,0.0,0.0,0.0,0.0,0.0,0.0,0.0,0.0,0.0,0.0,0.0,0.0,0.0,0.0,0.0,0.0,0.0,0.0,0.0,0.0,0.0,0.0,0,0.0,,,3,Mission Hospital,Mission/Church,False,False,True
370.0,808.0,Midlands,Chirumanzu,30.520860672,-19.29036,0.0,1998.0,Mvuma,2,0.0,District Hospital,0.0,0.0,0.0,0.0,0.0,0.0,0.0,0.0,0.0,0.0,0.0,0.0,0.0,0.0,0.0,0.0,0.0,0.0,0.0,0.0,0.0,0.0,0.0,0.0,0.0,0.0,0.0,0,0.0,,,2,District Hospital,Government,False,False,True
371.0,926.0,Midlands,Chirumanzu,30.683719635,-19.65475,0.0,1998.0,Nyautonga,6,0.0,Rural Health Centre,0.0,0.0,0.0,0.0,0.0,0.0,0.0,0.0,0.0,0.0,0.0,0.0,0.0,0.0,0.0,0.0,0.0,0.0,0.0,0.0,0.0,0.0,0.0,0.0,0.0,0.0,0.0,0,0.0,,,6,Rural Health Centre,Government,False,False,True
372.0,933.0,Midlands,Chirumanzu,30.6507797241,-18.97053,0.0,1998.0,Nyikavanhu,6,0.0,Rural Health Centre,0.0,0.0,0.0,0.0,0.0,0.0,0.0,0.0,0.0,0.0,0.0,0.0,0.0,0.0,0.0,0.0,0.0,0.0,0.0,0.0,0.0,0.0,0.0,0.0,0.0,0.0,0.0,0,0.0,,,6,Rural Health Centre,Government,False,False,True
373.0,1077.0,Midlands,Chirumanzu,30.5043106079,-19.68994,0.0,1998.0,Siyahokwe,6,0.0,Rural Health Centre,0.0,0.0,0.0,0.0,0.0,0.0,0.0,0.0,0.0,0.0,0.0,0.0,0.0,0.0,0.0,0.0,0.0,0.0,0.0,0.0,0.0,0.0,0.0,0.0,0.0,0.0,0.0,0,0.0,,,6,Rural Health Centre,Government,False,False,True
374.0,1101.0,Midlands,Chirumanzu,30.6348590851,-19.71856,0.0,1998.0,St. Theresa,3,0.0,Mission Hospital,0.0,0.0,0.0,0.0,0.0,0.0,0.0,0.0,0.0,0.0,0.0,0.0,0.0,0.0,0.0,0.0,0.0,0.0,0.0,0.0,0.0,0.0,0.0,0.0,0.0,0.0,0.0,0,0.0,,,3,Mission Hospital,Mission/Church,False,False,True
375.0,1125.0,Midlands,Chirumanzu,30.2516708374,-19.47556,0.0,1998.0,Tokwe 4,5,0.0,Clinic,0.0,0.0,0.0,0.0,0.0,0.0,0.0,0.0,0.0,0.0,0.0,0.0,0.0,0.0,0.0,0.0,0.0,0.0,0.0,0.0,0.0,0.0,0.0,0.0,0.0,0.0,0.0,0,0.0,,,5,Clinic,Government/Council,False,False,True
376.0,1312.0,Midlands,Chirumanzu,30.46363,-19.2211,1333.0,2007.0,Central Estates,7,2001.0,Clinic,0.0,1.0,1.0,0.0,0.0,0.0,0.0,3.0,0.0,3.0,1322.0,10.0,0.0,1.0,1.0,0.0,1.0,0.0,0.0,1.0,0.0,0.0,0.0,1.0,0.0,1.0,0.0,1,0.0,,,7,Clinic,Private,True,False,False
377.0,0.0,Harare,Chitungwiza,31.0699,-18.0136,0.0,2013.0,CITIMED,Private,,Hospital,0.0,0.0,0.0,0.0,0.0,0.0,0.0,0.0,0.0,0.0,0.0,0.0,0.0,0.0,0.0,0.0,0.0,0.0,0.0,0.0,0.0,0.0,0.0,0.0,0.0,0.0,0.0,0,0.0,,,Private,Hospital,Private,True,False,False
378.0,0.0,Harare,Chitungwiza,31.0628,-18.0176,0.0,2013.0,Chitungwiza,govt,,Hospital,0.0,0.0,0.0,0.0,0.0,0.0,0.0,0.0,0.0,0.0,0.0,0.0,0.0,0.0,0.0,0.0,0.0,0.0,0.0,0.0,0.0,0.0,0.0,0.0,0.0,0.0,0.0,0,0.0,,,govt,Hospital,Government/Council,False,False,True
379.0,0.0,Harare,Chitungwiza,31.0582,-18.0066,0.0,2013.0,Zengeza 3,council,,clinic,0.0,0.0,0.0,0.0,0.0,0.0,0.0,0.0,0.0,0.0,0.0,0.0,0.0,0.0,0.0,0.0,0.0,0.0,0.0,0.0,0.0,0.0,0.0,0.0,0.0,0.0,0.0,0,0.0,,,council,clinic,Government/Council,False,False,True
380.0,0.0,Harare,Chitungwiza,31.0943,-18.0152,0.0,2013.0,Seke North,council,,clinic,0.0,0.0,0.0,0.0,0.0,0.0,0.0,0.0,0.0,0.0,0.0,0.0,0.0,0.0,0.0,0.0,0.0,0.0,0.0,0.0,0.0,0.0,0.0,0.0,0.0,0.0,0.0,0,0.0,,,council,clinic,Government/Council,False,False,True
381.0,0.0,Harare,Chitungwiza,31.1103,-18.0169,0.0,2013.0,ZRP camp,ZRP,,clinic,0.0,0.0,0.0,0.0,0.0,0.0,0.0,0.0,0.0,0.0,0.0,0.0,0.0,0.0,0.0,0.0,0.0,0.0,0.0,0.0,0.0,0.0,0.0,0.0,0.0,0.0,0.0,0,0.0,,,ZRP,clinic,"Excluded - restricted access (prison/police, not public)",False,False,False
382.0,0.0,Harare,Chitungwiza,31.0763,-18.0314,0.0,2013.0,Seke South,council,,clinic,0.0,0.0,0.0,0.0,0.0,0.0,0.0,0.0,0.0,0.0,0.0,0.0,0.0,0.0,0.0,0.0,0.0,0.0,0.0,0.0,0.0,0.0,0.0,0.0,0.0,0.0,0.0,0,0.0,,,council,clinic,Government/Council,False,False,True
383.0,0.0,Harare,Chitungwiza,31.0427,-17.9947,0.0,2013.0,St Mary's,council,,clinic,0.0,0.0,0.0,0.0,0.0,0.0,0.0,0.0,0.0,0.0,0.0,0.0,0.0,0.0,0.0,0.0,0.0,0.0,0.0,0.0,0.0,0.0,0.0,0.0,0.0,0.0,0.0,0,0.0,,,council,clinic,Government/Council,False,False,True
384.0,0.0,Harare,Chitungwiza,31.0427,-17.9908,0.0,2013.0,Manyame 24Hr,Private,,Maternity clinic,0.0,0.0,0.0,0.0,0.0,0.0,0.0,0.0,0.0,0.0,0.0,0.0,0.0,0.0,0.0,0.0,0.0,0.0,0.0,0.0,0.0,0.0,0.0,0.0,0.0,0.0,0.0,0,0.0,,,Private,Maternity clinic,Private,True,False,False
385.0,33.0,Masvingo,Chivi,30.5896091461,-20.63389,0.0,1998.0,Berejena,3,0.0,Mission Clinic,0.0,0.0,0.0,0.0,0.0,0.0,0.0,0.0,0.0,0.0,0.0,0.0,0.0,0.0,0.0,0.0,0.0,0.0,0.0,0.0,0.0,0.0,0.0,0.0,0.0,0.0,0.0,0,0.0,,,3,Mission Clinic,Mission/Church,False,False,True
386.0,117.0,Masvingo,Chivi,30.5581092834,-20.45081,0.0,1998.0,Chifedza,5,0.0,Clinic,0.0,0.0,0.0,0.0,0.0,0.0,0.0,0.0,0.0,0.0,0.0,0.0,0.0,0.0,0.0,0.0,0.0,0.0,0.0,0.0,0.0,0.0,0.0,0.0,0.0,0.0,0.0,0,0.0,,Clinic,5,Clinic,Government/Council,False,False,True
387.0,119.0,Masvingo,Chivi,30.2004699707,-20.15394,0.0,1998.0,Chigwikwi,6,0.0,Rural Health Centre,0.0,0.0,0.0,0.0,0.0,0.0,0.0,0.0,0.0,0.0,0.0,0.0,0.0,0.0,0.0,0.0,0.0,0.0,0.0,0.0,0.0,0.0,0.0,0.0,0.0,0.0,0.0,0,0.0,,,6,Rural Health Centre,Government,False,False,True
388.0,227.0,Masvingo,Chivi,30.5065593719,-20.31897,0.0,1998.0,Chivi,2,0.0,District Hospital,0.0,0.0,0.0,0.0,0.0,0.0,0.0,0.0,0.0,0.0,0.0,0.0,0.0,0.0,0.0,0.0,0.0,0.0,0.0,0.0,0.0,0.0,0.0,0.0,0.0,0.0,0.0,0,0.0,,,2,District Hospital,Government,False,False,True
389.0,228.0,Masvingo,Chivi,30.557559967,-20.35531,0.0,1998.0,Chivi,3,0.0,Mission Clinic,0.0,0.0,0.0,0.0,0.0,0.0,0.0,0.0,0.0,0.0,0.0,0.0,0.0,0.0,0.0,0.0,0.0,0.0,0.0,0.0,0.0,0.0,0.0,0.0,0.0,0.0,0.0,0,0.0,,,3,Mission Clinic,Mission/Church,False,False,True
390.0,229.0,Masvingo,Chivi,30.6878604889,-20.39058,0.0,1998.0,Chivi,4,0.0,Rural Hospital,0.0,0.0,0.0,0.0,0.0,0.0,0.0,0.0,0.0,0.0,0.0,0.0,0.0,0.0,0.0,0.0,0.0,0.0,0.0,0.0,0.0,0.0,0.0,0.0,0.0,0.0,0.0,0,0.0,,,4,Rural Hospital,Government,False,False,True
391.0,265.0,Masvingo,Chivi,30.4356403351,-20.47203,0.0,1998.0,Davira,5,0.0,Clinic,0.0,0.0,0.0,0.0,0.0,0.0,0.0,0.0,0.0,0.0,0.0,0.0,0.0,0.0,0.0,0.0,0.0,0.0,0.0,0.0,0.0,0.0,0.0,0.0,0.0,0.0,0.0,0,0.0,,,5,Clinic,Government/Council,False,False,True
392.0,513.0,Masvingo,Chivi,30.2566890717,-20.05147,0.0,1998.0,Kuranda,5,0.0,Clinic,0.0,0.0,0.0,0.0,0.0,0.0,0.0,0.0,0.0,0.0,0.0,0.0,0.0,0.0,0.0,0.0,0.0,0.0,0.0,0.0,0.0,0.0,0.0,0.0,0.0,0.0,0.0,0,0.0,,,5,Clinic,Government/Council,False,False,True
393.0,546.0,Masvingo,Chivi,30.3236103058,-20.05228,0.0,1998.0,Madamombe,6,0.0,Rural Health Centre,0.0,0.0,0.0,0.0,0.0,0.0,0.0,0.0,0.0,0.0,0.0,0.0,0.0,0.0,0.0,0.0,0.0,0.0,0.0,0.0,0.0,0.0,0.0,0.0,0.0,0.0,0.0,0,0.0,,,6,Rural Health Centre,Government,False,False,True
394.0,627.0,Masvingo,Chivi,30.371219635,-20.40044,0.0,1998.0,Masinire,5,0.0,Clinic,0.0,0.0,0.0,0.0,0.0,0.0,0.0,0.0,0.0,0.0,0.0,0.0,0.0,0.0,0.0,0.0,0.0,0.0,0.0,0.0,0.0,0.0,0.0,0.0,0.0,0.0,0.0,0,0.0,,,5,Clinic,Government/Council,False,False,True
395.0,683.0,Masvingo,Chivi,30.3716106415,-20.11747,0.0,1998.0,Mhandamabwe,6,0.0,Rural Health Centre,0.0,0.0,0.0,0.0,0.0,0.0,0.0,0.0,0.0,0.0,0.0,0.0,0.0,0.0,0.0,0.0,0.0,0.0,0.0,0.0,0.0,0.0,0.0,0.0,0.0,0.0,0.0,0,0.0,,,6,Rural Health Centre,Government,False,False,True
396.0,843.0,Masvingo,Chivi,30.8026409149,-20.80253,0.0,1998.0,Ngundu,4,0.0,Rural Health Centre,0.0,0.0,0.0,0.0,0.0,0.0,0.0,0.0,0.0,0.0,0.0,0.0,0.0,0.0,0.0,0.0,0.0,0.0,0.0,0.0,0.0,0.0,0.0,0.0,0.0,0.0,0.0,0,0.0,,,4,Rural Health Centre,Government,False,False,True
397.0,878.0,Masvingo,Chivi,30.9888896942,-20.82406,0.0,1998.0,Nyahombe,5,0.0,Clinic,0.0,0.0,0.0,0.0,0.0,0.0,0.0,0.0,0.0,0.0,0.0,0.0,0.0,0.0,0.0,0.0,0.0,0.0,0.0,0.0,0.0,0.0,0.0,0.0,0.0,0.0,0.0,0,0.0,,,5,Clinic,Government/Council,False,False,True
398.0,970.0,Masvingo,Chivi,30.6542205811,-20.71986,0.0,1998.0,Razi,6,0.0,Rural Health Centre,0.0,0.0,0.0,0.0,0.0,0.0,0.0,0.0,0.0,0.0,0.0,0.0,0.0,0.0,0.0,0.0,0.0,0.0,0.0,0.0,0.0,0.0,0.0,0.0,0.0,0.0,0.0,0,0.0,,,6,Rural Health Centre,Government,False,False,True
399.0,1049.0,Masvingo,Chivi,30.8503608704,-20.87186,0.0,1998.0,Shindi,5,0.0,Clinic,0.0,0.0,0.0,0.0,0.0,0.0,0.0,0.0,0.0,0.0,0.0,0.0,0.0,0.0,0.0,0.0,0.0,0.0,0.0,0.0,0.0,0.0,0.0,0.0,0.0,0.0,0.0,0,0.0,,,5,Clinic,Government/Council,False,False,True
400.0,1116.0,Masvingo,Chivi,30.3073101044,-20.33397,0.0,1998.0,Takavarasha,6,0.0,Rural Health Centre,0.0,0.0,0.0,0.0,0.0,0.0,0.0,0.0,0.0,0.0,0.0,0.0,0.0,0.0,0.0,0.0,0.0,0.0,0.0,0.0,0.0,0.0,0.0,0.0,0.0,0.0,0.0,0,0.0,,,6,Rural Health Centre,Government,False,False,True
401.0,1151.0,Masvingo,Chivi,30.2065792084,-20.03928,0.0,1998.0,Utete,5,0.0,Clinic,0.0,0.0,0.0,0.0,0.0,0.0,0.0,0.0,0.0,0.0,0.0,0.0,0.0,0.0,0.0,0.0,0.0,0.0,0.0,0.0,0.0,0.0,0.0,0.0,0.0,0.0,0.0,0,0.0,,,5,Clinic,Government/Council,False,False,True
402.0,314.0,Matebeleland South,Esigodini,28.9035797119,-20.40247,0.0,1998.0,Esibobvu,5,0.0,Clinic,0.0,0.0,0.0,0.0,0.0,0.0,0.0,0.0,0.0,0.0,0.0,0.0,0.0,0.0,0.0,0.0,0.0,0.0,0.0,0.0,0.0,0.0,0.0,0.0,0.0,0.0,0.0,0,0.0,,,5,Clinic,Government/Council,False,False,True
403.0,315.0,Matebeleland South,Esigodini,28.9367809296,-20.28347,0.0,1998.0,Esigodini,2,0.0,District Hospital,0.0,0.0,0.0,0.0,0.0,0.0,0.0,0.0,0.0,0.0,0.0,0.0,0.0,0.0,0.0,0.0,0.0,0.0,0.0,0.0,0.0,0.0,0.0,0.0,0.0,0.0,0.0,0,0.0,,,2,District Hospital,Government,False,False,True
404.0,396.0,Matebeleland South,Esigodini,28.9560604095,-20.32064,0.0,1998.0,Habani,5,0.0,Clinic,0.0,0.0,0.0,0.0,0.0,0.0,0.0,0.0,0.0,0.0,0.0,0.0,0.0,0.0,0.0,0.0,0.0,0.0,0.0,0.0,0.0,0.0,0.0,0.0,0.0,0.0,0.0,0,0.0,,,5,Clinic,Government/Council,False,False,True
405.0,416.0,Matebeleland South,Esigodini,28.7845592499,-20.30364,0.0,1998.0,How Mine,7,0.0,Mine Clinic,0.0,0.0,0.0,0.0,0.0,0.0,0.0,0.0,0.0,0.0,0.0,0.0,0.0,0.0,0.0,0.0,0.0,0.0,0.0,0.0,0.0,0.0,0.0,0.0,0.0,0.0,0.0,0,0.0,,,7,Mine Clinic,Private,True,False,False
406.0,438.0,Matebeleland South,Esigodini,29.0853099823,-20.52311,0.0,1998.0,Irisvale,6,0.0,Rural Health Centre,0.0,0.0,0.0,0.0,0.0,0.0,0.0,0.0,0.0,0.0,0.0,0.0,0.0,0.0,0.0,0.0,0.0,0.0,0.0,0.0,0.0,0.0,0.0,0.0,0.0,0.0,0.0,0,0.0,,,6,Rural Health Centre,Government,False,False,True
407.0,511.0,Matebeleland South,Esigodini,28.9070606232,-20.62233,0.0,1998.0,Kumbuzi,6,0.0,Rural Health Centre,0.0,0.0,0.0,0.0,0.0,0.0,0.0,0.0,0.0,0.0,0.0,0.0,0.0,0.0,0.0,0.0,0.0,0.0,0.0,0.0,0.0,0.0,0.0,0.0,0.0,0.0,0.0,0,0.0,,,6,Rural Health Centre,Government,False,False,True
408.0,657.0,Matebeleland South,Esigodini,28.9851398468,-20.40653,0.0,1998.0,Mawabeni,5,0.0,Clinic,0.0,0.0,0.0,0.0,0.0,0.0,0.0,0.0,0.0,0.0,0.0,0.0,0.0,0.0,0.0,0.0,0.0,0.0,0.0,0.0,0.0,0.0,0.0,0.0,0.0,0.0,0.0,0,0.0,,,5,Clinic,Government/Council,False,False,True
409.0,675.0,Matebeleland South,Esigodini,28.818939209,-20.40375,0.0,1998.0,Mbizingwe,6,0.0,Rural Health Centre,0.0,0.0,0.0,0.0,0.0,0.0,0.0,0.0,0.0,0.0,0.0,0.0,0.0,0.0,0.0,0.0,0.0,0.0,0.0,0.0,0.0,0.0,0.0,0.0,0.0,0.0,0.0,0,0.0,,,6,Rural Health Centre,Government,False,False,True
410.0,685.0,Matebeleland South,Esigodini,28.7855606079,-20.52142,0.0,1998.0,Mhlahlandlela,5,0.0,Clinic,0.0,0.0,0.0,0.0,0.0,0.0,0.0,0.0,0.0,0.0,0.0,0.0,0.0,0.0,0.0,0.0,0.0,0.0,0.0,0.0,0.0,0.0,0.0,0.0,0.0,0.0,0.0,0,0.0,,,5,Clinic,Government/Council,False,False,True
411.0,851.0,Matebeleland South,Esigodini,28.7724399567,-20.20519,0.0,1998.0,Nhlangano,5,0.0,Clinic,0.0,0.0,0.0,0.0,0.0,0.0,0.0,0.0,0.0,0.0,0.0,0.0,0.0,0.0,0.0,0.0,0.0,0.0,0.0,0.0,0.0,0.0,0.0,0.0,0.0,0.0,0.0,0,0.0,,,5,Clinic,Government/Council,False,False,True
412.0,864.0,Matebeleland South,Esigodini,28.9847793579,-20.55722,0.0,1998.0,Nswazi,5,0.0,Clinic,0.0,0.0,0.0,0.0,0.0,0.0,0.0,0.0,0.0,0.0,0.0,0.0,0.0,0.0,0.0,0.0,0.0,0.0,0.0,0.0,0.0,0.0,0.0,0.0,0.0,0.0,0.0,0,0.0,,,5,Clinic,Government/Council,False,False,True
413.0,871.0,Matebeleland South,Esigodini,28.7910003662,-20.15072,0.0,1998.0,Ntshamathe,5,0.0,Clinic,0.0,0.0,0.0,0.0,0.0,0.0,0.0,0.0,0.0,0.0,0.0,0.0,0.0,0.0,0.0,0.0,0.0,0.0,0.0,0.0,0.0,0.0,0.0,0.0,0.0,0.0,0.0,0,0.0,,,5,Clinic,Government/Council,False,False,True
414.0,105.0,Midlands,Gokwe,29.1127796173,-18.21611,0.0,1998.0,Chemahuro,5,0.0,Clinic,0.0,0.0,0.0,0.0,0.0,0.0,0.0,0.0,0.0,0.0,0.0,0.0,0.0,0.0,0.0,0.0,0.0,0.0,0.0,0.0,0.0,0.0,0.0,0.0,0.0,0.0,0.0,0,0.0,,Clinic,5,Clinic,Government/Council,False,False,True
415.0,184.0,Midlands,Gokwe,28.5988903046,-17.54417,0.0,1998.0,Chireya,4,0.0,Rural Hospital,0.0,0.0,0.0,0.0,0.0,0.0,0.0,0.0,0.0,0.0,0.0,0.0,0.0,0.0,0.0,0.0,0.0,0.0,0.0,0.0,0.0,0.0,0.0,0.0,0.0,0.0,0.0,0,0.0,,,4,Rural Hospital,Government,False,False,True
416.0,205.0,Midlands,Gokwe,28.4511108398,-18.19778,0.0,1998.0,Chitave,5,0.0,Clinic,0.0,0.0,0.0,0.0,0.0,0.0,0.0,0.0,0.0,0.0,0.0,0.0,0.0,0.0,0.0,0.0,0.0,0.0,0.0,0.0,0.0,0.0,0.0,0.0,0.0,0.0,0.0,0,0.0,,Clinic,5,Clinic,Government/Council,False,False,True
417.0,266.0,Midlands,Gokwe,28.9375,-18.55778,0.0,1998.0,Day & Night,7,0.0,Private Clinic,0.0,0.0,0.0,0.0,0.0,0.0,0.0,0.0,0.0,0.0,0.0,0.0,0.0,0.0,0.0,0.0,0.0,0.0,0.0,0.0,0.0,0.0,0.0,0.0,0.0,0.0,0.0,0,0.0,,,7,Private Clinic,Private,True,False,False
418.0,267.0,Midlands,Gokwe,28.8202800751,-17.78917,0.0,1998.0,Denda,5,0.0,Clinic,0.0,0.0,0.0,0.0,0.0,0.0,0.0,0.0,0.0,0.0,0.0,0.0,0.0,0.0,0.0,0.0,0.0,0.0,0.0,0.0,0.0,0.0,0.0,0.0,0.0,0.0,0.0,0,0.0,,,5,Clinic,Government/Council,False,False,True
419.0,338.0,Midlands,Gokwe,28.7338905334,-18.26167,0.0,1998.0,Gawa,5,0.0,Clinic,0.0,0.0,0.0,0.0,0.0,0.0,0.0,0.0,0.0,0.0,0.0,0.0,0.0,0.0,0.0,0.0,0.0,0.0,0.0,0.0,0.0,0.0,0.0,0.0,0.0,0.0,0.0,0,0.0,,,5,Clinic,Government/Council,False,False,True
420.0,346.0,Midlands,Gokwe,28.9249992371,-18.21139,0.0,1998.0,Gokwe,2,0.0,District Hospital,0.0,0.0,0.0,0.0,0.0,0.0,0.0,0.0,0.0,0.0,0.0,0.0,0.0,0.0,0.0,0.0,0.0,0.0,0.0,0.0,0.0,0.0,0.0,0.0,0.0,0.0,0.0,0,0.0,,,2,District Hospital,Government,False,False,True
421.0,355.0,Midlands,Gokwe,28.8969402313,-17.85194,0.0,1998.0,Goredema,5,0.0,Clinic,0.0,0.0,0.0,0.0,0.0,0.0,0.0,0.0,0.0,0.0,0.0,0.0,0.0,0.0,0.0,0.0,0.0,0.0,0.0,0.0,0.0,0.0,0.0,0.0,0.0,0.0,0.0,0,0.0,,,5,Clinic,Government/Council,False,False,True
422.0,367.0,Midlands,Gokwe,28.9052791595,-17.40972,0.0,1998.0,Gumunyu,5,0.0,Clinic,0.0,0.0,0.0,0.0,0.0,0.0,0.0,0.0,0.0,0.0,0.0,0.0,0.0,0.0,0.0,0.0,0.0,0.0,0.0,0.0,0.0,0.0,0.0,0.0,0.0,0.0,0.0,0,0.0,,,5,Clinic,Government/Council,False,False,True
423.0,385.0,Midlands,Gokwe,29.2416706085,-18.26278,0.0,1998.0,Gwanyika,6,0.0,Rural Health Centre,0.0,0.0,0.0,0.0,0.0,0.0,0.0,0.0,0.0,0.0,0.0,0.0,0.0,0.0,0.0,0.0,0.0,0.0,0.0,0.0,0.0,0.0,0.0,0.0,0.0,0.0,0.0,0,0.0,,,6,Rural Health Centre,Government,False,False,True
424.0,422.0,Midlands,Gokwe,28.5324993134,-17.98611,0.0,1998.0,Huchu,5,0.0,Clinic,0.0,0.0,0.0,0.0,0.0,0.0,0.0,0.0,0.0,0.0,0.0,0.0,0.0,0.0,0.0,0.0,0.0,0.0,0.0,0.0,0.0,0.0,0.0,0.0,0.0,0.0,0.0,0,0.0,,,5,Clinic,Government/Council,False,False,True
425.0,442.0,Midlands,Gokwe,28.9533290863,-18.01806,0.0,1998.0,Jahana,5,0.0,Clinic,0.0,0.0,0.0,0.0,0.0,0.0,0.0,0.0,0.0,0.0,0.0,0.0,0.0,0.0,0.0,0.0,0.0,0.0,0.0,0.0,0.0,0.0,0.0,0.0,0.0,0.0,0.0,0,0.0,,,5,Clinic,Government/Council,False,False,True
426.0,454.0,Midlands,Gokwe,28.2574996948,-18.345,0.0,1998.0,Jiri,5,0.0,Clinic,0.0,0.0,0.0,0.0,0.0,0.0,0.0,0.0,0.0,0.0,0.0,0.0,0.0,0.0,0.0,0.0,0.0,0.0,0.0,0.0,0.0,0.0,0.0,0.0,0.0,0.0,0.0,0,0.0,,,5,Clinic,Government/Council,False,False,True
427.0,469.0,Midlands,Gokwe,28.9383296967,-17.50028,0.0,1998.0,Kadzidirire,6,0.0,Rural Health Centre,0.0,0.0,0.0,0.0,0.0,0.0,0.0,0.0,0.0,0.0,0.0,0.0,0.0,0.0,0.0,0.0,0.0,0.0,0.0,0.0,0.0,0.0,0.0,0.0,0.0,0.0,0.0,0,0.0,,,6,Rural Health Centre,Government,False,False,True
428.0,472.0,Midlands,Gokwe,28.7633304596,-17.7375,0.0,1998.0,Kahobo,5,0.0,Clinic,0.0,0.0,0.0,0.0,0.0,0.0,0.0,0.0,0.0,0.0,0.0,0.0,0.0,0.0,0.0,0.0,0.0,0.0,0.0,0.0,0.0,0.0,0.0,0.0,0.0,0.0,0.0,0,0.0,,,5,Clinic,Government/Council,False,False,True
429.0,478.0,Midlands,Gokwe,28.5158290863,-18.55583,0.0,1998.0,Kana,3,0.0,Mission Hospitals,0.0,0.0,0.0,0.0,0.0,0.0,0.0,0.0,0.0,0.0,0.0,0.0,0.0,0.0,0.0,0.0,0.0,0.0,0.0,0.0,0.0,0.0,0.0,0.0,0.0,0.0,0.0,0,0.0,,,3,Mission Hospitals,Mission/Church,False,False,True
430.0,509.0,Midlands,Gokwe,29.3719406128,-18.45028,0.0,1998.0,Krima,5,0.0,Clinic,0.0,0.0,0.0,0.0,0.0,0.0,0.0,0.0,0.0,0.0,0.0,0.0,0.0,0.0,0.0,0.0,0.0,0.0,0.0,0.0,0.0,0.0,0.0,0.0,0.0,0.0,0.0,0,0.0,,,5,Clinic,Government/Council,False,False,True
431.0,517.0,Midlands,Gokwe,29.0302791595,-17.9075,0.0,1998.0,Kuwirirana,5,0.0,Clinic,0.0,0.0,0.0,0.0,0.0,0.0,0.0,0.0,0.0,0.0,0.0,0.0,0.0,0.0,0.0,0.0,0.0,0.0,0.0,0.0,0.0,0.0,0.0,0.0,0.0,0.0,0.0,0,0.0,,,5,Clinic,Government/Council,False,False,True
432.0,553.0,Midlands,Gokwe,28.5058307648,-17.62972,0.0,1998.0,Madzivazu,5,0.0,Clinic,0.0,0.0,0.0,0.0,0.0,0.0,0.0,0.0,0.0,0.0,0.0,0.0,0.0,0.0,0.0,0.0,0.0,0.0,0.0,0.0,0.0,0.0,0.0,0.0,0.0,0.0,0.0,0,0.0,,,5,Clinic,Government/Council,False,False,True
433.0,589.0,Midlands,Gokwe,28.3558292389,-18.12194,0.0,1998.0,Mangidi,5,0.0,Clinic,0.0,0.0,0.0,0.0,0.0,0.0,0.0,0.0,0.0,0.0,0.0,0.0,0.0,0.0,0.0,0.0,0.0,0.0,0.0,0.0,0.0,0.0,0.0,0.0,0.0,0.0,0.0,0,0.0,,,5,Clinic,Government/Council,False,False,True
434.0,592.0,Midlands,Gokwe,28.3794403076,-18.45833,0.0,1998.0,Manoti,5,0.0,Clinic,0.0,0.0,0.0,0.0,0.0,0.0,0.0,0.0,0.0,0.0,0.0,0.0,0.0,0.0,0.0,0.0,0.0,0.0,0.0,0.0,0.0,0.0,0.0,0.0,0.0,0.0,0.0,0,0.0,,,5,Clinic,Government/Council,False,False,True
435.0,596.0,Midlands,Gokwe,28.6022205353,-18.14722,0.0,1998.0,Manyoni,5,0.0,Clinic,0.0,0.0,0.0,0.0,0.0,0.0,0.0,0.0,0.0,0.0,0.0,0.0,0.0,0.0,0.0,0.0,0.0,0.0,0.0,0.0,0.0,0.0,0.0,0.0,0.0,0.0,0.0,0,0.0,,,5,Clinic,Government/Council,False,False,True
436.0,1184.0,Midlands,Gokwe,28.0611095428,-18.225,0.0,1998.0,Zhamba,5,0.0,Clinic,0.0,0.0,0.0,0.0,0.0,0.0,0.0,0.0,0.0,0.0,0.0,0.0,0.0,0.0,0.0,0.0,0.0,0.0,0.0,0.0,0.0,0.0,0.0,0.0,0.0,0.0,0.0,0,0.0,,,5,Clinic,Government/Council,False,False,True
437.0,1185.0,Midlands,Gokwe,28.3130607605,-17.44139,0.0,1998.0,Zhomba,5,0.0,Clinic,0.0,0.0,0.0,0.0,0.0,0.0,0.0,0.0,0.0,0.0,0.0,0.0,0.0,0.0,0.0,0.0,0.0,0.0,0.0,0.0,0.0,0.0,0.0,0.0,0.0,0.0,0.0,0,0.0,,,5,Clinic,Government/Council,False,False,True
438.0,622.0,Midlands,Gokwe,28.7975006104,-17.2725,0.0,1998.0,Mashame,5,0.0,Rural Health Centre,0.0,0.0,0.0,0.0,0.0,0.0,0.0,0.0,0.0,0.0,0.0,0.0,0.0,0.0,0.0,0.0,0.0,0.0,0.0,0.0,0.0,0.0,0.0,0.0,0.0,0.0,0.0,0,0.0,,,5,Rural Health Centre,Government/Council,False,False,True
439.0,631.0,Midlands,Gokwe,28.4025001526,-18.00333,0.0,1998.0,Masuka,5,0.0,Clinic,0.0,0.0,0.0,0.0,0.0,0.0,0.0,0.0,0.0,0.0,0.0,0.0,0.0,0.0,0.0,0.0,0.0,0.0,0.0,0.0,0.0,0.0,0.0,0.0,0.0,0.0,0.0,0,0.0,,,5,Clinic,Government/Council,False,False,True
440.0,642.0,Midlands,Gokwe,28.5330600739,-18.3925,0.0,1998.0,Mateta,6,0.0,Rural Health Centre,0.0,0.0,0.0,0.0,0.0,0.0,0.0,0.0,0.0,0.0,0.0,0.0,0.0,0.0,0.0,0.0,0.0,0.0,0.0,0.0,0.0,0.0,0.0,0.0,0.0,0.0,0.0,0,0.0,,,6,Rural Health Centre,Government,False,False,True
441.0,702.0,Midlands,Gokwe,28.0452804565,-18.465,0.0,1998.0,Msala,5,0.0,Clinic,0.0,0.0,0.0,0.0,0.0,0.0,0.0,0.0,0.0,0.0,0.0,0.0,0.0,0.0,0.0,0.0,0.0,0.0,0.0,0.0,0.0,0.0,0.0,0.0,0.0,0.0,0.0,0,0.0,,,5,Clinic,Government/Council,False,False,True
442.0,717.0,Midlands,Gokwe,29.0069408417,-17.72083,0.0,1998.0,Mtora,4,0.0,Rural Hospital,0.0,0.0,0.0,0.0,0.0,0.0,0.0,0.0,0.0,0.0,0.0,0.0,0.0,0.0,0.0,0.0,0.0,0.0,0.0,0.0,0.0,0.0,0.0,0.0,0.0,0.0,0.0,0,0.0,,,4,Rural Hospital,Government,False,False,True
443.0,780.0,Midlands,Gokwe,28.5786094666,-17.84361,0.0,1998.0,Musita,5,0.0,Clinic,0.0,0.0,0.0,0.0,0.0,0.0,0.0,0.0,0.0,0.0,0.0,0.0,0.0,0.0,0.0,0.0,0.0,0.0,0.0,0.0,0.0,0.0,0.0,0.0,0.0,0.0,0.0,0,0.0,,,5,Clinic,Government/Council,False,False,True
444.0,787.0,Midlands,Gokwe,29.2402801514,-18.20472,0.0,1998.0,Mutange,5,0.0,Clinic,0.0,0.0,0.0,0.0,0.0,0.0,0.0,0.0,0.0,0.0,0.0,0.0,0.0,0.0,0.0,0.0,0.0,0.0,0.0,0.0,0.0,0.0,0.0,0.0,0.0,0.0,0.0,0,0.0,,,5,Clinic,Government/Council,False,False,True
445.0,816.0,Midlands,Gokwe,29.0527801514,-17.47944,0.0,1998.0,Mzadzi,6,0.0,Rural Health Centre,0.0,0.0,0.0,0.0,0.0,0.0,0.0,0.0,0.0,0.0,0.0,0.0,0.0,0.0,0.0,0.0,0.0,0.0,0.0,0.0,0.0,0.0,0.0,0.0,0.0,0.0,0.0,0,0.0,,,6,Rural Health Centre,Government,False,False,True
446.0,832.0,Midlands,Gokwe,28.2530593872,-17.44139,0.0,1998.0,Nenyunga,5,0.0,Clinic,0.0,0.0,0.0,0.0,0.0,0.0,0.0,0.0,0.0,0.0,0.0,0.0,0.0,0.0,0.0,0.0,0.0,0.0,0.0,0.0,0.0,0.0,0.0,0.0,0.0,0.0,0.0,0,0.0,,,5,Clinic,Government/Council,False,False,True
447.0,859.0,Midlands,Gokwe,29.1677799225,-17.51306,0.0,1998.0,Norah,6,0.0,Rural Health Centre,0.0,0.0,0.0,0.0,0.0,0.0,0.0,0.0,0.0,0.0,0.0,0.0,0.0,0.0,0.0,0.0,0.0,0.0,0.0,0.0,0.0,0.0,0.0,0.0,0.0,0.0,0.0,0,0.0,,,6,Rural Health Centre,Government,False,False,True
448.0,882.0,Midlands,Gokwe,28.7975006104,-18.55222,0.0,1998.0,Nyaje,6,0.0,Rural Health Centre,0.0,0.0,0.0,0.0,0.0,0.0,0.0,0.0,0.0,0.0,0.0,0.0,0.0,0.0,0.0,0.0,0.0,0.0,0.0,0.0,0.0,0.0,0.0,0.0,0.0,0.0,0.0,0,0.0,,,6,Rural Health Centre,Government,False,False,True
449.0,908.0,Midlands,Gokwe,29.4624996185,-18.34667,0.0,1998.0,Nyamunga,5,0.0,Clinic,0.0,0.0,0.0,0.0,0.0,0.0,0.0,0.0,0.0,0.0,0.0,0.0,0.0,0.0,0.0,0.0,0.0,0.0,0.0,0.0,0.0,0.0,0.0,0.0,0.0,0.0,0.0,0,0.0,,,5,Clinic,Government/Council,False,False,True
450.0,982.0,Midlands,Gokwe,29.0938892365,-17.77472,0.0,1998.0,Rubatsiro,5,0.0,Clinic,0.0,0.0,0.0,0.0,0.0,0.0,0.0,0.0,0.0,0.0,0.0,0.0,0.0,0.0,0.0,0.0,0.0,0.0,0.0,0.0,0.0,0.0,0.0,0.0,0.0,0.0,0.0,0,0.0,,Clinic,5,Clinic,Government/Council,False,False,True
451.0,1013.0,Midlands,Gokwe,28.3286094666,-18.25861,0.0,1998.0,Sai,5,0.0,Clinic,0.0,0.0,0.0,0.0,0.0,0.0,0.0,0.0,0.0,0.0,0.0,0.0,0.0,0.0,0.0,0.0,0.0,0.0,0.0,0.0,0.0,0.0,0.0,0.0,0.0,0.0,0.0,0,0.0,,Clinic,5,Clinic,Government/Council,False,False,True
452.0,1036.0,Midlands,Gokwe,28.7350006104,-17.95472,0.0,1998.0,Sesame,5,0.0,Clinic,0.0,0.0,0.0,0.0,0.0,0.0,0.0,0.0,0.0,0.0,0.0,0.0,0.0,0.0,0.0,0.0,0.0,0.0,0.0,0.0,0.0,0.0,0.0,0.0,0.0,0.0,0.0,0,0.0,,Clinic,5,Clinic,Government/Council,False,False,True
453.0,1073.0,Midlands,Gokwe,28.2396907806,-17.68439,0.0,1998.0,Simchembu,5,0.0,Clinic,0.0,0.0,0.0,0.0,0.0,0.0,0.0,0.0,0.0,0.0,0.0,0.0,0.0,0.0,0.0,0.0,0.0,0.0,0.0,0.0,0.0,0.0,0.0,0.0,0.0,0.0,0.0,0,0.0,,,5,Clinic,Government/Council,False,False,True
454.0,1110.0,Midlands,Gokwe,28.7775001526,-18.06028,0.0,1998.0,Svisvi,6,0.0,Rural Health Centre,0.0,0.0,0.0,0.0,0.0,0.0,0.0,0.0,0.0,0.0,0.0,0.0,0.0,0.0,0.0,0.0,0.0,0.0,0.0,0.0,0.0,0.0,0.0,0.0,0.0,0.0,0.0,0,0.0,,,6,Rural Health Centre,Government,False,False,True
455.0,1130.0,Midlands,Gokwe,29.1038894653,-18.08111,0.0,1998.0,Tongwe,5,0.0,Clinic,0.0,0.0,0.0,0.0,0.0,0.0,0.0,0.0,0.0,0.0,0.0,0.0,0.0,0.0,0.0,0.0,0.0,0.0,0.0,0.0,0.0,0.0,0.0,0.0,0.0,0.0,0.0,0,0.0,,,5,Clinic,Government/Council,False,False,True
456.0,1144.0,Midlands,Gokwe,29.1424999237,-17.61306,0.0,1998.0,Tsungai,6,0.0,Rural Health Centre,0.0,0.0,0.0,0.0,0.0,0.0,0.0,0.0,0.0,0.0,0.0,0.0,0.0,0.0,0.0,0.0,0.0,0.0,0.0,0.0,0.0,0.0,0.0,0.0,0.0,0.0,0.0,0,0.0,,,6,Rural Health Centre,Government,False,False,True
457.0,1350.0,Midlands,Gokwe North,28.18426,-17.76407,734.0,2007.0,Vumba,5,0.0,Clinic,0.0,1.0,1.0,0.0,0.0,0.0,0.0,0.0,0.0,0.0,0.0,148.0,0.0,0.0,0.0,0.0,0.0,0.0,0.0,0.0,1.0,0.0,0.0,1.0,0.0,1.0,0.0,1,0.0,,,5,Clinic,Government/Council,False,False,True
458.0,1352.0,Midlands,Gokwe North,29.01016,-17.72261,890.0,2007.0,Nembudziya,4,0.0,Hospital,0.0,0.0,0.0,0.0,0.0,0.0,0.0,0.0,0.0,0.0,0.0,0.0,0.0,0.0,1.0,0.0,1.0,0.0,0.0,1.0,0.0,0.0,0.0,1.0,1.0,0.0,1.0,0,0.0,,,4,Hospital,Government,False,False,True
459.0,1353.0,Midlands,Gokwe North,29.05069,-17.81966,901.0,2007.0,Nyamazengwe,5,0.0,Clinic,0.0,0.0,0.0,0.0,0.0,0.0,0.0,0.0,0.0,0.0,0.0,48.0,0.0,0.0,0.0,0.0,0.0,0.0,0.0,0.0,0.0,0.0,0.0,0.0,0.0,0.0,0.0,0,0.0,Under construction,,5,Clinic,Government/Council,False,False,True
460.0,1354.0,Midlands,Gokwe North,28.85431,-17.59907,844.0,2007.0,Nyamhara,5,0.0,Clinic,0.0,0.0,0.0,0.0,0.0,0.0,0.0,0.0,0.0,0.0,0.0,63.0,0.0,0.0,0.0,0.0,0.0,0.0,0.0,0.0,0.0,0.0,0.0,0.0,0.0,0.0,0.0,0,0.0,Under construction,,5,Clinic,Government/Council,False,False,True
461.0,1294.0,Midlands,Gokwe South,28.92017,-18.5753,0.0,2007.0,Mateme,7,1998.0,Clinic,0.0,3.0,0.0,1.0,0.0,0.0,0.0,7.0,1.0,6.0,3348.0,90.0,0.0,0.0,0.0,0.0,0.0,0.0,0.0,0.0,0.0,0.0,0.0,0.0,0.0,0.0,0.0,0,0.0,,Clinic,7,Clinic,Private,True,False,False
462.0,2.0,Mashonaland East,Goromonzi,31.3168106079,-17.788,0.0,1998.0,Acturus Mine,5,0.0,Clinic,0.0,0.0,0.0,0.0,0.0,0.0,0.0,0.0,0.0,0.0,0.0,0.0,0.0,0.0,0.0,0.0,0.0,0.0,0.0,0.0,0.0,0.0,0.0,0.0,0.0,0.0,0.0,0,0.0,,,5,Clinic,Government/Council,False,False,True
463.0,54.0,Mashonaland East,Goromonzi,31.5530605316,-17.50075,0.0,1998.0,Bosha,6,0.0,Rural Health Centre,0.0,0.0,0.0,0.0,0.0,0.0,0.0,0.0,0.0,0.0,0.0,0.0,0.0,0.0,0.0,0.0,0.0,0.0,0.0,0.0,0.0,0.0,0.0,0.0,0.0,0.0,0.0,0,0.0,,,6,Rural Health Centre,Government,False,False,True
464.0,134.0,Mashonaland East,Goromonzi,31.4858608246,-17.55206,0.0,1998.0,Chikwaka,4,0.0,Rural Hospital,0.0,0.0,0.0,0.0,0.0,0.0,0.0,0.0,0.0,0.0,0.0,0.0,0.0,0.0,0.0,0.0,0.0,0.0,0.0,0.0,0.0,0.0,0.0,0.0,0.0,0.0,0.0,0,0.0,,,4,Rural Hospital,Government,False,False,True
465.0,150.0,Mashonaland East,Goromonzi,31.1845607758,-17.57161,0.0,1998.0,Chinamhora,5,0.0,Clinic,0.0,0.0,0.0,0.0,0.0,0.0,0.0,0.0,0.0,0.0,0.0,0.0,0.0,0.0,0.0,0.0,0.0,0.0,0.0,0.0,0.0,0.0,0.0,0.0,0.0,0.0,0.0,0,0.0,,Clinic,5,Clinic,Government/Council,False,False,True
466.0,166.0,Mashonaland East,Goromonzi,31.3562793732,-17.83503,0.0,1998.0,Chinyika,5,0.0,Clinic,0.0,0.0,0.0,0.0,0.0,0.0,0.0,0.0,0.0,0.0,0.0,0.0,0.0,0.0,0.0,0.0,0.0,0.0,0.0,0.0,0.0,0.0,0.0,0.0,0.0,0.0,0.0,0,0.0,,Clinic,5,Clinic,Government/Council,False,False,True
467.0,249.0,Mashonaland East,Goromonzi,31.2074203491,-17.95506,0.0,1998.0,Cranborne Clinic,5,0.0,Clinic,0.0,0.0,0.0,0.0,0.0,0.0,0.0,0.0,0.0,0.0,0.0,0.0,0.0,0.0,0.0,0.0,0.0,0.0,0.0,0.0,0.0,0.0,0.0,0.0,0.0,0.0,0.0,0,0.0,,,5,Clinic,Government/Council,False,False,True
468.0,286.0,Mashonaland East,Goromonzi,31.1387195587,-17.60214,0.0,1998.0,Domboshava,5,0.0,Clinic,0.0,0.0,0.0,0.0,0.0,0.0,0.0,0.0,0.0,0.0,0.0,0.0,0.0,0.0,0.0,0.0,0.0,0.0,0.0,0.0,0.0,0.0,0.0,0.0,0.0,0.0,0.0,0,0.0,,,5,Clinic,Government/Council,False,False,True
469.0,456.0,Mashonaland East,Goromonzi,31.3844203949,-17.72214,0.0,1998.0,John Reimer,5,0.0,Clinic,0.0,0.0,0.0,0.0,0.0,0.0,0.0,0.0,0.0,0.0,0.0,0.0,0.0,0.0,0.0,0.0,0.0,0.0,0.0,0.0,0.0,0.0,0.0,0.0,0.0,0.0,0.0,0,0.0,,,5,Clinic,Government/Council,False,False,True
470.0,508.0,Mashonaland East,Goromonzi,31.4892501831,-17.67219,0.0,1998.0,Kowoyo,5,0.0,Clinic,0.0,0.0,0.0,0.0,0.0,0.0,0.0,0.0,0.0,0.0,0.0,0.0,0.0,0.0,0.0,0.0,0.0,0.0,0.0,0.0,0.0,0.0,0.0,0.0,0.0,0.0,0.0,0,0.0,,,5,Clinic,Government/Council,False,False,True
471.0,510.0,Mashonaland East,Goromonzi,31.370470047,-17.82031,0.0,1998.0,Kubatsirana,5,0.0,Clinic,0.0,0.0,0.0,0.0,0.0,0.0,0.0,0.0,0.0,0.0,0.0,0.0,0.0,0.0,0.0,0.0,0.0,0.0,0.0,0.0,0.0,0.0,0.0,0.0,0.0,0.0,0.0,0,0.0,,,5,Clinic,Government/Council,False,False,True
472.0,579.0,Mashonaland East,Goromonzi,31.2731895447,-17.54042,0.0,1998.0,Makumbe,2,0.0,District Hospital,0.0,0.0,0.0,0.0,0.0,0.0,0.0,0.0,0.0,0.0,0.0,0.0,0.0,0.0,0.0,0.0,0.0,0.0,0.0,0.0,0.0,0.0,0.0,0.0,0.0,0.0,0.0,0,0.0,,,2,District Hospital,Government,False,False,True
473.0,632.0,Mashonaland East,Goromonzi,31.153219223,-17.54042,0.0,1998.0,Masukandoro,5,0.0,Clinic,0.0,0.0,0.0,0.0,0.0,0.0,0.0,0.0,0.0,0.0,0.0,0.0,0.0,0.0,0.0,0.0,0.0,0.0,0.0,0.0,0.0,0.0,0.0,0.0,0.0,0.0,0.0,0,0.0,,,5,Clinic,Government/Council,False,False,True
474.0,811.0,Mashonaland East,Goromonzi,31.4868106842,-17.76875,0.0,1998.0,Mwanza,6,0.0,Rural Health Centre,0.0,0.0,0.0,0.0,0.0,0.0,0.0,0.0,0.0,0.0,0.0,0.0,0.0,0.0,0.0,0.0,0.0,0.0,0.0,0.0,0.0,0.0,0.0,0.0,0.0,0.0,0.0,0,0.0,,,6,Rural Health Centre,Government,False,False,True
475.0,924.0,Mashonaland East,Goromonzi,31.271440506,-17.62294,0.0,1998.0,Nyaure,5,0.0,Clinic,0.0,0.0,0.0,0.0,0.0,0.0,0.0,0.0,0.0,0.0,0.0,0.0,0.0,0.0,0.0,0.0,0.0,0.0,0.0,0.0,0.0,0.0,0.0,0.0,0.0,0.0,0.0,0,0.0,,,5,Clinic,Government/Council,False,False,True
476.0,961.0,Mashonaland East,Goromonzi,31.1209392548,-17.57222,0.0,1998.0,Pote,5,0.0,Clinic,0.0,0.0,0.0,0.0,0.0,0.0,0.0,0.0,0.0,0.0,0.0,0.0,0.0,0.0,0.0,0.0,0.0,0.0,0.0,0.0,0.0,0.0,0.0,0.0,0.0,0.0,0.0,0,0.0,,Clinic,5,Clinic,Government/Council,False,False,True
477.0,993.0,Mashonaland East,Goromonzi,31.5182209015,-17.87261,0.0,1998.0,Rusike,5,0.0,Clinic,0.0,0.0,0.0,0.0,0.0,0.0,0.0,0.0,0.0,0.0,0.0,0.0,0.0,0.0,0.0,0.0,0.0,0.0,0.0,0.0,0.0,0.0,0.0,0.0,0.0,0.0,0.0,0,0.0,,Clinic,5,Clinic,Government/Council,False,False,True
478.0,1003.0,Mashonaland East,Goromonzi,31.2376098633,-17.89006,0.0,1998.0,Ruwa,5,0.0,Clinic,0.0,0.0,0.0,0.0,0.0,0.0,0.0,0.0,0.0,0.0,0.0,0.0,0.0,0.0,0.0,0.0,0.0,0.0,0.0,0.0,0.0,0.0,0.0,0.0,0.0,0.0,0.0,0,0.0,,Clinic,5,Clinic,Government/Council,False,False,True
479.0,1004.0,Mashonaland East,Goromonzi,31.2351398468,-17.90167,0.0,1998.0,Ruwa Rehab.,4,0.0,Hospital,0.0,0.0,0.0,0.0,0.0,0.0,0.0,0.0,0.0,0.0,0.0,0.0,0.0,0.0,0.0,0.0,0.0,0.0,0.0,0.0,0.0,0.0,0.0,0.0,0.0,0.0,0.0,0,0.0,,,4,Hospital,Government,False,False,True
480.0,0.0,Mashonaland East,Goromonzi,31.3238,-17.7404,0.0,2013.0,Gejo raRuby,,2008.0,RHC,0.0,1.0,1.0,1.0,0.0,0.0,0.0,8.0,0.0,0.0,6776.0,40.0,0.0,0.0,1.0,0.0,1.0,0.0,0.0,0.0,1.0,0.0,0.0,0.0,0.0,1.0,1.0,1,0.0,,,,RHC,Unspecified,False,False,True
481.0,0.0,Mashonaland East,Goromonzi,31.3597,-17.8672,0.0,2013.0,Goromonzi High ,,1946.0,Clinic,1.0,1.0,0.0,0.0,0.0,0.0,0.0,2.0,0.0,0.0,2000.0,15.0,0.0,0.0,1.0,0.0,1.0,0.0,0.0,1.0,1.0,0.0,0.0,1.0,1.0,0.0,1.0,0,0.0,,,,Clinic,Unspecified,False,False,True
482.0,0.0,Mashonaland East,Goromonzi,31.3847,-17.7223,0.0,2013.0,Joan Rankini ,,1977.0,RHC,0.0,1.0,3.0,2.0,1.0,0.0,0.0,17.0,5.0,12.0,6632.0,40.0,0.0,0.0,1.0,0.0,1.0,0.0,0.0,1.0,1.0,0.0,0.0,1.0,0.0,1.0,1.0,1,0.0,,,,RHC,Unspecified,False,False,True
483.0,0.0,Mashonaland East,Goromonzi,31.324,-17.9998,0.0,2013.0,Melfort ,,2004.0,RHC,0.0,0.0,1.0,2.0,1.0,0.0,0.0,4.0,0.0,0.0,5500.0,35.0,0.0,0.0,0.0,0.0,1.0,0.0,0.0,1.0,1.0,0.0,0.0,1.0,0.0,1.0,1.0,0,0.0,,,,RHC,Unspecified,False,False,True
484.0,0.0,Mashonaland East,Goromonzi,31.4331,-17.9916,0.0,2013.0,Rusununguko ,,1981.0,RHC,0.0,1.0,0.0,0.0,0.0,0.0,0.0,16.0,0.0,0.0,1100.0,16.0,0.0,0.0,1.0,0.0,1.0,0.0,0.0,1.0,1.0,0.0,1.0,0.0,0.0,1.0,1.0,0,0.0,,,,RHC,Unspecified,False,False,True
485.0,0.0,Mashonaland East,Goromonzi,31.2377,-17.8902,0.0,2013.0,Ruwa ,,1973.0,DayCare RHC,0.0,2.0,3.0,0.0,0.0,0.0,0.0,6.0,0.0,0.0,33247.0,60.0,0.0,0.0,1.0,0.0,1.0,0.0,0.0,1.0,1.0,0.0,0.0,1.0,0.0,1.0,1.0,1,0.0,,,,DayCare RHC,Unspecified,False,False,True
486.0,0.0,Mashonaland East,Goromonzi,31.2418,-17.8966,0.0,2013.0,Ruwa ,,2011.0,PolyClinic,0.0,5.0,2.0,0.0,0.0,0.0,0.0,15.0,0.0,0.0,16792.0,23.0,0.0,0.0,1.0,0.0,1.0,0.0,0.0,1.0,0.0,0.0,1.0,0.0,0.0,0.0,0.0,1,0.0,,,,PolyClinic,Unspecified,False,False,True
487.0,0.0,Mashonaland East,Goromonzi,31.1964,-17.7514,0.0,2013.0,St Joseph's ,,1972.0,RHC,0.0,5.0,3.0,0.0,0.0,0.0,0.0,12.0,0.0,0.0,14505.0,20.0,0.0,0.0,1.0,0.0,1.0,0.0,0.0,1.0,1.0,0.0,0.0,1.0,1.0,0.0,0.0,1,0.0,,,,RHC,Unspecified,False,False,True
488.0,0.0,Mashonaland East,Goromonzi,31.3164,-17.7786,0.0,2013.0,Arcturus, Mine ,0.0,Clinic,1.0,5.0,0.0,0.0,1.0,0.0,0.0,8.0,4.0,0.0,9586.0,36.0,0.0,0.0,1.0,0.0,1.0,0.0,0.0,1.0,1.0,0.0,0.0,1.0,1.0,0.0,1.0,1,0.0,,,Mine,Clinic,Private (mine/company),True,False,False
489.0,6.0,Mashonaland Central,Guruve,30.3080596924,-16.10195,0.0,1998.0,Angwa,5,0.0,Clinic,0.0,0.0,0.0,0.0,0.0,0.0,0.0,0.0,0.0,0.0,0.0,0.0,0.0,0.0,0.0,0.0,0.0,0.0,0.0,0.0,0.0,0.0,0.0,0.0,0.0,0.0,0.0,0,0.0,,,5,Clinic,Government/Council,False,False,True
490.0,18.0,Mashonaland Central,Guruve,30.692779541,-16.52667,0.0,1998.0,Bakasa,5,0.0,Clinic,0.0,0.0,0.0,0.0,0.0,0.0,0.0,0.0,0.0,0.0,0.0,0.0,0.0,0.0,0.0,0.0,0.0,0.0,0.0,0.0,0.0,0.0,0.0,0.0,0.0,0.0,0.0,0,0.0,,Clinic,5,Clinic,Government/Council,False,False,True
491.0,31.0,Mashonaland Central,Guruve,30.6725006104,-16.85667,0.0,1998.0,Bepura,5,0.0,Clinic,0.0,0.0,0.0,0.0,0.0,0.0,0.0,0.0,0.0,0.0,0.0,0.0,0.0,0.0,0.0,0.0,0.0,0.0,0.0,0.0,0.0,0.0,0.0,0.0,0.0,0.0,0.0,0,0.0,,Clinic,5,Clinic,Government/Council,False,False,True
492.0,65.0,Mashonaland Central,Guruve,30.5855197906,-16.57822,0.0,1998.0,Bvochora,5,0.0,Clinic,0.0,0.0,0.0,0.0,0.0,0.0,0.0,0.0,0.0,0.0,0.0,0.0,0.0,0.0,0.0,0.0,0.0,0.0,0.0,0.0,0.0,0.0,0.0,0.0,0.0,0.0,0.0,0,0.0,,Clinic,5,Clinic,Government/Council,False,False,True
493.0,86.0,Mashonaland Central,Guruve,30.3976306915,-15.70058,0.0,1998.0,Chapoto,5,0.0,Clinic,0.0,0.0,0.0,0.0,0.0,0.0,0.0,0.0,0.0,0.0,0.0,0.0,0.0,0.0,0.0,0.0,0.0,0.0,0.0,0.0,0.0,0.0,0.0,0.0,0.0,0.0,0.0,0,0.0,,Clinic,5,Clinic,Government/Council,False,False,True
494.0,114.0,Mashonaland Central,Guruve,31.0561695099,-16.02513,0.0,1998.0,Chidodo,5,0.0,Clinic,0.0,0.0,0.0,0.0,0.0,0.0,0.0,0.0,0.0,0.0,0.0,0.0,0.0,0.0,0.0,0.0,0.0,0.0,0.0,0.0,0.0,0.0,0.0,0.0,0.0,0.0,0.0,0,0.0,,Clinic,5,Clinic,Government/Council,False,False,True
495.0,121.0,Mashonaland Central,Guruve,30.560880661,-16.00798,0.0,1998.0,Chikafa,5,0.0,Clinic,0.0,0.0,0.0,0.0,0.0,0.0,0.0,0.0,0.0,0.0,0.0,0.0,0.0,0.0,0.0,0.0,0.0,0.0,0.0,0.0,0.0,0.0,0.0,0.0,0.0,0.0,0.0,0,0.0,,Clinic,5,Clinic,Government/Council,False,False,True
496.0,180.0,Mashonaland Central,Guruve,30.7257194519,-16.77972,0.0,1998.0,Chipuriro,5,0.0,Clinic,0.0,0.0,0.0,0.0,0.0,0.0,0.0,0.0,0.0,0.0,0.0,0.0,0.0,0.0,0.0,0.0,0.0,0.0,0.0,0.0,0.0,0.0,0.0,0.0,0.0,0.0,0.0,0,0.0,,Clinic,5,Clinic,Government/Council,False,False,True
497.0,215.0,Mashonaland Central,Guruve,30.5557193756,-16.27722,0.0,1998.0,Chitsungo,5,0.0,Clinic,0.0,0.0,0.0,0.0,0.0,0.0,0.0,0.0,0.0,0.0,0.0,0.0,0.0,0.0,0.0,0.0,0.0,0.0,0.0,0.0,0.0,0.0,0.0,0.0,0.0,0.0,0.0,0,0.0,,Clinic,5,Clinic,Government/Council,False,False,True
498.0,352.0,Mashonaland Central,Guruve,30.8333301544,-16.08695,0.0,1998.0,Gonono,5,0.0,Clinic,0.0,0.0,0.0,0.0,0.0,0.0,0.0,0.0,0.0,0.0,0.0,0.0,0.0,0.0,0.0,0.0,0.0,0.0,0.0,0.0,0.0,0.0,0.0,0.0,0.0,0.0,0.0,0,0.0,,,5,Clinic,Government/Council,False,False,True
499.0,356.0,Mashonaland Central,Guruve,30.6577796936,-16.58639,0.0,1998.0,Gota,5,0.0,Clinic,0.0,0.0,0.0,0.0,0.0,0.0,0.0,0.0,0.0,0.0,0.0,0.0,0.0,0.0,0.0,0.0,0.0,0.0,0.0,0.0,0.0,0.0,0.0,0.0,0.0,0.0,0.0,0,0.0,,,5,Clinic,Government/Council,False,False,True
500.0,376.0,Mashonaland Central,Guruve,30.7022209167,-16.67111,0.0,1998.0,Guruve,2,0.0,District Hospital,0.0,0.0,0.0,0.0,0.0,0.0,0.0,0.0,0.0,0.0,0.0,0.0,0.0,0.0,0.0,0.0,0.0,0.0,0.0,0.0,0.0,0.0,0.0,0.0,0.0,0.0,0.0,0,0.0,,,2,District Hospital,Government,False,False,True
501.0,415.0,Mashonaland Central,Guruve,30.8866691589,-16.70306,0.0,1998.0,Horseshoe,5,0.0,Clinic,0.0,0.0,0.0,0.0,0.0,0.0,0.0,0.0,0.0,0.0,0.0,0.0,0.0,0.0,0.0,0.0,0.0,0.0,0.0,0.0,0.0,0.0,0.0,0.0,0.0,0.0,0.0,0,0.0,,,5,Clinic,Government/Council,False,False,True
502.0,465.0,Mashonaland Central,Guruve,30.5026493073,-16.63361,0.0,1998.0,Kachuta,5,0.0,Clinic,0.0,0.0,0.0,0.0,0.0,0.0,0.0,0.0,0.0,0.0,0.0,0.0,0.0,0.0,0.0,0.0,0.0,0.0,0.0,0.0,0.0,0.0,0.0,0.0,0.0,0.0,0.0,0,0.0,,,5,Clinic,Government/Council,False,False,True
503.0,563.0,Mashonaland Central,Guruve,30.7352790833,-16.38389,0.0,1998.0,Mahuwe,5,0.0,Clinic,0.0,0.0,0.0,0.0,0.0,0.0,0.0,0.0,0.0,0.0,0.0,0.0,0.0,0.0,0.0,0.0,0.0,0.0,0.0,0.0,0.0,0.0,0.0,0.0,0.0,0.0,0.0,0,0.0,,,5,Clinic,Government/Council,False,False,True
504.0,625.0,Mashonaland Central,Guruve,30.5566997528,-16.17507,0.0,1998.0,Mashumbi,5,0.0,Clinic,0.0,0.0,0.0,0.0,0.0,0.0,0.0,0.0,0.0,0.0,0.0,0.0,0.0,0.0,0.0,0.0,0.0,0.0,0.0,0.0,0.0,0.0,0.0,0.0,0.0,0.0,0.0,0,0.0,,,5,Clinic,Government/Council,False,False,True
505.0,629.0,Mashonaland Central,Guruve,30.1666698456,-16.16667,0.0,1998.0,Masoka,5,0.0,Clinic,0.0,0.0,0.0,0.0,0.0,0.0,0.0,0.0,0.0,0.0,0.0,0.0,0.0,0.0,0.0,0.0,0.0,0.0,0.0,0.0,0.0,0.0,0.0,0.0,0.0,0.0,0.0,0,0.0,,,5,Clinic,Government/Council,False,False,True
506.0,630.0,Mashonaland Central,Guruve,30.8906707764,-16.31323,0.0,1998.0,Masomo,5,0.0,Clinic,0.0,0.0,0.0,0.0,0.0,0.0,0.0,0.0,0.0,0.0,0.0,0.0,0.0,0.0,0.0,0.0,0.0,0.0,0.0,0.0,0.0,0.0,0.0,0.0,0.0,0.0,0.0,0,0.0,,,5,Clinic,Government/Council,False,False,True
507.0,652.0,Mashonaland Central,Guruve,30.610830307,-16.67278,0.0,1998.0,Matsvitsi,5,0.0,Clinic,0.0,0.0,0.0,0.0,0.0,0.0,0.0,0.0,0.0,0.0,0.0,0.0,0.0,0.0,0.0,0.0,0.0,0.0,0.0,0.0,0.0,0.0,0.0,0.0,0.0,0.0,0.0,0,0.0,,,5,Clinic,Government/Council,False,False,True
508.0,704.0,Mashonaland Central,Guruve,31.1182498932,-16.11073,0.0,1998.0,Msengezi,5,0.0,Clinic,0.0,0.0,0.0,0.0,0.0,0.0,0.0,0.0,0.0,0.0,0.0,0.0,0.0,0.0,0.0,0.0,0.0,0.0,0.0,0.0,0.0,0.0,0.0,0.0,0.0,0.0,0.0,0,0.0,,,5,Clinic,Government/Council,False,False,True
509.0,827.0,Mashonaland Central,Guruve,30.7591705322,-16.51056,0.0,1998.0,Negomo,5,0.0,Clinic,0.0,0.0,0.0,0.0,0.0,0.0,0.0,0.0,0.0,0.0,0.0,0.0,0.0,0.0,0.0,0.0,0.0,0.0,0.0,0.0,0.0,0.0,0.0,0.0,0.0,0.0,0.0,0,0.0,,,5,Clinic,Government/Council,False,False,True
510.0,884.0,Mashonaland Central,Guruve,30.6280593872,-16.75167,0.0,1998.0,Nyakapupu,5,0.0,Clinic,0.0,0.0,0.0,0.0,0.0,0.0,0.0,0.0,0.0,0.0,0.0,0.0,0.0,0.0,0.0,0.0,0.0,0.0,0.0,0.0,0.0,0.0,0.0,0.0,0.0,0.0,0.0,0,0.0,,,5,Clinic,Government/Council,False,False,True
511.0,900.0,Mashonaland Central,Guruve,30.7577800751,-16.85139,0.0,1998.0,Nyamhondoro,5,0.0,Clinic,0.0,0.0,0.0,0.0,0.0,0.0,0.0,0.0,0.0,0.0,0.0,0.0,0.0,0.0,0.0,0.0,0.0,0.0,0.0,0.0,0.0,0.0,0.0,0.0,0.0,0.0,0.0,0,0.0,,,5,Clinic,Government/Council,False,False,True
512.0,1006.0,Mashonaland Central,Guruve,30.7952804565,-16.71917,0.0,1998.0,Ruyamuro,5,0.0,Clinic,0.0,0.0,0.0,0.0,0.0,0.0,0.0,0.0,0.0,0.0,0.0,0.0,0.0,0.0,0.0,0.0,0.0,0.0,0.0,0.0,0.0,0.0,0.0,0.0,0.0,0.0,0.0,0,0.0,,Clinic,5,Clinic,Government/Council,False,False,True
513.0,1052.0,Mashonaland Central,Guruve,30.7236099243,-16.70667,0.0,1998.0,Shinje,5,0.0,Clinic,0.0,0.0,0.0,0.0,0.0,0.0,0.0,0.0,0.0,0.0,0.0,0.0,0.0,0.0,0.0,0.0,0.0,0.0,0.0,0.0,0.0,0.0,0.0,0.0,0.0,0.0,0.0,0,0.0,,,5,Clinic,Government/Council,False,False,True
514.0,1388.0,Mashonaland Central,Guruve,30.7189,-16.968966,0.0,2007.0,Birkdale,6,2006.0,Rural Health Centre,0.0,1.0,2.0,0.0,0.0,0.0,0.0,4.0,1.0,3.0,6488.0,20.0,0.0,0.0,0.0,0.0,1.0,0.0,0.0,0.0,1.0,1.0,0.0,1.0,1.0,1.0,0.0,1,0.0,,,6,Rural Health Centre,Government,False,False,True
515.0,1389.0,Mashonaland Central,Guruve,30.57957,-16.86427,0.0,2007.0,Mugarakamwe,6,2006.0,Rural Health Centre,0.0,0.0,3.0,0.0,0.0,0.0,0.0,3.0,0.0,3.0,0.0,40.0,0.0,0.0,0.0,1.0,0.0,0.0,10.0,0.0,1.0,1.0,0.0,1.0,0.0,1.0,1.0,1,0.0,,,6,Rural Health Centre,Government,False,False,True
516.0,1390.0,Mashonaland Central,Guruve,30.44222,-16.63607,0.0,2007.0,Kemutamba,6,2006.0,Rural Health Centre,0.0,0.0,0.0,0.0,0.0,0.0,0.0,0.0,0.0,0.0,0.0,60.0,0.0,0.0,0.0,1.0,0.0,0.0,30.0,0.0,1.0,1.0,0.0,1.0,0.0,1.0,1.0,1,0.0,Not yet functional,,6,Rural Health Centre,Government,False,False,True
517.0,1391.0,Mashonaland Central,Guruve,30.87209,-16.66756,0.0,2007.0,Kamusasa,5,2006.0,Clinic,0.0,0.0,0.0,0.0,0.0,0.0,0.0,0.0,0.0,0.0,0.0,0.0,0.0,0.0,1.0,0.0,1.0,0.0,0.0,1.0,0.0,0.0,0.0,1.0,1.0,0.0,0.0,0,0.0,,Clinic,5,Clinic,Government/Council,False,False,True
518.0,0.0,Mashonaland Central,Guruve,30.7032,-16.6628,0.0,2013.0,Guruve ,ZRP ,0.0,Clinic,0.0,0.0,0.0,0.0,0.0,0.0,0.0,0.0,0.0,0.0,0.0,0.0,0.0,0.0,0.0,0.0,0.0,0.0,0.0,0.0,0.0,0.0,0.0,0.0,0.0,0.0,0.0,0,0.0,,,ZRP,Clinic,"Excluded - restricted access (prison/police, not public)",False,False,False
519.0,0.0,Mashonaland Central,Guruve,30.5841,-16.9699,0.0,2013.0,Brandon ,,0.0,Clinic,0.0,0.0,0.0,2.0,1.0,0.0,0.0,0.0,0.0,0.0,5.0,75.0,0.0,0.0,0.0,0.0,1.0,0.0,0.0,0.0,0.0,0.0,0.0,0.0,0.0,0.0,0.0,1,0.0,,,,Clinic,Unspecified,False,False,True
520.0,0.0,Mashonaland Central,Guruve,30.7191,-16.969,0.0,2013.0,Birkdale,,0.0,Clinic,0.0,2.0,0.0,0.0,1.0,0.0,0.0,4.0,0.0,0.0,5392.0,17.0,1.0,0.0,1.0,0.0,1.0,0.0,0.0,0.0,0.0,0.0,0.0,0.0,0.0,0.0,0.0,1,0.0,,,,Clinic,Unspecified,False,False,True
521.0,108.0,Masvingo,Gutu,31.8850803375,-19.80603,0.0,1998.0,Chepiri,5,0.0,Clinic,0.0,0.0,0.0,0.0,0.0,0.0,0.0,0.0,0.0,0.0,0.0,0.0,0.0,0.0,0.0,0.0,0.0,0.0,0.0,0.0,0.0,0.0,0.0,0.0,0.0,0.0,0.0,0,0.0,,Clinic,5,Clinic,Government/Council,False,False,True
522.0,148.0,Masvingo,Gutu,31.6061401367,-19.67189,0.0,1998.0,Chimombe,4,0.0,Rural Hospital,0.0,0.0,0.0,0.0,0.0,0.0,0.0,0.0,0.0,0.0,0.0,0.0,0.0,0.0,0.0,0.0,0.0,0.0,0.0,0.0,0.0,0.0,0.0,0.0,0.0,0.0,0.0,0,0.0,,,4,Rural Hospital,Government,False,False,True
523.0,167.0,Masvingo,Gutu,31.4850597382,-19.50567,0.0,1998.0,Chinyika,4,0.0,Rural Health Centre,0.0,0.0,0.0,0.0,0.0,0.0,0.0,0.0,0.0,0.0,0.0,0.0,0.0,0.0,0.0,0.0,0.0,0.0,0.0,0.0,0.0,0.0,0.0,0.0,0.0,0.0,0.0,0,0.0,,,4,Rural Health Centre,Government,False,False,True
524.0,202.0,Masvingo,Gutu,31.202419281,-19.90722,0.0,1998.0,Chitando,6,0.0,Rural Health Centre,0.0,0.0,0.0,0.0,0.0,0.0,0.0,0.0,0.0,0.0,0.0,0.0,0.0,0.0,0.0,0.0,0.0,0.0,0.0,0.0,0.0,0.0,0.0,0.0,0.0,0.0,0.0,0,0.0,,,6,Rural Health Centre,Government,False,False,True
525.0,214.0,Masvingo,Gutu,31.6173305511,-19.50175,0.0,1998.0,Chitsa,6,0.0,Rural Health Centre,0.0,0.0,0.0,0.0,0.0,0.0,0.0,0.0,0.0,0.0,0.0,0.0,0.0,0.0,0.0,0.0,0.0,0.0,0.0,0.0,0.0,0.0,0.0,0.0,0.0,0.0,0.0,0,0.0,,,6,Rural Health Centre,Government,False,False,True
526.0,235.0,Masvingo,Gutu,30.8393096924,-19.63397,0.0,1998.0,Chiwore,5,0.0,Clinic,0.0,0.0,0.0,0.0,0.0,0.0,0.0,0.0,0.0,0.0,0.0,0.0,0.0,0.0,0.0,0.0,0.0,0.0,0.0,0.0,0.0,0.0,0.0,0.0,0.0,0.0,0.0,0,0.0,,Clinic,5,Clinic,Government/Council,False,False,True
527.0,254.0,Masvingo,Gutu,31.286359787,-19.37464,0.0,1998.0,Dambara,5,0.0,Clinic,0.0,0.0,0.0,0.0,0.0,0.0,0.0,0.0,0.0,0.0,0.0,0.0,0.0,0.0,0.0,0.0,0.0,0.0,0.0,0.0,0.0,0.0,0.0,0.0,0.0,0.0,0.0,0,0.0,,,5,Clinic,Government/Council,False,False,True
528.0,270.0,Masvingo,Gutu,31.1890792847,-19.28422,0.0,1998.0,Denhere,5,0.0,Clinic,0.0,0.0,0.0,0.0,0.0,0.0,0.0,0.0,0.0,0.0,0.0,0.0,0.0,0.0,0.0,0.0,0.0,0.0,0.0,0.0,0.0,0.0,0.0,0.0,0.0,0.0,0.0,0,0.0,,,5,Clinic,Government/Council,False,False,True
529.0,275.0,Masvingo,Gutu,31.3866691589,-19.66761,0.0,1998.0,Devure,3,0.0,Mission Clinic,0.0,0.0,0.0,0.0,0.0,0.0,0.0,0.0,0.0,0.0,0.0,0.0,0.0,0.0,0.0,0.0,0.0,0.0,0.0,0.0,0.0,0.0,0.0,0.0,0.0,0.0,0.0,0,0.0,,,3,Mission Clinic,Mission/Church,False,False,True
530.0,372.0,Masvingo,Gutu,31.1406898499,-20.00739,0.0,1998.0,Guni,5,0.0,Clinic,0.0,0.0,0.0,0.0,0.0,0.0,0.0,0.0,0.0,0.0,0.0,0.0,0.0,0.0,0.0,0.0,0.0,0.0,0.0,0.0,0.0,0.0,0.0,0.0,0.0,0.0,0.0,0,0.0,,,5,Clinic,Government/Council,False,False,True
531.0,379.0,Masvingo,Gutu,31.1500797272,-19.65761,0.0,1998.0,Gutu,2,0.0,Hospital,0.0,0.0,0.0,0.0,0.0,0.0,0.0,0.0,0.0,0.0,0.0,0.0,0.0,0.0,0.0,0.0,0.0,0.0,0.0,0.0,0.0,0.0,0.0,0.0,0.0,0.0,0.0,0,0.0,,,2,Hospital,Government,False,False,True
532.0,380.0,Masvingo,Gutu,31.2180595398,-19.65678,0.0,1998.0,Gutu,3,0.0,Mission Hospital,0.0,0.0,0.0,0.0,0.0,0.0,0.0,0.0,0.0,0.0,0.0,0.0,0.0,0.0,0.0,0.0,0.0,0.0,0.0,0.0,0.0,0.0,0.0,0.0,0.0,0.0,0.0,0,0.0,,,3,Mission Hospital,Mission/Church,False,False,True
533.0,557.0,Masvingo,Gutu,31.3502197266,-19.75803,0.0,1998.0,Magombedze,5,0.0,Clinic,0.0,0.0,0.0,0.0,0.0,0.0,0.0,0.0,0.0,0.0,0.0,0.0,0.0,0.0,0.0,0.0,0.0,0.0,0.0,0.0,0.0,0.0,0.0,0.0,0.0,0.0,0.0,0,0.0,,,5,Clinic,Government/Council,False,False,True
534.0,565.0,Masvingo,Gutu,31.3845291138,-19.83931,0.0,1998.0,Majarada,6,0.0,Rural Health Centre,0.0,0.0,0.0,0.0,0.0,0.0,0.0,0.0,0.0,0.0,0.0,0.0,0.0,0.0,0.0,0.0,0.0,0.0,0.0,0.0,0.0,0.0,0.0,0.0,0.0,0.0,0.0,0,0.0,,,6,Rural Health Centre,Government,False,False,True
535.0,1196.0,Masvingo,Gutu,31.5864696503,-19.81789,0.0,1998.0,Zinhata,5,0.0,Clinic,0.0,0.0,0.0,0.0,0.0,0.0,0.0,0.0,0.0,0.0,0.0,0.0,0.0,0.0,0.0,0.0,0.0,0.0,0.0,0.0,0.0,0.0,0.0,0.0,0.0,0.0,0.0,0,0.0,,,5,Clinic,Government/Council,False,False,True
536.0,637.0,Masvingo,Gutu,31.7718601227,-19.61928,0.0,1998.0,Mataruse,5,0.0,Clinic,0.0,0.0,0.0,0.0,0.0,0.0,0.0,0.0,0.0,0.0,0.0,0.0,0.0,0.0,0.0,0.0,0.0,0.0,0.0,0.0,0.0,0.0,0.0,0.0,0.0,0.0,0.0,0,0.0,,,5,Clinic,Government/Council,False,False,True
537.0,645.0,Masvingo,Gutu,30.96875,-19.47356,0.0,1998.0,Matizha,5,0.0,Clinic,0.0,0.0,0.0,0.0,0.0,0.0,0.0,0.0,0.0,0.0,0.0,0.0,0.0,0.0,0.0,0.0,0.0,0.0,0.0,0.0,0.0,0.0,0.0,0.0,0.0,0.0,0.0,0,0.0,,,5,Clinic,Government/Council,False,False,True
538.0,670.0,Masvingo,Gutu,31.6404399872,-19.60406,0.0,1998.0,Mazura,5,0.0,Clinic,0.0,0.0,0.0,0.0,0.0,0.0,0.0,0.0,0.0,0.0,0.0,0.0,0.0,0.0,0.0,0.0,0.0,0.0,0.0,0.0,0.0,0.0,0.0,0.0,0.0,0.0,0.0,0,0.0,,,5,Clinic,Government/Council,False,False,True
539.0,732.0,Masvingo,Gutu,31.1578903198,-19.75686,0.0,1998.0,Mukaro,5,0.0,Clinic,0.0,0.0,0.0,0.0,0.0,0.0,0.0,0.0,0.0,0.0,0.0,0.0,0.0,0.0,0.0,0.0,0.0,0.0,0.0,0.0,0.0,0.0,0.0,0.0,0.0,0.0,0.0,0,0.0,,,5,Clinic,Government/Council,False,False,True
540.0,750.0,Masvingo,Gutu,31.8052196503,-19.72236,0.0,1998.0,Munyikwa,6,0.0,Rural Health Centre,0.0,0.0,0.0,0.0,0.0,0.0,0.0,0.0,0.0,0.0,0.0,0.0,0.0,0.0,0.0,0.0,0.0,0.0,0.0,0.0,0.0,0.0,0.0,0.0,0.0,0.0,0.0,0,0.0,,,6,Rural Health Centre,Government,False,False,True
541.0,773.0,Masvingo,Gutu,31.1009197235,-19.72333,0.0,1998.0,Mushaviri,5,0.0,Clinic,0.0,0.0,0.0,0.0,0.0,0.0,0.0,0.0,0.0,0.0,0.0,0.0,0.0,0.0,0.0,0.0,0.0,0.0,0.0,0.0,0.0,0.0,0.0,0.0,0.0,0.0,0.0,0,0.0,,,5,Clinic,Government/Council,False,False,True
542.0,792.0,Masvingo,Gutu,30.9879703522,-19.88822,0.0,1998.0,Mutema,5,0.0,Clinic,0.0,0.0,0.0,0.0,0.0,0.0,0.0,0.0,0.0,0.0,0.0,0.0,0.0,0.0,0.0,0.0,0.0,0.0,0.0,0.0,0.0,0.0,0.0,0.0,0.0,0.0,0.0,0,0.0,,,5,Clinic,Government/Council,False,False,True
543.0,795.0,Masvingo,Gutu,31.4380302429,-19.63433,0.0,1998.0,Mutero,3,0.0,Mission Clinic,0.0,0.0,0.0,0.0,0.0,0.0,0.0,0.0,0.0,0.0,0.0,0.0,0.0,0.0,0.0,0.0,0.0,0.0,0.0,0.0,0.0,0.0,0.0,0.0,0.0,0.0,0.0,0,0.0,,,3,Mission Clinic,Mission/Church,False,False,True
544.0,829.0,Masvingo,Gutu,31.6840591431,-19.83439,0.0,1998.0,Nemashakwe,5,0.0,Clinic,0.0,0.0,0.0,0.0,0.0,0.0,0.0,0.0,0.0,0.0,0.0,0.0,0.0,0.0,0.0,0.0,0.0,0.0,0.0,0.0,0.0,0.0,0.0,0.0,0.0,0.0,0.0,0,0.0,,,5,Clinic,Government/Council,False,False,True
545.0,833.0,Masvingo,Gutu,31.0352802277,-19.85586,0.0,1998.0,Nerupiri,5,0.0,Clinic,0.0,0.0,0.0,0.0,0.0,0.0,0.0,0.0,0.0,0.0,0.0,0.0,0.0,0.0,0.0,0.0,0.0,0.0,0.0,0.0,0.0,0.0,0.0,0.0,0.0,0.0,0.0,0,0.0,,,5,Clinic,Government/Council,False,False,True
546.0,930.0,Masvingo,Gutu,31.3673591614,-19.40494,0.0,1998.0,Nyazvidzi,5,0.0,Clinic,0.0,0.0,0.0,0.0,0.0,0.0,0.0,0.0,0.0,0.0,0.0,0.0,0.0,0.0,0.0,0.0,0.0,0.0,0.0,0.0,0.0,0.0,0.0,0.0,0.0,0.0,0.0,0,0.0,,,5,Clinic,Government/Council,False,False,True
547.0,1034.0,Masvingo,Gutu,30.8836898804,-19.51861,0.0,1998.0,Serima,3,0.0,Mission Hospital,0.0,0.0,0.0,0.0,0.0,0.0,0.0,0.0,0.0,0.0,0.0,0.0,0.0,0.0,0.0,0.0,0.0,0.0,0.0,0.0,0.0,0.0,0.0,0.0,0.0,0.0,0.0,0,0.0,,,3,Mission Hospital,Mission/Church,False,False,True
548.0,1082.0,Masvingo,Gutu,31.2071895599,-19.45097,0.0,1998.0,Soti Source,5,0.0,Clinic,0.0,0.0,0.0,0.0,0.0,0.0,0.0,0.0,0.0,0.0,0.0,0.0,0.0,0.0,0.0,0.0,0.0,0.0,0.0,0.0,0.0,0.0,0.0,0.0,0.0,0.0,0.0,0,0.0,,,5,Clinic,Government/Council,False,False,True
549.0,1124.0,Masvingo,Gutu,31.4502792358,-19.75394,0.0,1998.0,Tirizi,5,0.0,Clinic,0.0,0.0,0.0,0.0,0.0,0.0,0.0,0.0,0.0,0.0,0.0,0.0,0.0,0.0,0.0,0.0,0.0,0.0,0.0,0.0,0.0,0.0,0.0,0.0,0.0,0.0,0.0,0,0.0,,,5,Clinic,Government/Council,False,False,True
550.0,1211.0,Masvingo,Gutu,31.3556098938,-19.57472,0.0,1998.0,Zvavahera,5,0.0,Clinic,0.0,0.0,0.0,0.0,0.0,0.0,0.0,0.0,0.0,0.0,0.0,0.0,0.0,0.0,0.0,0.0,0.0,0.0,0.0,0.0,0.0,0.0,0.0,0.0,0.0,0.0,0.0,0,0.0,,,5,Clinic,Government/Council,False,False,True
551.0,47.0,Matebeleland South,Gwanda,28.9061393738,-20.87447,0.0,1998.0,Blanket Mine,7,0.0,Mine Clinic,0.0,0.0,0.0,0.0,0.0,0.0,0.0,0.0,0.0,0.0,0.0,0.0,0.0,0.0,0.0,0.0,0.0,0.0,0.0,0.0,0.0,0.0,0.0,0.0,0.0,0.0,0.0,0,0.0,,,7,Mine Clinic,Private,True,False,False
552.0,63.0,Matebeleland South,Gwanda,29.2044696808,-21.46747,0.0,1998.0,Buvuma,5,0.0,Clinic,0.0,0.0,0.0,0.0,0.0,0.0,0.0,0.0,0.0,0.0,0.0,0.0,0.0,0.0,0.0,0.0,0.0,0.0,0.0,0.0,0.0,0.0,0.0,0.0,0.0,0.0,0.0,0,0.0,,Clinic,5,Clinic,Government/Council,False,False,True
553.0,246.0,Matebeleland South,Gwanda,29.221780777,-21.0035,0.0,1998.0,Collen Bawn,7,0.0,Mine Clinic,0.0,0.0,0.0,0.0,0.0,0.0,0.0,0.0,0.0,0.0,0.0,0.0,0.0,0.0,0.0,0.0,0.0,0.0,0.0,0.0,0.0,0.0,0.0,0.0,0.0,0.0,0.0,0,0.0,,,7,Mine Clinic,Private,True,False,False
554.0,327.0,Matebeleland South,Gwanda,28.8003292084,-20.97178,0.0,1998.0,Freda Mine,7,0.0,Mine Clinic,0.0,0.0,0.0,0.0,0.0,0.0,0.0,0.0,0.0,0.0,0.0,0.0,0.0,0.0,0.0,0.0,0.0,0.0,0.0,0.0,0.0,0.0,0.0,0.0,0.0,0.0,0.0,0,0.0,,,7,Mine Clinic,Private,True,False,False
555.0,371.0,Matebeleland South,Gwanda,28.8873100281,-21.45617,0.0,1998.0,Gungwe,6,0.0,Rural Health Centre,0.0,0.0,0.0,0.0,0.0,0.0,0.0,0.0,0.0,0.0,0.0,0.0,0.0,0.0,0.0,0.0,0.0,0.0,0.0,0.0,0.0,0.0,0.0,0.0,0.0,0.0,0.0,0,0.0,,,6,Rural Health Centre,Government,False,False,True
556.0,383.0,Matebeleland South,Gwanda,29.0065307617,-20.95706,0.0,1998.0,Gwanda Prison,5,0.0,Clinic,0.0,0.0,0.0,0.0,0.0,0.0,0.0,0.0,0.0,0.0,0.0,0.0,0.0,0.0,0.0,0.0,0.0,0.0,0.0,0.0,0.0,0.0,0.0,0.0,0.0,0.0,0.0,0,0.0,,,5,Clinic,Government/Council,False,False,True
557.0,384.0,Matebeleland South,Gwanda,29.0000591278,-20.95786,0.0,1998.0,Gwanda Prov. Hosp,1,0.0,Provincial Hospital,0.0,0.0,0.0,0.0,0.0,0.0,0.0,0.0,0.0,0.0,0.0,0.0,0.0,0.0,0.0,0.0,0.0,0.0,0.0,0.0,0.0,0.0,0.0,0.0,0.0,0.0,0.0,0,0.0,,,1,Provincial Hospital,Government,False,False,True
558.0,449.0,Matebeleland South,Gwanda,29.3228092194,-21.05517,0.0,1998.0,Jessie Mine,7,0.0,Mine Clinic,0.0,0.0,0.0,0.0,0.0,0.0,0.0,0.0,0.0,0.0,0.0,0.0,0.0,0.0,0.0,0.0,0.0,0.0,0.0,0.0,0.0,0.0,0.0,0.0,0.0,0.0,0.0,0,0.0,,,7,Mine Clinic,Private,True,False,False
559.0,463.0,Matebeleland South,Gwanda,29.3721408844,-20.99019,0.0,1998.0,JZ Moyo,5,0.0,School Clinic,0.0,0.0,0.0,0.0,0.0,0.0,0.0,0.0,0.0,0.0,0.0,0.0,0.0,0.0,0.0,0.0,0.0,0.0,0.0,0.0,0.0,0.0,0.0,0.0,0.0,0.0,0.0,0,0.0,,,5,School Clinic,Government/Council,False,False,True
560.0,471.0,Matebeleland South,Gwanda,28.7722206116,-21.60386,0.0,1998.0,Kafusi,5,0.0,Clinic,0.0,0.0,0.0,0.0,0.0,0.0,0.0,0.0,0.0,0.0,0.0,0.0,0.0,0.0,0.0,0.0,0.0,0.0,0.0,0.0,0.0,0.0,0.0,0.0,0.0,0.0,0.0,0,0.0,,,5,Clinic,Government/Council,False,False,True
561.0,582.0,Matebeleland South,Gwanda,28.7563896179,-20.96919,0.0,1998.0,Makwe,6,0.0,Rural Health Centre,0.0,0.0,0.0,0.0,0.0,0.0,0.0,0.0,0.0,0.0,0.0,0.0,0.0,0.0,0.0,0.0,0.0,0.0,0.0,0.0,0.0,0.0,0.0,0.0,0.0,0.0,0.0,0,0.0,,,6,Rural Health Centre,Government,False,False,True
562.0,588.0,Matebeleland South,Gwanda,28.9911403656,-21.57014,0.0,1998.0,Manama,3,0.0,Mission Hospital,0.0,0.0,0.0,0.0,0.0,0.0,0.0,0.0,0.0,0.0,0.0,0.0,0.0,0.0,0.0,0.0,0.0,0.0,0.0,0.0,0.0,0.0,0.0,0.0,0.0,0.0,0.0,0,0.0,,,3,Mission Hospital,Mission/Church,False,False,True
563.0,1163.0,Matebeleland South,Gwanda,28.9237804413,-20.88653,0.0,1998.0,Vumba-Chingwe,5,0.0,Clinic,0.0,0.0,0.0,0.0,0.0,0.0,0.0,0.0,0.0,0.0,0.0,0.0,0.0,0.0,0.0,0.0,0.0,0.0,0.0,0.0,0.0,0.0,0.0,0.0,0.0,0.0,0.0,0,0.0,,,5,Clinic,Government/Council,False,False,True
564.0,1198.0,Matebeleland South,Gwanda,29.0184993744,-20.94064,0.0,1998.0,ZNFPC,5,0.0,Clinic,0.0,0.0,0.0,0.0,0.0,0.0,0.0,0.0,0.0,0.0,0.0,0.0,0.0,0.0,0.0,0.0,0.0,0.0,0.0,0.0,0.0,0.0,0.0,0.0,0.0,0.0,0.0,0,0.0,,,5,Clinic,Government/Council,False,False,True
565.0,621.0,Matebeleland South,Gwanda,28.9503898621,-21.66825,0.0,1998.0,Mashaba,5,0.0,Clinic,0.0,0.0,0.0,0.0,0.0,0.0,0.0,0.0,0.0,0.0,0.0,0.0,0.0,0.0,0.0,0.0,0.0,0.0,0.0,0.0,0.0,0.0,0.0,0.0,0.0,0.0,0.0,0,0.0,,,5,Clinic,Government/Council,False,False,True
566.0,718.0,Matebeleland South,Gwanda,28.9069194794,-20.70111,0.0,1998.0,Mtshabezi,3,0.0,Mission Hospital,0.0,0.0,0.0,0.0,0.0,0.0,0.0,0.0,0.0,0.0,0.0,0.0,0.0,0.0,0.0,0.0,0.0,0.0,0.0,0.0,0.0,0.0,0.0,0.0,0.0,0.0,0.0,0,0.0,,,3,Mission Hospital,Mission/Church,False,False,True
567.0,817.0,Matebeleland South,Gwanda,29.1355800629,-20.65025,0.0,1998.0,Mzimuni,5,0.0,Clinic,0.0,0.0,0.0,0.0,0.0,0.0,0.0,0.0,0.0,0.0,0.0,0.0,0.0,0.0,0.0,0.0,0.0,0.0,0.0,0.0,0.0,0.0,0.0,0.0,0.0,0.0,0.0,0,0.0,,,5,Clinic,Government/Council,False,False,True
568.0,854.0,Matebeleland South,Gwanda,29.205499649,-21.70358,0.0,1998.0,Nhwali,6,0.0,Rural Health Centre,0.0,0.0,0.0,0.0,0.0,0.0,0.0,0.0,0.0,0.0,0.0,0.0,0.0,0.0,0.0,0.0,0.0,0.0,0.0,0.0,0.0,0.0,0.0,0.0,0.0,0.0,0.0,0,0.0,,,6,Rural Health Centre,Government,False,False,True
569.0,869.0,Matebeleland South,Gwanda,28.8860797882,-21.35731,0.0,1998.0,Ntalale,5,0.0,Clinic,0.0,0.0,0.0,0.0,0.0,0.0,0.0,0.0,0.0,0.0,0.0,0.0,0.0,0.0,0.0,0.0,0.0,0.0,0.0,0.0,0.0,0.0,0.0,0.0,0.0,0.0,0.0,0,0.0,,,5,Clinic,Government/Council,False,False,True
570.0,947.0,Matebeleland South,Gwanda,29.0239696503,-20.93975,0.0,1998.0,Pakama,5,0.0,Clinic,0.0,0.0,0.0,0.0,0.0,0.0,0.0,0.0,0.0,0.0,0.0,0.0,0.0,0.0,0.0,0.0,0.0,0.0,0.0,0.0,0.0,0.0,0.0,0.0,0.0,0.0,0.0,0,0.0,,Clinic,5,Clinic,Government/Council,False,False,True
571.0,1032.0,Matebeleland South,Gwanda,28.9745006561,-21.37139,0.0,1998.0,Sengwezani,6,0.0,Rural Health Centre,0.0,0.0,0.0,0.0,0.0,0.0,0.0,0.0,0.0,0.0,0.0,0.0,0.0,0.0,0.0,0.0,0.0,0.0,0.0,0.0,0.0,0.0,0.0,0.0,0.0,0.0,0.0,0,0.0,,,6,Rural Health Centre,Government,False,False,True
572.0,1067.0,Matebeleland South,Gwanda,29.1740608215,-21.38333,0.0,1998.0,Silonga,5,0.0,Clinic,0.0,0.0,0.0,0.0,0.0,0.0,0.0,0.0,0.0,0.0,0.0,0.0,0.0,0.0,0.0,0.0,0.0,0.0,0.0,0.0,0.0,0.0,0.0,0.0,0.0,0.0,0.0,0,0.0,,,5,Clinic,Government/Council,False,False,True
573.0,1072.0,Matebeleland South,Gwanda,28.757610321,-20.75217,0.0,1998.0,Simbumbumbu,6,0.0,Rural Health Centre,0.0,0.0,0.0,0.0,0.0,0.0,0.0,0.0,0.0,0.0,0.0,0.0,0.0,0.0,0.0,0.0,0.0,0.0,0.0,0.0,0.0,0.0,0.0,0.0,0.0,0.0,0.0,0,0.0,,,6,Rural Health Centre,Government,False,False,True
574.0,1102.0,Matebeleland South,Gwanda,29.0366096497,-20.66992,0.0,1998.0,Stanmore,5,0.0,Clinic,0.0,0.0,0.0,0.0,0.0,0.0,0.0,0.0,0.0,0.0,0.0,0.0,0.0,0.0,0.0,0.0,0.0,0.0,0.0,0.0,0.0,0.0,0.0,0.0,0.0,0.0,0.0,0,0.0,,,5,Clinic,Government/Council,False,False,True
575.0,1259.0,Matebeleland South,Gwanda,29.71504,-21.08346,853.0,2007.0,Dwala,5,1980.0,Clinic,0.0,0.0,0.0,0.0,0.0,0.0,0.0,0.0,0.0,0.0,0.0,0.0,0.0,0.0,0.0,0.0,0.0,0.0,0.0,0.0,0.0,0.0,0.0,0.0,0.0,0.0,0.0,0,0.0,Not yet open -water problem.,,5,Clinic,Government/Council,False,False,True
576.0,1260.0,Matebeleland South,Gwanda,29.35371,-21.3652,725.0,2007.0,Oakley Block,8,0.0,Clinic(Not Open),0.0,0.0,0.0,0.0,0.0,0.0,0.0,0.0,0.0,0.0,0.0,65.0,0.0,0.0,0.0,0.0,0.0,0.0,0.0,0.0,0.0,0.0,0.0,1.0,0.0,1.0,0.0,0,0.0,Was a farm house -not yet functional,,8,Clinic(Not Open),Non-operational/Not yet open,False,True,False
577.0,1264.0,Matebeleland South,Gwanda,28.90015,-21.57018,752.0,2007.0,Mapate,5,2006.0,Cliniclinic,0.0,0.0,0.0,0.0,0.0,0.0,0.0,0.0,0.0,0.0,0.0,104.0,0.0,0.0,0.0,0.0,1.0,0.0,0.0,0.0,0.0,0.0,0.0,1.0,0.0,1.0,0.0,1,0.0,Under Construction Roof Level,,5,Cliniclinic,Government/Council,False,False,True
578.0,1265.0,Matebeleland South,Gwanda,28.98773,-21.16676,891.0,2007.0,Garanyemba,5,2004.0,Clinic,0.0,0.0,0.0,0.0,0.0,0.0,0.0,0.0,0.0,0.0,0.0,0.0,0.0,0.0,0.0,0.0,1.0,0.0,25.0,0.0,0.0,0.0,0.0,1.0,1.0,0.0,0.0,0,0.0,Complete but waiting for water connection,,5,Clinic,Government/Council,False,False,True
579.0,1266.0,Matebeleland South,Gwanda,29.0129,-20.95247,1008.0,2007.0,Joshua Mqabuko Nkomo,7,2000.0,School Clinic,0.0,1.0,0.0,0.0,0.0,0.0,0.0,0.0,0.0,0.0,0.0,1.0,0.0,1.0,1.0,0.0,1.0,0.0,0.0,1.0,0.0,1.0,0.0,1.0,1.0,0.0,1.0,0,0.0,,,7,School Clinic,Private,True,False,False
580.0,1267.0,Matebeleland South,Gwanda,28.78025,-21.01852,918.0,2007.0,Lushongwe,5,2001.0,Clinic,0.0,0.0,0.0,0.0,0.0,0.0,0.0,0.0,0.0,0.0,0.0,41.0,0.0,0.0,0.0,0.0,1.0,0.0,0.0,0.0,0.0,0.0,0.0,1.0,0.0,1.0,0.0,0,0.0,Complete electrified but waiting for connection,,5,Clinic,Government/Council,False,False,True
581.0,0.0,Matebeleland South,Gwanda,29.0124,-20.9373,0.0,2013.0,ZRP,0,0.0,ZRP clinic,0.0,0.0,0.0,0.0,0.0,0.0,0.0,0.0,0.0,0.0,0.0,0.0,0.0,0.0,0.0,0.0,0.0,0.0,0.0,0.0,0.0,0.0,0.0,0.0,0.0,0.0,0.0,0,0.0,,,0,ZRP clinic,"Excluded - restricted access (prison/police, not public)",False,False,False
582.0,0.0,Matebeleland South,Gwanda,29.3689,-21.0709,0.0,2013.0,West Nicolson,0,0.0,Clinic,0.0,0.0,0.0,0.0,0.0,0.0,0.0,0.0,0.0,0.0,0.0,0.0,0.0,0.0,0.0,0.0,0.0,0.0,0.0,0.0,0.0,0.0,0.0,0.0,0.0,0.0,0.0,0,0.0,,,0,Clinic,Unspecified,False,False,True
583.0,0.0,Matebeleland South,Gwanda,28.8005,-20.8209,0.0,2013.0,Sitezi,0,1999.0,clinic,0.0,0.0,0.0,0.0,0.0,0.0,0.0,0.0,0.0,0.0,0.0,0.0,0.0,0.0,0.0,0.0,0.0,0.0,0.0,0.0,0.0,0.0,0.0,0.0,0.0,0.0,0.0,0,0.0,,,0,clinic,Unspecified,False,False,True
584.0,139.0,Midlands,Gweru,29.9564208984,-19.5555,0.0,1998.0,Chikwingwizha,5,0.0,Clinic,0.0,0.0,0.0,0.0,0.0,0.0,0.0,0.0,0.0,0.0,0.0,0.0,0.0,0.0,0.0,0.0,0.0,0.0,0.0,0.0,0.0,0.0,0.0,0.0,0.0,0.0,0.0,0,0.0,,Clinic,5,Clinic,Government/Council,False,False,True
585.0,219.0,Midlands,Gweru,29.9526100159,-19.23689,0.0,1998.0,Chiundura,5,0.0,Clinic,0.0,0.0,0.0,0.0,0.0,0.0,0.0,0.0,0.0,0.0,0.0,0.0,0.0,0.0,0.0,0.0,0.0,0.0,0.0,0.0,0.0,0.0,0.0,0.0,0.0,0.0,0.0,0,0.0,,Clinic,5,Clinic,Government/Council,False,False,True
586.0,248.0,Midlands,Gweru,29.8199691772,-19.20722,0.0,1998.0,Connemara,5,0.0,Clinic,0.0,0.0,0.0,0.0,0.0,0.0,0.0,0.0,0.0,0.0,0.0,0.0,0.0,0.0,0.0,0.0,0.0,0.0,0.0,0.0,0.0,0.0,0.0,0.0,0.0,0.0,0.0,0,0.0,,,5,Clinic,Government/Council,False,False,True
587.0,368.0,Midlands,Gweru,30.0027809143,-19.18781,0.0,1998.0,Gunde,5,0.0,Clinic,0.0,0.0,0.0,0.0,0.0,0.0,0.0,0.0,0.0,0.0,0.0,0.0,0.0,0.0,0.0,0.0,0.0,0.0,0.0,0.0,0.0,0.0,0.0,0.0,0.0,0.0,0.0,0,0.0,,,5,Clinic,Government/Council,False,False,True
588.0,393.0,Midlands,Gweru,29.8390808105,-19.47222,0.0,1998.0,Gweru P.H,1,0.0,Provincial Hospital,0.0,0.0,0.0,0.0,0.0,0.0,0.0,0.0,0.0,0.0,0.0,0.0,0.0,0.0,0.0,0.0,0.0,0.0,0.0,0.0,0.0,0.0,0.0,0.0,0.0,0.0,0.0,0,0.0,,,1,Provincial Hospital,Government,False,False,True
589.0,464.0,Midlands,Gweru,30.0734405518,-19.1395,0.0,1998.0,Kabanga,5,0.0,Clinic,0.0,0.0,0.0,0.0,0.0,0.0,0.0,0.0,0.0,0.0,0.0,0.0,0.0,0.0,0.0,0.0,0.0,0.0,0.0,0.0,0.0,0.0,0.0,0.0,0.0,0.0,0.0,0,0.0,,,5,Clinic,Government/Council,False,False,True
590.0,523.0,Midlands,Gweru,29.5404205322,-19.38747,0.0,1998.0,Lower Gweru,3,0.0,Mission Clinic,0.0,0.0,0.0,0.0,0.0,0.0,0.0,0.0,0.0,0.0,0.0,0.0,0.0,0.0,0.0,0.0,0.0,0.0,0.0,0.0,0.0,0.0,0.0,0.0,0.0,0.0,0.0,0,0.0,,,3,Mission Clinic,Mission/Church,False,False,True
591.0,539.0,Midlands,Gweru,29.43983078,-19.29136,0.0,1998.0,Maboleni,5,0.0,Clinic,0.0,0.0,0.0,0.0,0.0,0.0,0.0,0.0,0.0,0.0,0.0,0.0,0.0,0.0,0.0,0.0,0.0,0.0,0.0,0.0,0.0,0.0,0.0,0.0,0.0,0.0,0.0,0,0.0,,,5,Clinic,Government/Council,False,False,True
592.0,547.0,Midlands,Gweru,29.3051395416,-19.27042,0.0,1998.0,Madhikani,5,0.0,Clinic,0.0,0.0,0.0,0.0,0.0,0.0,0.0,0.0,0.0,0.0,0.0,0.0,0.0,0.0,0.0,0.0,0.0,0.0,0.0,0.0,0.0,0.0,0.0,0.0,0.0,0.0,0.0,0,0.0,,,5,Clinic,Government/Council,False,False,True
593.0,573.0,Midlands,Gweru,29.5688304901,-19.38919,0.0,1998.0,Makepesi,5,0.0,Clinic,0.0,0.0,0.0,0.0,0.0,0.0,0.0,0.0,0.0,0.0,0.0,0.0,0.0,0.0,0.0,0.0,0.0,0.0,0.0,0.0,0.0,0.0,0.0,0.0,0.0,0.0,0.0,0,0.0,,,5,Clinic,Government/Council,False,False,True
594.0,590.0,Midlands,Gweru,29.4228096008,-19.37181,0.0,1998.0,Mangwande,5,0.0,Clinic,0.0,0.0,0.0,0.0,0.0,0.0,0.0,0.0,0.0,0.0,0.0,0.0,0.0,0.0,0.0,0.0,0.0,0.0,0.0,0.0,0.0,0.0,0.0,0.0,0.0,0.0,0.0,0,0.0,,,5,Clinic,Government/Council,False,False,True
595.0,1164.0,Midlands,Gweru,29.4722805023,-19.40322,0.0,1998.0,Vungu,5,0.0,Clinic,0.0,0.0,0.0,0.0,0.0,0.0,0.0,0.0,0.0,0.0,0.0,0.0,0.0,0.0,0.0,0.0,0.0,0.0,0.0,0.0,0.0,0.0,0.0,0.0,0.0,0.0,0.0,0,0.0,,,5,Clinic,Government/Council,False,False,True
596.0,1176.0,Midlands,Gweru,30.0207195282,-19.35661,0.0,1998.0,Whahwa,5,0.0,Prison Clinic,0.0,0.0,0.0,0.0,0.0,0.0,0.0,0.0,0.0,0.0,0.0,0.0,0.0,0.0,0.0,0.0,0.0,0.0,0.0,0.0,0.0,0.0,0.0,0.0,0.0,0.0,0.0,0,0.0,,,5,Prison Clinic,Government/Council,False,False,True
597.0,634.0,Midlands,Gweru,30.0599994659,-19.21278,0.0,1998.0,Masvori,5,0.0,Clinic,0.0,0.0,0.0,0.0,0.0,0.0,0.0,0.0,0.0,0.0,0.0,0.0,0.0,0.0,0.0,0.0,0.0,0.0,0.0,0.0,0.0,0.0,0.0,0.0,0.0,0.0,0.0,0,0.0,,,5,Clinic,Government/Council,False,False,True
598.0,692.0,Midlands,Gweru,29.9203605652,-19.15614,0.0,1998.0,Mlezu,6,0.0,Rural Health Centre,0.0,0.0,0.0,0.0,0.0,0.0,0.0,0.0,0.0,0.0,0.0,0.0,0.0,0.0,0.0,0.0,0.0,0.0,0.0,0.0,0.0,0.0,0.0,0.0,0.0,0.0,0.0,0,0.0,,,6,Rural Health Centre,Government,False,False,True
599.0,857.0,Midlands,Gweru,29.6528091431,-19.20103,0.0,1998.0,Nkululeko,6,0.0,Rural Health Centre,0.0,0.0,0.0,0.0,0.0,0.0,0.0,0.0,0.0,0.0,0.0,0.0,0.0,0.0,0.0,0.0,0.0,0.0,0.0,0.0,0.0,0.0,0.0,0.0,0.0,0.0,0.0,0,0.0,,,6,Rural Health Centre,Government,False,False,True
600.0,866.0,Midlands,Gweru,29.4048900604,-19.17239,0.0,1998.0,Ntabamhlope,6,0.0,Rural Health Centre,0.0,0.0,0.0,0.0,0.0,0.0,0.0,0.0,0.0,0.0,0.0,0.0,0.0,0.0,0.0,0.0,0.0,0.0,0.0,0.0,0.0,0.0,0.0,0.0,0.0,0.0,0.0,0,0.0,,,6,Rural Health Centre,Government,False,False,True
601.0,1081.0,Midlands,Gweru,29.6699409485,-19.70069,0.0,1998.0,Somabula,5,0.0,Clinic,0.0,0.0,0.0,0.0,0.0,0.0,0.0,0.0,0.0,0.0,0.0,0.0,0.0,0.0,0.0,0.0,0.0,0.0,0.0,0.0,0.0,0.0,0.0,0.0,0.0,0.0,0.0,0,0.0,,,5,Clinic,Government/Council,False,False,True
602.0,1090.0,Midlands,Gweru,29.9028091431,-19.22369,0.0,1998.0,St Patricks,3,0.0,Mission Clinic,0.0,0.0,0.0,0.0,0.0,0.0,0.0,0.0,0.0,0.0,0.0,0.0,0.0,0.0,0.0,0.0,0.0,0.0,0.0,0.0,0.0,0.0,0.0,0.0,0.0,0.0,0.0,0,0.0,,,3,Mission Clinic,Mission/Church,False,False,True
603.0,1328.0,Midlands,Gweru,29.78063,-19.52241,1393.0,2007.0,Dabuka,7,1980.0,Clinic,0.0,2.0,0.0,0.0,2.0,0.0,0.0,0.0,0.0,0.0,0.0,10.0,0.0,1.0,1.0,0.0,1.0,0.0,0.0,1.0,0.0,0.0,0.0,1.0,1.0,0.0,1.0,0,0.0,,,7,Clinic,Private,True,False,False
604.0,1337.0,Midlands,Gweru,29.80665,-19.45662,1415.0,2007.0,Railways,7,1980.0,Clinic,1.0,2.0,0.0,0.0,0.0,0.0,0.0,0.0,0.0,0.0,0.0,84.0,0.0,1.0,1.0,0.0,1.0,1.0,0.0,1.0,0.0,0.0,0.0,1.0,1.0,0.0,0.0,0,0.0,,,7,Clinic,Private,True,False,False
605.0,1338.0,Midlands,Gweru,29.78741,-19.46933,1425.0,2007.0,Kariba,7,1980.0,Clinic,1.0,1.0,1.0,0.0,0.0,0.0,0.0,3.0,0.0,3.0,180.0,8.0,0.0,0.0,1.0,0.0,1.0,0.0,0.0,1.0,0.0,0.0,1.0,0.0,1.0,0.0,0.0,0,0.0,,,7,Clinic,Private,True,False,False
606.0,1371.0,Midlands,Gweru,29.8007,-19.49625,1410.0,2007.0,Ivene,5,1990.0,Clinic,0.0,3.0,1.0,0.0,0.0,0.0,0.0,0.0,0.0,0.0,8948.0,6.0,0.0,1.0,1.0,0.0,1.0,0.0,0.0,1.0,0.0,0.0,1.0,0.0,1.0,0.0,0.0,0,0.0,,,5,Clinic,Government/Council,False,False,True
607.0,1372.0,Midlands,Gweru,29.82668,-19.42968,1411.0,2007.0,Totonga,5,1985.0,Clinic,0.0,2.0,1.0,1.0,0.0,0.0,0.0,0.0,0.0,0.0,8592.0,6.0,0.0,1.0,1.0,0.0,1.0,0.0,0.0,1.0,0.0,0.0,1.0,0.0,0.0,1.0,0.0,0,0.0,,,5,Clinic,Government/Council,False,False,True
608.0,1373.0,Midlands,Gweru,29.80173,-19.44489,1411.0,2007.0,Monomutapa,5,1980.0,Clinic,0.0,12.0,5.0,0.0,1.0,0.0,0.0,11.0,11.0,0.0,28563.0,3.0,1.0,1.0,1.0,0.0,1.0,0.0,0.0,1.0,0.0,0.0,0.0,1.0,1.0,0.0,1.0,0,0.0,,,5,Clinic,Government/Council,False,False,True
609.0,1374.0,Midlands,Gweru,29.83183,-19.46832,1428.0,2007.0,Child Welfare,5,0.0,Clinic,0.0,3.0,1.0,0.0,0.0,0.0,0.0,2.0,0.0,2.0,18713.0,400.0,0.0,1.0,1.0,0.0,1.0,0.0,0.0,1.0,0.0,0.0,0.0,1.0,1.0,0.0,0.0,0,0.0,,,5,Clinic,Government/Council,False,False,True
610.0,1375.0,Midlands,Gweru,29.83814,-19.49622,1436.0,2007.0,Senga Poly,5,1984.0,Clinic,0.0,3.0,1.0,0.0,0.0,0.0,0.0,20.0,20.0,0.0,6935.0,6.0,1.0,1.0,1.0,0.0,1.0,0.0,0.0,1.0,0.0,0.0,1.0,0.0,0.0,1.0,1.0,0,0.0,,,5,Clinic,Government/Council,False,False,True
611.0,1376.0,Midlands,Gweru,29.75082,-19.459,1425.0,2007.0,Mkoba Poly,5,1991.0,Clinic,0.0,14.0,4.0,0.0,2.0,0.0,0.0,6.0,6.0,0.0,43538.0,10.0,1.0,1.0,1.0,0.0,1.0,0.0,0.0,1.0,0.0,0.0,1.0,0.0,1.0,0.0,1.0,0,0.0,,,5,Clinic,Government/Council,False,False,True
612.0,1313.0,Midlands,Gweru,30.0505,-19.4184,1395.0,2007.0,Sino Zimbabwe,7,2001.0,Clinic,0.0,1.0,4.0,0.0,1.0,0.0,0.0,2.0,0.0,2.0,500.0,38.0,0.0,1.0,1.0,0.0,1.0,0.0,0.0,1.0,0.0,0.0,0.0,1.0,1.0,0.0,0.0,0,0.0,,,7,Clinic,Private,True,False,False
613.0,1314.0,Midlands,Gweru,29.34163,-19.21865,0.0,2007.0,Nyama,5,1999.0,Clinic,0.0,1.0,1.0,1.0,0.0,0.0,0.0,4.0,0.0,4.0,8929.0,61.0,0.0,0.0,0.0,1.0,0.0,0.0,0.0,0.0,1.0,0.0,0.0,1.0,0.0,1.0,0.0,1,0.0,,,5,Clinic,Government/Council,False,False,True
614.0,1322.0,Midlands,Gweru,29.79211,-19.43009,1395.0,2007.0,Isolation,4,1977.0,Hospital,0.0,8.0,5.0,0.0,0.0,0.0,0.0,32.0,0.0,32.0,0.0,5.0,1.0,0.0,1.0,1.0,1.0,0.0,0.0,1.0,0.0,0.0,0.0,1.0,1.0,0.0,1.0,0,0.0,,,4,Hospital,Government,False,False,True
615.0,1339.0,Midlands,Gweru,29.79629,-19.46333,1428.0,2007.0,Zim alloys,7,0.0,clinic,0.0,0.0,0.0,0.0,0.0,0.0,0.0,0.0,0.0,0.0,0.0,0.0,0.0,0.0,0.0,0.0,0.0,0.0,0.0,0.0,0.0,0.0,0.0,0.0,0.0,0.0,0.0,0,0.0,,,7,clinic,Private,True,False,False
616.0,1344.0,Midlands,Gweru,29.79629,-19.46333,1428.0,2007.0,Zim Alloys,7,1980.0,Clinic,1.0,5.0,0.0,0.0,0.0,0.0,0.0,5.0,0.0,5.0,1500.0,7.0,0.0,1.0,1.0,0.0,1.0,0.0,0.0,1.0,0.0,0.0,1.0,0.0,1.0,0.0,0.0,0,0.0,,,7,Clinic,Private,True,False,False
617.0,1345.0,Midlands,Gweru,29.79642,-19.45721,1415.0,2007.0,Zim Glass,7,1983.0,Clinic,1.0,1.0,1.0,0.0,0.0,0.0,0.0,5.0,0.0,5.0,460.0,4.0,0.0,1.0,1.0,0.0,1.0,0.0,0.0,1.0,0.0,0.0,1.0,0.0,1.0,0.0,1.0,0,0.0,,,7,Clinic,Private,True,False,False
618.0,1346.0,Midlands,Gweru,29.83327,-19.46829,1417.0,2007.0,Claybank,7,1993.0,Hospital,1.0,15.0,15.0,0.0,0.0,0.0,0.0,38.0,8.0,30.0,0.0,0.0,0.0,1.0,1.0,0.0,1.0,0.0,0.0,1.0,0.0,0.0,1.0,0.0,1.0,0.0,0.0,0,1.0,,,7,Hospital,Private,True,False,False
619.0,1347.0,Midlands,Gweru,29.79985,-19.46364,1416.0,2007.0,ZIMCAST,7,1980.0,Clinic,1.0,1.0,1.0,0.0,0.0,0.0,0.0,1.0,0.0,1.0,400.0,4.0,0.0,1.0,1.0,0.0,1.0,0.0,0.0,1.0,0.0,0.0,0.0,1.0,1.0,0.0,1.0,0,0.0,,,7,Clinic,Private,True,False,False
620.0,1348.0,Midlands,Gweru,29.76658,-19.46726,1420.0,2007.0,Mkoba 1,5,1980.0,Clinic,0.0,12.0,4.0,0.0,1.0,0.0,0.0,13.0,12.0,1.0,36460.0,9.0,0.0,1.0,1.0,0.0,1.0,0.0,0.0,1.0,0.0,0.0,0.0,1.0,1.0,0.0,1.0,0,0.0,,,5,Clinic,Government/Council,False,False,True
621.0,1349.0,Midlands,Gweru,29.79553,-19.47412,1432.0,2007.0,BATA,7,1960.0,Clinic,1.0,3.0,0.0,0.0,0.0,0.0,0.0,0.0,0.0,0.0,0.0,6.0,0.0,1.0,1.0,0.0,1.0,0.0,0.0,1.0,0.0,0.0,0.0,1.0,1.0,0.0,0.0,0,0.0,,,7,Clinic,Private,True,False,False
622.0,0.0,Harare,Harare,31.0856,-17.8187,0.0,2013.0,Highlands ,council,,PC clinic,0.0,0.0,0.0,0.0,0.0,0.0,0.0,0.0,0.0,0.0,0.0,0.0,0.0,0.0,0.0,0.0,0.0,0.0,0.0,0.0,0.0,0.0,0.0,0.0,0.0,0.0,0.0,0,0.0,,,council,PC clinic,Government/Council,False,False,True
623.0,0.0,Harare,Harare,31.0891,-17.7997,0.0,2013.0,Highlands ,council,,FHS,0.0,0.0,0.0,0.0,0.0,0.0,0.0,0.0,0.0,0.0,0.0,0.0,0.0,0.0,0.0,0.0,0.0,0.0,0.0,0.0,0.0,0.0,0.0,0.0,0.0,0.0,0.0,0,0.0,,,council,FHS,Government/Council,False,False,True
624.0,0.0,Harare,Harare,31.1291,-17.8105,0.0,2013.0,Greendale,council,,FHS,0.0,0.0,0.0,0.0,0.0,0.0,0.0,0.0,0.0,0.0,0.0,0.0,0.0,0.0,0.0,0.0,0.0,0.0,0.0,0.0,0.0,0.0,0.0,0.0,0.0,0.0,0.0,0,0.0,,,council,FHS,Government/Council,False,False,True
625.0,0.0,Harare,Harare,31.1971,-17.8357,0.0,2013.0,Mabvuku,council,,Poly clinic,0.0,0.0,0.0,0.0,0.0,0.0,0.0,0.0,0.0,0.0,0.0,0.0,0.0,0.0,0.0,0.0,0.0,0.0,0.0,0.0,0.0,0.0,0.0,0.0,0.0,0.0,0.0,0,0.0,,,council,Poly clinic,Government/Council,False,False,True
626.0,0.0,Harare,Harare,31.2135,-17.8316,0.0,2013.0,Tafara,council,,clinic,0.0,0.0,0.0,0.0,0.0,0.0,0.0,0.0,0.0,0.0,0.0,0.0,0.0,0.0,0.0,0.0,0.0,0.0,0.0,0.0,0.0,0.0,0.0,0.0,0.0,0.0,0.0,0,0.0,,,council,clinic,Government/Council,False,False,True
627.0,0.0,Harare,Harare,31.2348,-17.8451,0.0,2013.0,Caledonia,council,,clinic,0.0,0.0,0.0,0.0,0.0,0.0,0.0,0.0,0.0,0.0,0.0,0.0,0.0,0.0,0.0,0.0,0.0,0.0,0.0,0.0,0.0,0.0,0.0,0.0,0.0,0.0,0.0,0,0.0,,,council,clinic,Government/Council,False,False,True
628.0,0.0,Harare,Harare,31.1841,-17.8389,0.0,2013.0,Mabvuku,council,,FHS,0.0,0.0,0.0,0.0,0.0,0.0,0.0,0.0,0.0,0.0,0.0,0.0,0.0,0.0,0.0,0.0,0.0,0.0,0.0,0.0,0.0,0.0,0.0,0.0,0.0,0.0,0.0,0,0.0,,,council,FHS,Government/Council,False,False,True
629.0,0.0,Harare,Harare,31.0864,-17.8787,0.0,2013.0,Hatfield,council,,clinic,0.0,0.0,0.0,0.0,0.0,0.0,0.0,0.0,0.0,0.0,0.0,0.0,0.0,0.0,0.0,0.0,0.0,0.0,0.0,0.0,0.0,0.0,0.0,0.0,0.0,0.0,0.0,0,0.0,,,council,clinic,Government/Council,False,False,True
630.0,0.0,Harare,Harare,31.0427,-17.8589,0.0,2013.0,Matapi,council,,clinic,0.0,0.0,0.0,0.0,0.0,0.0,0.0,0.0,0.0,0.0,0.0,0.0,0.0,0.0,0.0,0.0,0.0,0.0,0.0,0.0,0.0,0.0,0.0,0.0,0.0,0.0,0.0,0,0.0,,,council,clinic,Government/Council,False,False,True
631.0,0.0,Harare,Harare,31.0291,-17.7883,0.0,2013.0,Avondale,council,,clinic,0.0,0.0,0.0,0.0,0.0,0.0,0.0,0.0,0.0,0.0,0.0,0.0,0.0,0.0,0.0,0.0,0.0,0.0,0.0,0.0,0.0,0.0,0.0,0.0,0.0,0.0,0.0,0,0.0,,,council,clinic,Government/Council,False,False,True
632.0,0.0,Harare,Harare,30.9987,-17.7914,0.0,2013.0,Mabelreign,council,,satellite clinic,0.0,0.0,0.0,0.0,0.0,0.0,0.0,0.0,0.0,0.0,0.0,0.0,0.0,0.0,0.0,0.0,0.0,0.0,0.0,0.0,0.0,0.0,0.0,0.0,0.0,0.0,0.0,0,0.0,,,council,satellite clinic,Government/Council,False,False,True
633.0,0.0,Harare,Harare,30.9981,-17.7568,0.0,2013.0,Malborough,council,,satellite clinic,0.0,0.0,0.0,0.0,0.0,0.0,0.0,0.0,0.0,0.0,0.0,0.0,0.0,0.0,0.0,0.0,0.0,0.0,0.0,0.0,0.0,0.0,0.0,0.0,0.0,0.0,0.0,0,0.0,,,council,satellite clinic,Government/Council,False,False,True
634.0,0.0,Harare,Harare,31.1075,-17.6974,0.0,2013.0,Hatcliffe ,council,,Poly clinic,0.0,0.0,0.0,0.0,0.0,0.0,0.0,0.0,0.0,0.0,0.0,0.0,0.0,0.0,0.0,0.0,0.0,0.0,0.0,0.0,0.0,0.0,0.0,0.0,0.0,0.0,0.0,0,0.0,,,council,Poly clinic,Government/Council,False,False,True
635.0,0.0,Harare,Harare,30.9297,-17.8669,0.0,2013.0,Mufakose,council,,Poly clinic,0.0,0.0,0.0,0.0,0.0,0.0,0.0,0.0,0.0,0.0,0.0,0.0,0.0,0.0,0.0,0.0,0.0,0.0,0.0,0.0,0.0,0.0,0.0,0.0,0.0,0.0,0.0,0,0.0,,,council,Poly clinic,Government/Council,False,False,True
636.0,0.0,Harare,Harare,30.9683,-17.8581,0.0,2013.0,Kambuzuma,council,,Poly clinic,0.0,0.0,0.0,0.0,0.0,0.0,0.0,0.0,0.0,0.0,0.0,0.0,0.0,0.0,0.0,0.0,0.0,0.0,0.0,0.0,0.0,0.0,0.0,0.0,0.0,0.0,0.0,0,0.0,,,council,Poly clinic,Government/Council,False,False,True
637.0,0.0,Harare,Harare,31.0089,-17.8663,0.0,2013.0,Southerton,council,,clinic,0.0,0.0,0.0,0.0,0.0,0.0,0.0,0.0,0.0,0.0,0.0,0.0,0.0,0.0,0.0,0.0,0.0,0.0,0.0,0.0,0.0,0.0,0.0,0.0,0.0,0.0,0.0,0,0.0,,,council,clinic,Government/Council,False,False,True
638.0,0.0,Harare,Harare,31.0355,-17.8597,0.0,2013.0,Mbare ,council,,Poly clinic,0.0,0.0,0.0,0.0,0.0,0.0,0.0,0.0,0.0,0.0,0.0,0.0,0.0,0.0,0.0,0.0,0.0,0.0,0.0,0.0,0.0,0.0,0.0,0.0,0.0,0.0,0.0,0,0.0,,,council,Poly clinic,Government/Council,False,False,True
639.0,0.0,Harare,Harare,31.0393,-17.8666,0.0,2013.0,Mbare hostels,council,,clinic,0.0,0.0,0.0,0.0,0.0,0.0,0.0,0.0,0.0,0.0,0.0,0.0,0.0,0.0,0.0,0.0,0.0,0.0,0.0,0.0,0.0,0.0,0.0,0.0,0.0,0.0,0.0,0,0.0,,,council,clinic,Government/Council,False,False,True
640.0,0.0,Harare,Harare,31.0308,-17.8903,0.0,2013.0,Waterfalls,council,,clinic,0.0,0.0,0.0,0.0,0.0,0.0,0.0,0.0,0.0,0.0,0.0,0.0,0.0,0.0,0.0,0.0,0.0,0.0,0.0,0.0,0.0,0.0,0.0,0.0,0.0,0.0,0.0,0,0.0,,,council,clinic,Government/Council,False,False,True
641.0,0.0,Harare,Harare,30.969,-17.9058,0.0,2013.0,Glen norah,council,,Satellite clinic,0.0,0.0,0.0,0.0,0.0,0.0,0.0,0.0,0.0,0.0,0.0,0.0,0.0,0.0,0.0,0.0,0.0,0.0,0.0,0.0,0.0,0.0,0.0,0.0,0.0,0.0,0.0,0,0.0,,,council,Satellite clinic,Government/Council,False,False,True
642.0,0.0,Harare,Harare,30.9804,-17.8949,0.0,2013.0,Western Triangle,council,,clinic,0.0,0.0,0.0,0.0,0.0,0.0,0.0,0.0,0.0,0.0,0.0,0.0,0.0,0.0,0.0,0.0,0.0,0.0,0.0,0.0,0.0,0.0,0.0,0.0,0.0,0.0,0.0,0,0.0,,,council,clinic,Government/Council,False,False,True
643.0,0.0,Harare,Harare,30.9508,-17.908,0.0,2013.0,Glen view,council,,Poly clinic,0.0,0.0,0.0,0.0,0.0,0.0,0.0,0.0,0.0,0.0,0.0,0.0,0.0,0.0,0.0,0.0,0.0,0.0,0.0,0.0,0.0,0.0,0.0,0.0,0.0,0.0,0.0,0,0.0,,,council,Poly clinic,Government/Council,False,False,True
644.0,0.0,Harare,Harare,30.9354,-17.8912,0.0,2013.0,Budiriro,council,,Poly clinic,0.0,0.0,0.0,0.0,0.0,0.0,0.0,0.0,0.0,0.0,0.0,0.0,0.0,0.0,0.0,0.0,0.0,0.0,0.0,0.0,0.0,0.0,0.0,0.0,0.0,0.0,0.0,0,0.0,,,council,Poly clinic,Government/Council,False,False,True
645.0,0.0,Harare,Harare,30.99,-17.9249,0.0,2013.0,Hopley,council,,clinic,0.0,0.0,0.0,0.0,0.0,0.0,0.0,0.0,0.0,0.0,0.0,0.0,0.0,0.0,0.0,0.0,0.0,0.0,0.0,0.0,0.0,0.0,0.0,0.0,0.0,0.0,0.0,0,0.0,,,council,clinic,Government/Council,False,False,True
646.0,0.0,Harare,Harare,30.9861,-17.9065,0.0,2013.0,Rutsanana,council,,clinic,0.0,0.0,0.0,0.0,0.0,0.0,0.0,0.0,0.0,0.0,0.0,0.0,0.0,0.0,0.0,0.0,0.0,0.0,0.0,0.0,0.0,0.0,0.0,0.0,0.0,0.0,0.0,0,0.0,,,council,clinic,Government/Council,False,False,True
647.0,0.0,Harare,Harare,30.9945,-17.8846,0.0,2013.0,Highfield,council,,Poly clinic,0.0,0.0,0.0,0.0,0.0,0.0,0.0,0.0,0.0,0.0,0.0,0.0,0.0,0.0,0.0,0.0,0.0,0.0,0.0,0.0,0.0,0.0,0.0,0.0,0.0,0.0,0.0,0,0.0,,,council,Poly clinic,Government/Council,False,False,True
648.0,0.0,Harare,Harare,31.0282,-17.8601,0.0,2013.0,Beatrice Infectious,council,,Hospital,0.0,0.0,0.0,0.0,0.0,0.0,0.0,0.0,0.0,0.0,0.0,0.0,0.0,0.0,0.0,0.0,0.0,0.0,0.0,0.0,0.0,0.0,0.0,0.0,0.0,0.0,0.0,0,0.0,,,council,Hospital,Government/Council,False,False,True
649.0,0.0,Harare,Harare,31.0458,-17.7691,0.0,2013.0,Mt pleasant,council,,clinic,0.0,0.0,0.0,0.0,0.0,0.0,0.0,0.0,0.0,0.0,0.0,0.0,0.0,0.0,0.0,0.0,0.0,0.0,0.0,0.0,0.0,0.0,0.0,0.0,0.0,0.0,0.0,0,0.0,,,council,clinic,Government/Council,False,False,True
650.0,0.0,Harare,Harare,31.0128,-17.8609,0.0,2013.0,Harare,govt,,Hospital,0.0,0.0,0.0,0.0,0.0,0.0,0.0,0.0,0.0,0.0,0.0,0.0,0.0,0.0,0.0,0.0,0.0,0.0,0.0,0.0,0.0,0.0,0.0,0.0,0.0,0.0,0.0,0,0.0,,,govt,Hospital,Government/Council,False,False,True
651.0,0.0,Harare,Harare,30.0433,-17.8122,0.0,2013.0,Parirenyatwa,govt,,Hospital,0.0,0.0,0.0,0.0,0.0,0.0,0.0,0.0,0.0,0.0,0.0,0.0,0.0,0.0,0.0,0.0,0.0,0.0,0.0,0.0,0.0,0.0,0.0,0.0,0.0,0.0,0.0,0,0.0,,,govt,Hospital,Government/Council,False,False,True
652.0,0.0,Harare,Harare,31.0243,-17.82,0.0,2013.0,Belvedere,council,,Poly clinic,0.0,0.0,0.0,0.0,0.0,0.0,0.0,0.0,0.0,0.0,0.0,0.0,0.0,0.0,0.0,0.0,0.0,0.0,0.0,0.0,0.0,0.0,0.0,0.0,0.0,0.0,0.0,0,0.0,,,council,Poly clinic,Government/Council,False,False,True
653.0,0.0,Harare,Harare,30.9285,-17.8323,0.0,2013.0,Kuwadzana ,council,,Poly clinic,0.0,0.0,0.0,0.0,0.0,0.0,0.0,0.0,0.0,0.0,0.0,0.0,0.0,0.0,0.0,0.0,0.0,0.0,0.0,0.0,0.0,0.0,0.0,0.0,0.0,0.0,0.0,0,0.0,,,council,Poly clinic,Government/Council,False,False,True
654.0,0.0,Harare,Harare,30.9782,-17.8338,0.0,2013.0,Warren Park,council,,Poly clinic,0.0,0.0,0.0,0.0,0.0,0.0,0.0,0.0,0.0,0.0,0.0,0.0,0.0,0.0,0.0,0.0,0.0,0.0,0.0,0.0,0.0,0.0,0.0,0.0,0.0,0.0,0.0,0,0.0,,,council,Poly clinic,Government/Council,False,False,True
655.0,0.0,Harare,Harare,31.0543,-17.8684,0.0,2013.0,Sunningdale,council,,satellite clinic,0.0,0.0,0.0,0.0,0.0,0.0,0.0,0.0,0.0,0.0,0.0,0.0,0.0,0.0,0.0,0.0,0.0,0.0,0.0,0.0,0.0,0.0,0.0,0.0,0.0,0.0,0.0,0,0.0,,,council,satellite clinic,Government/Council,False,False,True
656.0,0.0,Harare,Harare,31.0546,-17.8468,0.0,2013.0,Arcadia,council,,clinic,0.0,0.0,0.0,0.0,0.0,0.0,0.0,0.0,0.0,0.0,0.0,0.0,0.0,0.0,0.0,0.0,0.0,0.0,0.0,0.0,0.0,0.0,0.0,0.0,0.0,0.0,0.0,0,0.0,,,council,clinic,Government/Council,False,False,True
657.0,0.0,Harare,Harare,31.0657,-17.8399,0.0,2013.0,Braeside,council,,clinic,0.0,0.0,0.0,0.0,0.0,0.0,0.0,0.0,0.0,0.0,0.0,0.0,0.0,0.0,0.0,0.0,0.0,0.0,0.0,0.0,0.0,0.0,0.0,0.0,0.0,0.0,0.0,0,0.0,,,council,clinic,Government/Council,False,False,True
658.0,0.0,Harare,Harare,31.0861,-17.8256,0.0,2013.0,Eastly,council,,FHS,0.0,0.0,0.0,0.0,0.0,0.0,0.0,0.0,0.0,0.0,0.0,0.0,0.0,0.0,0.0,0.0,0.0,0.0,0.0,0.0,0.0,0.0,0.0,0.0,0.0,0.0,0.0,0,0.0,,,council,FHS,Government/Council,False,False,True
659.0,112.0,Mashonaland West,Hurungwe,29.1919403076,-17.14833,0.0,1998.0,Chidamoyo,3,0.0,Mission Hospital,0.0,0.0,0.0,0.0,0.0,0.0,0.0,0.0,0.0,0.0,0.0,0.0,0.0,0.0,0.0,0.0,0.0,0.0,0.0,0.0,0.0,0.0,0.0,0.0,0.0,0.0,0.0,0,0.0,,,3,Mission Hospital,Mission/Church,False,False,True
660.0,123.0,Mashonaland West,Hurungwe,29.6977806091,-16.80722,0.0,1998.0,Chikanziwe,5,0.0,Council Clinic,0.0,0.0,0.0,0.0,0.0,0.0,0.0,0.0,0.0,0.0,0.0,0.0,0.0,0.0,0.0,0.0,0.0,0.0,0.0,0.0,0.0,0.0,0.0,0.0,0.0,0.0,0.0,0,0.0,,,5,Council Clinic,Government/Council,False,False,True
661.0,160.0,Mashonaland West,Hurungwe,29.4369392395,-17.21556,0.0,1998.0,Chinhere,5,0.0,Council Clinic,0.0,0.0,0.0,0.0,0.0,0.0,0.0,0.0,0.0,0.0,0.0,0.0,0.0,0.0,0.0,0.0,0.0,0.0,0.0,0.0,0.0,0.0,0.0,0.0,0.0,0.0,0.0,0,0.0,,,5,Council Clinic,Government/Council,False,False,True
662.0,192.0,Mashonaland West,Hurungwe,28.8605594635,-16.04389,0.0,1998.0,Chirundu,5,0.0,Gvt Clinic,0.0,0.0,0.0,0.0,0.0,0.0,0.0,0.0,0.0,0.0,0.0,0.0,0.0,0.0,0.0,0.0,0.0,0.0,0.0,0.0,0.0,0.0,0.0,0.0,0.0,0.0,0.0,0,0.0,,,5,Gvt Clinic,Government/Council,False,False,True
663.0,221.0,Mashonaland West,Hurungwe,29.349439621,-17.31583,0.0,1998.0,Chivende,5,0.0,Gvt Clinic,0.0,0.0,0.0,0.0,0.0,0.0,0.0,0.0,0.0,0.0,0.0,0.0,0.0,0.0,0.0,0.0,0.0,0.0,0.0,0.0,0.0,0.0,0.0,0.0,0.0,0.0,0.0,0,0.0,,,5,Gvt Clinic,Government/Council,False,False,True
664.0,241.0,Mashonaland West,Hurungwe,29.6424999237,-16.39278,0.0,1998.0,Chundu,5,0.0,Council Clinic,0.0,0.0,0.0,0.0,0.0,0.0,0.0,0.0,0.0,0.0,0.0,0.0,0.0,0.0,0.0,0.0,0.0,0.0,0.0,0.0,0.0,0.0,0.0,0.0,0.0,0.0,0.0,0,0.0,,,5,Council Clinic,Government/Council,False,False,True
665.0,273.0,Mashonaland West,Hurungwe,29.9424991608,-16.50056,0.0,1998.0,Dete,5,0.0,Council Clinic,0.0,0.0,0.0,0.0,0.0,0.0,0.0,0.0,0.0,0.0,0.0,0.0,0.0,0.0,0.0,0.0,0.0,0.0,0.0,0.0,0.0,0.0,0.0,0.0,0.0,0.0,0.0,0,0.0,,,5,Council Clinic,Government/Council,False,False,True
666.0,406.0,Mashonaland West,Hurungwe,29.5377807617,-16.86944,0.0,1998.0,Hesketh,5,0.0,Council Clinic,0.0,0.0,0.0,0.0,0.0,0.0,0.0,0.0,0.0,0.0,0.0,0.0,0.0,0.0,0.0,0.0,0.0,0.0,0.0,0.0,0.0,0.0,0.0,0.0,0.0,0.0,0.0,0,0.0,,,5,Council Clinic,Government/Council,False,False,True
667.0,407.0,Mashonaland West,Hurungwe,29.6738891602,-16.56972,0.0,1998.0,Hewiyai,5,0.0,Council Clinic,0.0,0.0,0.0,0.0,0.0,0.0,0.0,0.0,0.0,0.0,0.0,0.0,0.0,0.0,0.0,0.0,0.0,0.0,0.0,0.0,0.0,0.0,0.0,0.0,0.0,0.0,0.0,0,0.0,,,5,Council Clinic,Government/Council,False,False,True
668.0,483.0,Mashonaland West,Hurungwe,29.4083309174,-17.06583,0.0,1998.0,Kapfunde,5,0.0,Council Clinic,0.0,0.0,0.0,0.0,0.0,0.0,0.0,0.0,0.0,0.0,0.0,0.0,0.0,0.0,0.0,0.0,0.0,0.0,0.0,0.0,0.0,0.0,0.0,0.0,0.0,0.0,0.0,0,0.0,,,5,Council Clinic,Government/Council,False,False,True
669.0,489.0,Mashonaland West,Hurungwe,29.6877803802,-16.81528,0.0,1998.0,Karoi,2,0.0,District Hospital,0.0,0.0,0.0,0.0,0.0,0.0,0.0,0.0,0.0,0.0,0.0,0.0,0.0,0.0,0.0,0.0,0.0,0.0,0.0,0.0,0.0,0.0,0.0,0.0,0.0,0.0,0.0,0,0.0,,,2,District Hospital,Government,False,False,True
670.0,490.0,Mashonaland West,Hurungwe,29.642780304,-16.47806,0.0,1998.0,Karuru,8,0.0,Council (Construction),0.0,0.0,0.0,0.0,0.0,0.0,0.0,0.0,0.0,0.0,0.0,0.0,0.0,0.0,0.0,0.0,0.0,0.0,0.0,0.0,0.0,0.0,0.0,0.0,0.0,0.0,0.0,0,0.0,,,8,Council (Construction),Non-operational/Not yet open,False,True,False
671.0,491.0,Mashonaland West,Hurungwe,29.8772201538,-17.03111,0.0,1998.0,Kasimube,6,0.0,Rural Health Centre,0.0,0.0,0.0,0.0,0.0,0.0,0.0,0.0,0.0,0.0,0.0,0.0,0.0,0.0,0.0,0.0,0.0,0.0,0.0,0.0,0.0,0.0,0.0,0.0,0.0,0.0,0.0,0,0.0,,,6,Rural Health Centre,Government,False,False,True
672.0,498.0,Mashonaland West,Hurungwe,29.835559845,-16.55917,0.0,1998.0,Kazangarare,5,0.0,Gvt Council,0.0,0.0,0.0,0.0,0.0,0.0,0.0,0.0,0.0,0.0,0.0,0.0,0.0,0.0,0.0,0.0,0.0,0.0,0.0,0.0,0.0,0.0,0.0,0.0,0.0,0.0,0.0,0,0.0,,,5,Gvt Council,Government/Council,False,False,True
673.0,536.0,Mashonaland West,Hurungwe,29.4508304596,-16.59806,0.0,1998.0,Lynx,5,0.0,Clinic Private Clinic,0.0,0.0,0.0,0.0,0.0,0.0,0.0,0.0,0.0,0.0,0.0,0.0,0.0,0.0,0.0,0.0,0.0,0.0,0.0,0.0,0.0,0.0,0.0,0.0,0.0,0.0,0.0,0,0.0,,,5,Clinic Private Clinic,Government/Council,False,False,True
674.0,558.0,Mashonaland West,Hurungwe,29.4105606079,-16.855,0.0,1998.0,Magunje,4,0.0,Rural Hospital,0.0,0.0,0.0,0.0,0.0,0.0,0.0,0.0,0.0,0.0,0.0,0.0,0.0,0.0,0.0,0.0,0.0,0.0,0.0,0.0,0.0,0.0,0.0,0.0,0.0,0.0,0.0,0,0.0,,,4,Rural Hospital,Government,False,False,True
675.0,559.0,Mashonaland West,Hurungwe,29.423330307,-16.86528,0.0,1998.0,Magunje Army,7,0.0,Army Clinic,0.0,0.0,0.0,0.0,0.0,0.0,0.0,0.0,0.0,0.0,0.0,0.0,0.0,0.0,0.0,0.0,0.0,0.0,0.0,0.0,0.0,0.0,0.0,0.0,0.0,0.0,0.0,0,0.0,,Millitary Clinic,7,Army Clinic,Private,True,False,False
676.0,587.0,Mashonaland West,Hurungwe,29.3619403839,-15.72139,0.0,1998.0,Mana Pools,7,0.0,National Park-clinic,0.0,0.0,0.0,0.0,0.0,0.0,0.0,0.0,0.0,0.0,0.0,0.0,0.0,0.0,0.0,0.0,0.0,0.0,0.0,0.0,0.0,0.0,0.0,0.0,0.0,0.0,0.0,0,0.0,,,7,National Park-clinic,Private,True,False,False
677.0,608.0,Mashonaland West,Hurungwe,29.1625003815,-16.22889,0.0,1998.0,Marongora,7,0.0,National Park-clinic,0.0,0.0,0.0,0.0,0.0,0.0,0.0,0.0,0.0,0.0,0.0,0.0,0.0,0.0,0.0,0.0,0.0,0.0,0.0,0.0,0.0,0.0,0.0,0.0,0.0,0.0,0.0,0,0.0,,,7,National Park-clinic,Private,True,False,False
678.0,613.0,Mashonaland West,Hurungwe,29.2299995422,-16.73611,0.0,1998.0,Masanga,5,0.0,Gvt Clinic,0.0,0.0,0.0,0.0,0.0,0.0,0.0,0.0,0.0,0.0,0.0,0.0,0.0,0.0,0.0,0.0,0.0,0.0,0.0,0.0,0.0,0.0,0.0,0.0,0.0,0.0,0.0,0,0.0,,,5,Gvt Clinic,Government/Council,False,False,True
679.0,624.0,Mashonaland West,Hurungwe,29.5416698456,-16.44056,0.0,1998.0,Mashongwe,5,0.0,Council Clinic,0.0,0.0,0.0,0.0,0.0,0.0,0.0,0.0,0.0,0.0,0.0,0.0,0.0,0.0,0.0,0.0,0.0,0.0,0.0,0.0,0.0,0.0,0.0,0.0,0.0,0.0,0.0,0,0.0,,,5,Council Clinic,Government/Council,False,False,True
680.0,810.0,Mashonaland West,Hurungwe,29.7761096954,-16.67167,0.0,1998.0,Mwami,5,0.0,clinic,0.0,0.0,0.0,0.0,0.0,0.0,0.0,0.0,0.0,0.0,0.0,0.0,0.0,0.0,0.0,0.0,0.0,0.0,0.0,0.0,0.0,0.0,0.0,0.0,0.0,0.0,0.0,0,0.0,,,5,clinic,Government/Council,False,False,True
681.0,887.0,Mashonaland West,Hurungwe,29.7672195435,-16.40694,0.0,1998.0,Nyama,5,0.0,Council,0.0,0.0,0.0,0.0,0.0,0.0,0.0,0.0,0.0,0.0,0.0,0.0,0.0,0.0,0.0,0.0,0.0,0.0,0.0,0.0,0.0,0.0,0.0,0.0,0.0,0.0,0.0,0,0.0,,,5,Council,Government/Council,False,False,True
682.0,889.0,Mashonaland West,Hurungwe,29.4363899231,-16.40389,0.0,1998.0,Nyamakaze,5,0.0,Gvt Clinic,0.0,0.0,0.0,0.0,0.0,0.0,0.0,0.0,0.0,0.0,0.0,0.0,0.0,0.0,0.0,0.0,0.0,0.0,0.0,0.0,0.0,0.0,0.0,0.0,0.0,0.0,0.0,0,0.0,,,5,Gvt Clinic,Government/Council,False,False,True
683.0,901.0,Mashonaland West,Hurungwe,29.1952800751,-16.885,0.0,1998.0,Nyamhunga,5,0.0,Council Clinic,0.0,0.0,0.0,0.0,0.0,0.0,0.0,0.0,0.0,0.0,0.0,0.0,0.0,0.0,0.0,0.0,0.0,0.0,0.0,0.0,0.0,0.0,0.0,0.0,0.0,0.0,0.0,0,0.0,,,5,Council Clinic,Government/Council,False,False,True
684.0,915.0,Mashonaland West,Hurungwe,29.9266700745,-16.86639,0.0,1998.0,Nyangoma,5,0.0,Council Clinic,0.0,0.0,0.0,0.0,0.0,0.0,0.0,0.0,0.0,0.0,0.0,0.0,0.0,0.0,0.0,0.0,0.0,0.0,0.0,0.0,0.0,0.0,0.0,0.0,0.0,0.0,0.0,0,0.0,,,5,Council Clinic,Government/Council,False,False,True
685.0,1122.0,Mashonaland West,Hurungwe,29.6116695404,-17.29056,0.0,1998.0,Tenewe,5,0.0,Council Clinic,0.0,0.0,0.0,0.0,0.0,0.0,0.0,0.0,0.0,0.0,0.0,0.0,0.0,0.0,0.0,0.0,0.0,0.0,0.0,0.0,0.0,0.0,0.0,0.0,0.0,0.0,0.0,0,0.0,,,5,Council Clinic,Government/Council,False,False,True
686.0,1214.0,Mashonaland West,Hurungwe,29.2102794647,-16.98306,0.0,1998.0,Zvipani,5,0.0,Gvt Clinic,0.0,0.0,0.0,0.0,0.0,0.0,0.0,0.0,0.0,0.0,0.0,0.0,0.0,0.0,0.0,0.0,0.0,0.0,0.0,0.0,0.0,0.0,0.0,0.0,0.0,0.0,0.0,0,0.0,,,5,Gvt Clinic,Government/Council,False,False,True
687.0,1218.0,Mashonaland West,Hurungwe,29.03146,-17.02504,874.0,2007.0,Deve,5,2005.0,Clinic(Not Open),0.0,0.0,0.0,0.0,0.0,0.0,0.0,0.0,0.0,0.0,0.0,22.0,0.0,0.0,1.0,0.0,0.0,0.0,0.0,1.0,1.0,1.0,0.0,1.0,0.0,1.0,1.0,1,0.0,Clinic not yet opened,,5,Clinic(Not Open),Non-operational/Not yet open,False,True,False
688.0,1219.0,Mashonaland West,Hurungwe,29.06433,-17.12012,850.0,2007.0,Chiedza,5,1997.0,Clinic(Not Open),0.0,0.0,0.0,0.0,0.0,0.0,0.0,0.0,0.0,0.0,0.0,0.0,0.0,0.0,0.0,0.0,0.0,0.0,0.0,0.0,0.0,0.0,0.0,0.0,0.0,0.0,0.0,0,0.0,Not yet complete,,5,Clinic(Not Open),Non-operational/Not yet open,False,True,False
689.0,1220.0,Mashonaland West,Hurungwe,29.46661,-16.75765,1229.0,2007.0,Lan lorry,5,0.0,Clinic,0.0,1.0,1.0,1.0,0.0,0.0,0.0,4.0,0.0,4.0,0.0,0.0,0.0,0.0,0.0,1.0,1.0,0.0,0.0,0.0,1.0,1.0,0.0,1.0,0.0,1.0,0.0,0,0.0,"Water problems , No communication ,No accomodation for staff,Toilet too far",,5,Clinic,Government/Council,False,False,True
690.0,1221.0,Mashonaland West,Hurungwe,29.35702,-16.71696,1034.0,2007.0,Doro,5,1999.0,Clinic,0.0,2.0,1.0,1.0,0.0,0.0,0.0,6.0,1.0,5.0,17301.0,27.0,0.0,0.0,1.0,0.0,1.0,0.0,0.0,1.0,1.0,1.0,0.0,1.0,0.0,1.0,0.0,1,0.0,Require mothers shelter and buglar bars,,5,Clinic,Government/Council,False,False,True
691.0,162.0,Matebeleland North,Hwange,25.8258304596,-17.94528,0.0,1998.0,Chinotimba,5,0.0,Clinic,0.0,0.0,0.0,0.0,0.0,0.0,0.0,0.0,0.0,0.0,0.0,0.0,0.0,0.0,0.0,0.0,0.0,0.0,0.0,0.0,0.0,0.0,0.0,0.0,0.0,0.0,0.0,0,0.0,,Clinic,5,Clinic,Government/Council,False,False,True
692.0,198.0,Matebeleland North,Hwange,25.9547195435,-18.01361,0.0,1998.0,Chisuma,6,0.0,Rural Health Centre,0.0,0.0,0.0,0.0,0.0,0.0,0.0,0.0,0.0,0.0,0.0,0.0,0.0,0.0,0.0,0.0,0.0,0.0,0.0,0.0,0.0,0.0,0.0,0.0,0.0,0.0,0.0,0,0.0,,,6,Rural Health Centre,Government,False,False,True
693.0,274.0,Matebeleland North,Hwange,26.8677806854,-18.61583,0.0,1998.0,Dete,5,0.0,Clinic,0.0,0.0,0.0,0.0,0.0,0.0,0.0,0.0,0.0,0.0,0.0,0.0,0.0,0.0,0.0,0.0,0.0,0.0,0.0,0.0,0.0,0.0,0.0,0.0,0.0,0.0,0.0,0,0.0,,,5,Clinic,Government/Council,False,False,True
694.0,278.0,Matebeleland North,Hwange,26.7374992371,-18.38,0.0,1998.0,Dinde,5,0.0,Clinic,0.0,0.0,0.0,0.0,0.0,0.0,0.0,0.0,0.0,0.0,0.0,0.0,0.0,0.0,0.0,0.0,0.0,0.0,0.0,0.0,0.0,0.0,0.0,0.0,0.0,0.0,0.0,0,0.0,,,5,Clinic,Government/Council,False,False,True
695.0,309.0,Matebeleland North,Hwange,26.5008296967,-18.34972,0.0,1998.0,Empumalanga,5,0.0,Clinic,0.0,0.0,0.0,0.0,0.0,0.0,0.0,0.0,0.0,0.0,0.0,0.0,0.0,0.0,0.0,0.0,0.0,0.0,0.0,0.0,0.0,0.0,0.0,0.0,0.0,0.0,0.0,0,0.0,,,5,Clinic,Government/Council,False,False,True
696.0,389.0,Matebeleland North,Hwange,27.1863899231,-18.61111,0.0,1998.0,Gwayi,5,0.0,Clinic,0.0,0.0,0.0,0.0,0.0,0.0,0.0,0.0,0.0,0.0,0.0,0.0,0.0,0.0,0.0,0.0,0.0,0.0,0.0,0.0,0.0,0.0,0.0,0.0,0.0,0.0,0.0,0,0.0,,,5,Clinic,Government/Council,False,False,True
697.0,443.0,Matebeleland North,Hwange,26.2275009155,-18.05222,0.0,1998.0,Jambezi,6,0.0,Rural Health Centre,0.0,0.0,0.0,0.0,0.0,0.0,0.0,0.0,0.0,0.0,0.0,0.0,0.0,0.0,0.0,0.0,0.0,0.0,0.0,0.0,0.0,0.0,0.0,0.0,0.0,0.0,0.0,0,0.0,,,6,Rural Health Centre,Government,False,False,True
698.0,474.0,Matebeleland North,Hwange,27.0597190857,-18.315,0.0,1998.0,Kamative,4,0.0,Hospital,0.0,0.0,0.0,0.0,0.0,0.0,0.0,0.0,0.0,0.0,0.0,0.0,0.0,0.0,0.0,0.0,0.0,0.0,0.0,0.0,0.0,0.0,0.0,0.0,0.0,0.0,0.0,0,0.0,,,4,Hospital,Government,False,False,True
699.0,481.0,Matebeleland North,Hwange,26.3111095428,-18.01694,0.0,1998.0,Kanywambizi,6,0.0,Rural Health Centre,0.0,0.0,0.0,0.0,0.0,0.0,0.0,0.0,0.0,0.0,0.0,0.0,0.0,0.0,0.0,0.0,0.0,0.0,0.0,0.0,0.0,0.0,0.0,0.0,0.0,0.0,0.0,0,0.0,,,6,Rural Health Centre,Government,False,False,True
700.0,527.0,Matebeleland North,Hwange,26.6277809143,-18.36056,0.0,1998.0,Lukosi,4,0.0,Rural Hospital,0.0,0.0,0.0,0.0,0.0,0.0,0.0,0.0,0.0,0.0,0.0,0.0,0.0,0.0,0.0,0.0,0.0,0.0,0.0,0.0,0.0,0.0,0.0,0.0,0.0,0.0,0.0,0,0.0,,,4,Rural Hospital,Government,False,False,True
701.0,528.0,Matebeleland North,Hwange,26.2283306122,-18.04444,0.0,1998.0,Lukunguni,3,0.0,Mission Hospital,0.0,0.0,0.0,0.0,0.0,0.0,0.0,0.0,0.0,0.0,0.0,0.0,0.0,0.0,0.0,0.0,0.0,0.0,0.0,0.0,0.0,0.0,0.0,0.0,0.0,0.0,0.0,0,0.0,,,3,Mission Hospital,Mission/Church,False,False,True
702.0,533.0,Matebeleland North,Hwange,26.9641704559,-18.51278,0.0,1998.0,Lupote,5,0.0,Clinic,0.0,0.0,0.0,0.0,0.0,0.0,0.0,0.0,0.0,0.0,0.0,0.0,0.0,0.0,0.0,0.0,0.0,0.0,0.0,0.0,0.0,0.0,0.0,0.0,0.0,0.0,0.0,0,0.0,,,5,Clinic,Government/Council,False,False,True
703.0,564.0,Matebeleland North,Hwange,26.9522209167,-18.73167,0.0,1998.0,Main Camp.,5,0.0,Clinic,0.0,0.0,0.0,0.0,0.0,0.0,0.0,0.0,0.0,0.0,0.0,0.0,0.0,0.0,0.0,0.0,0.0,0.0,0.0,0.0,0.0,0.0,0.0,0.0,0.0,0.0,0.0,0,0.0,,,5,Clinic,Government/Council,False,False,True
704.0,581.0,Matebeleland North,Hwange,27.2005596161,-18.31722,0.0,1998.0,Makwandara,6,0.0,Rural Health Centre,0.0,0.0,0.0,0.0,0.0,0.0,0.0,0.0,0.0,0.0,0.0,0.0,0.0,0.0,0.0,0.0,0.0,0.0,0.0,0.0,0.0,0.0,0.0,0.0,0.0,0.0,0.0,0,0.0,,,6,Rural Health Centre,Government,False,False,True
705.0,1169.0,Matebeleland North,Hwange,26.5005607605,-18.35722,0.0,1998.0,Wankie,7,0.0,Private Hospital,0.0,0.0,0.0,0.0,0.0,0.0,0.0,0.0,0.0,0.0,0.0,0.0,0.0,0.0,0.0,0.0,0.0,0.0,0.0,0.0,0.0,0.0,0.0,0.0,0.0,0.0,0.0,0,0.0,,,7,Private Hospital,Private,True,False,False
706.0,812.0,Matebeleland North,Hwange,26.5605602264,-18.18333,0.0,1998.0,Mwemba,6,0.0,Rural Health Centre,0.0,0.0,0.0,0.0,0.0,0.0,0.0,0.0,0.0,0.0,0.0,0.0,0.0,0.0,0.0,0.0,0.0,0.0,0.0,0.0,0.0,0.0,0.0,0.0,0.0,0.0,0.0,0,0.0,,,6,Rural Health Centre,Government,False,False,True
707.0,822.0,Matebeleland North,Hwange,25.9838905334,-18.10083,0.0,1998.0,Ndlovu,6,0.0,Rural Health centre,0.0,0.0,0.0,0.0,0.0,0.0,0.0,0.0,0.0,0.0,0.0,0.0,0.0,0.0,0.0,0.0,0.0,0.0,0.0,0.0,0.0,0.0,0.0,0.0,0.0,0.0,0.0,0,0.0,,,6,Rural Health centre,Government,False,False,True
708.0,1010.0,Matebeleland North,Hwange,26.974439621,-18.65611,0.0,1998.0,Safari Lodge,5,0.0,Clinic,0.0,0.0,0.0,0.0,0.0,0.0,0.0,0.0,0.0,0.0,0.0,0.0,0.0,0.0,0.0,0.0,0.0,0.0,0.0,0.0,0.0,0.0,0.0,0.0,0.0,0.0,0.0,0,0.0,,Clinic,5,Clinic,Government/Council,False,False,True
709.0,1071.0,Matebeleland North,Hwange,26.7241706848,-18.11028,0.0,1998.0,Simangani,6,0.0,Rural Health centre,0.0,0.0,0.0,0.0,0.0,0.0,0.0,0.0,0.0,0.0,0.0,0.0,0.0,0.0,0.0,0.0,0.0,0.0,0.0,0.0,0.0,0.0,0.0,0.0,0.0,0.0,0.0,0,0.0,,,6,Rural Health centre,Government,False,False,True
710.0,1158.0,Matebeleland North,Hwange,25.8261108398,-17.94389,0.0,1998.0,Victoria Falls,2,0.0,District Hospital,0.0,0.0,0.0,0.0,0.0,0.0,0.0,0.0,0.0,0.0,0.0,0.0,0.0,0.0,0.0,0.0,0.0,0.0,0.0,0.0,0.0,0.0,0.0,0.0,0.0,0.0,0.0,0,0.0,,,2,District Hospital,Government,False,False,True
711.0,1298.0,Matebeleland North,Hwange,26.85831,-18.62354,0.0,2007.0,Dete,7,0.0,Railways-clinic,0.0,2.0,0.0,0.0,0.0,0.0,0.0,2.0,0.0,2.0,456.0,76.0,0.0,1.0,1.0,0.0,1.0,0.0,0.0,1.0,0.0,0.0,0.0,1.0,1.0,0.0,0.0,0,0.0,,,7,Railways-clinic,Private,True,False,False
712.0,1299.0,Matebeleland North,Hwange,26.57485,-18.34985,721.0,2007.0,Hwange District Hospital,2,2006.0,District Hospital,0.0,0.0,0.0,0.0,0.0,0.0,0.0,0.0,0.0,0.0,0.0,0.0,0.0,0.0,0.0,0.0,0.0,0.0,0.0,0.0,0.0,0.0,0.0,0.0,0.0,0.0,0.0,0,0.0,Not yet complete,,2,District Hospital,Government,False,False,True
713.0,1300.0,Matebeleland North,Hwange,26.49204,-18.35426,723.0,2007.0,No 1 Clinic,7,1950.0,Clinic,0.0,3.0,3.0,0.0,1.0,0.0,0.0,4.0,3.0,1.0,10448.0,1.0,0.0,1.0,1.0,0.0,1.0,0.0,0.0,1.0,0.0,0.0,0.0,0.0,1.0,0.0,1.0,0,0.0,,,7,Clinic,Private,True,False,False
714.0,1301.0,Matebeleland North,Hwange,26.47342,-18.33347,697.0,2007.0,No1 North,7,1950.0,Clinic,0.0,3.0,0.0,0.0,1.0,0.0,0.0,3.0,1.0,2.0,32912.0,2.0,0.0,1.0,1.0,0.0,1.0,0.0,0.0,1.0,0.0,0.0,0.0,1.0,1.0,0.0,1.0,0,0.0,1.Shortage of proffessional staff,,7,Clinic,Private,True,False,False
715.0,1302.0,Matebeleland North,Hwange,26.44014,-18.37726,770.0,2007.0,No 5 Clinic,7,1950.0,Clinic,0.0,3.0,0.0,0.0,0.0,0.0,0.0,1.0,0.0,1.0,2310.0,7.0,1.0,1.0,1.0,0.0,1.0,0.0,0.0,1.0,0.0,0.0,0.0,1.0,1.0,0.0,0.0,0,0.0,"Shares the EHT with no 2 Clinic, No 2 & 5 Clinic",,7,Clinic,Private,True,False,False
716.0,1303.0,Matebeleland North,Hwange,26.43633,-18.36078,754.0,2007.0,No 2 Dressing Station,7,1959.0,Clinic,0.0,6.0,0.0,0.0,1.0,0.0,0.0,1.0,0.0,1.0,0.0,7.0,0.0,1.0,1.0,0.0,1.0,0.0,0.0,1.0,0.0,0.0,0.0,0.0,1.0,0.0,0.0,0,0.0,,,7,Clinic,Private,True,False,False
717.0,1304.0,Matebeleland North,Hwange,26.42891,-18.36407,759.0,2007.0,No 2 Clinic,7,1950.0,Clinic,0.0,6.0,0.0,0.0,0.0,0.0,0.0,4.0,1.0,3.0,2310.0,7.0,0.0,1.0,1.0,0.0,1.0,0.0,0.0,0.0,0.0,0.0,0.0,1.0,1.0,0.0,1.0,0,0.0,Fenced partially,,7,Clinic,Private,True,False,False
718.0,1305.0,Matebeleland North,Hwange,26.46145,-18.38911,771.0,2007.0,Ingagula,7,1980.0,Clinic,0.0,5.0,5.0,0.0,0.0,0.0,0.0,7.0,1.0,6.0,3031.0,0.0,1.0,1.0,1.0,0.0,1.0,0.0,0.0,1.0,0.0,0.0,0.0,1.0,1.0,0.0,1.0,0,0.0,Availability of essential drugs,,7,Clinic,Private,True,False,False
719.0,1306.0,Matebeleland North,Hwange,26.40722,-18.41659,759.0,2007.0,No 3 Clinic,7,1950.0,Clinic,0.0,7.0,0.0,0.0,1.0,0.0,0.0,6.0,1.0,5.0,3695.0,16.0,0.0,1.0,1.0,0.0,1.0,0.0,0.0,1.0,0.0,0.0,0.0,0.0,1.0,0.0,1.0,0,0.0,,,7,Clinic,Private,True,False,False
720.0,1307.0,Matebeleland North,Hwange,26.51302,-18.34558,775.0,2007.0,ZRP Hwange,5,1992.0,Clinic,0.0,2.0,0.0,0.0,0.0,0.0,0.0,0.0,0.0,0.0,500.0,2.0,1.0,1.0,1.0,0.0,1.0,0.0,0.0,0.0,0.0,0.0,0.0,0.0,0.0,0.0,0.0,0,0.0,,,5,Clinic,"Excluded - restricted access (prison/police, not public)",False,False,False
721.0,1275.0,Matebeleland North,Hwange,26.48723,-18.37115,754.0,2007.0,NRZ Surgery,7,1950.0,Railways-clinic,0.0,2.0,0.0,0.0,0.0,0.0,0.0,0.0,0.0,0.0,0.0,5.0,0.0,1.0,1.0,0.0,1.0,0.0,0.0,1.0,0.0,0.0,0.0,1.0,1.0,0.0,0.0,0,0.0,On call operational model,,7,Railways-clinic,Private,True,False,False
722.0,1276.0,Matebeleland North,Hwange,26.49616,-18.37741,768.0,2007.0,Ngumija,7,0.0,Railways-clinic,0.0,2.0,0.0,0.0,1.0,0.0,0.0,3.0,1.0,2.0,3200.0,4.0,0.0,1.0,1.0,0.0,1.0,0.0,0.0,1.0,0.0,0.0,0.0,1.0,1.0,0.0,0.0,0,0.0,Need extra drug supplies-since catering for non NRZ staff,,7,Railways-clinic,Private,True,False,False
723.0,1277.0,Matebeleland North,Hwange,26.49264,-18.36288,768.0,2007.0,No 1 Dressing Station,7,0.0,Mine Clinic,0.0,6.0,0.0,0.0,0.0,0.0,0.0,1.0,0.0,1.0,0.0,2.0,0.0,1.0,1.0,0.0,1.0,0.0,0.0,1.0,0.0,0.0,0.0,0.0,1.0,0.0,0.0,0,0.0,Shortage of essential drugs,,7,Mine Clinic,Private,True,False,False
724.0,1278.0,Matebeleland North,Hwange,26.53142,-18.34919,763.0,2007.0,Zimbabwe Prison Services,5,1939.0,Clinic,0.0,2.0,0.0,0.0,0.0,1.0,0.0,0.0,0.0,0.0,350.0,6.0,0.0,1.0,1.0,0.0,1.0,0.0,0.0,1.0,0.0,0.0,0.0,1.0,1.0,0.0,0.0,0,0.0,Room not suitable for clinic,,5,Clinic,Government/Council,False,False,True
725.0,1279.0,Matebeleland North,Hwange,25.98653,-18.62904,0.0,2007.0,Robbins Camp,7,1986.0,Clinic,0.0,0.0,1.0,0.0,0.0,0.0,0.0,2.0,0.0,2.0,200.0,104.0,0.0,1.0,1.0,0.0,1.0,0.0,0.0,1.0,0.0,0.0,1.0,0.0,0.0,1.0,0.0,0,0.0,No qualified nurse,,7,Clinic,Private,True,False,False
726.0,1280.0,Matebeleland North,Hwange,25.82613,-17.91214,918.0,2007.0,Elephant Hills,7,1991.0,Hotel Clinic,0.0,1.0,0.0,0.0,0.0,0.0,0.0,0.0,0.0,0.0,317.0,7.0,0.0,1.0,1.0,0.0,1.0,0.0,0.0,1.0,0.0,0.0,0.0,1.0,1.0,0.0,0.0,0,0.0,,,7,Hotel Clinic,Private,True,False,False
727.0,1281.0,Matebeleland North,Hwange,25.84274,-17.93138,896.0,2007.0,Victoria Falls Clinic,7,1989.0,Industrial Clinic,0.0,1.0,0.0,0.0,0.0,0.0,0.0,0.0,0.0,0.0,2500.0,2.0,0.0,1.0,1.0,0.0,1.0,0.0,0.0,1.0,0.0,0.0,1.0,1.0,1.0,0.0,0.0,0,0.0,,,7,Industrial Clinic,Private,True,False,False
728.0,1282.0,Matebeleland North,Hwange,25.8373,-17.92907,930.0,2007.0,ZRP Victoria Falls,5,2003.0,ZRP Clinic,0.0,0.0,1.0,0.0,0.0,0.0,0.0,0.0,0.0,0.0,160.0,3.0,1.0,1.0,1.0,0.0,1.0,0.0,0.0,1.0,0.0,0.0,0.0,1.0,1.0,0.0,0.0,0,0.0,Staffing problems -one nurse covers Victoria Falls and Hwange,,5,ZRP Clinic,"Excluded - restricted access (prison/police, not public)",False,False,False
729.0,1283.0,Matebeleland North,Hwange,27.82312,-17.5687,595.0,2007.0,Meheni,8,2006.0,Conucil Not Open,0.0,0.0,0.0,0.0,0.0,0.0,0.0,0.0,0.0,0.0,0.0,0.0,0.0,0.0,0.0,0.0,0.0,0.0,0.0,0.0,0.0,0.0,0.0,0.0,0.0,0.0,0.0,0,0.0,Clinic Complete water stll to be connected,,8,Conucil Not Open,Non-operational/Not yet open,False,True,False
730.0,1284.0,Matebeleland North,Hwange,26.21412,-18.13872,873.0,2007.0,Milonga,8,2006.0,Clinic(Not Open),0.0,0.0,0.0,0.0,0.0,0.0,0.0,0.0,0.0,0.0,0.0,0.0,0.0,0.0,0.0,0.0,0.0,0.0,0.0,0.0,0.0,0.0,0.0,0.0,0.0,0.0,0.0,0,0.0,Complte -Water not connected,,8,Clinic(Not Open),Non-operational/Not yet open,False,True,False
731.0,0.0,Matebeleland North,Hwange,27.0702,-18.5721,0.0,2013.0,Mabale,0,1994.0,Rural Health Centre,0.0,0.0,0.0,0.0,0.0,0.0,0.0,0.0,0.0,0.0,0.0,0.0,0.0,0.0,0.0,0.0,0.0,0.0,0.0,0.0,0.0,0.0,0.0,0.0,0.0,0.0,0.0,0,0.0,,,0,Rural Health Centre,Unspecified,False,False,True
732.0,0.0,Matebeleland North,Hwange,26.5141,-18.3306,0.0,2013.0,Zesa Chibondo,0,0.0,Clinic,0.0,0.0,0.0,0.0,0.0,0.0,0.0,0.0,0.0,0.0,0.0,0.0,0.0,0.0,0.0,0.0,0.0,0.0,0.0,0.0,0.0,0.0,0.0,0.0,0.0,0.0,0.0,0,0.0,,,0,Clinic,Unspecified,False,False,True
733.0,0.0,Matebeleland North,Hwange,26.5122,-18.3289,0.0,2013.0,St Patricks,0,1999.0,Mission Hospital,0.0,0.0,0.0,0.0,0.0,0.0,0.0,0.0,0.0,0.0,0.0,0.0,0.0,0.0,0.0,0.0,0.0,0.0,0.0,0.0,0.0,0.0,0.0,0.0,0.0,0.0,0.0,0,0.0,,,0,Mission Hospital,Unspecified,False,False,True
734.0,0.0,Matebeleland North,Hwange,26.5022,-18.3582,0.0,2013.0,Hwange Colliery Hospital,0,0.0,Mine Hospital,0.0,0.0,0.0,0.0,0.0,0.0,0.0,0.0,0.0,0.0,0.0,0.0,0.0,0.0,0.0,0.0,0.0,0.0,0.0,0.0,0.0,0.0,0.0,0.0,0.0,0.0,0.0,0,0.0,,,0,Mine Hospital,Private (mine/company),True,False,False
735.0,0.0,Matebeleland North,Hwange,26.4963,-18.3774,0.0,2013.0,Nguminja,0,0.0,Mine clinic,0.0,0.0,0.0,0.0,0.0,0.0,0.0,0.0,0.0,0.0,0.0,0.0,0.0,0.0,0.0,0.0,0.0,0.0,0.0,0.0,0.0,0.0,0.0,0.0,0.0,0.0,0.0,0,0.0,,,0,Mine clinic,Private (mine/company),True,False,False
736.0,0.0,Matebeleland North,Hwange,26.4874,-18.3713,0.0,2013.0,surgery,0,0.0,Mine Clinic,0.0,0.0,0.0,0.0,0.0,0.0,0.0,0.0,0.0,0.0,0.0,0.0,0.0,0.0,0.0,0.0,0.0,0.0,0.0,0.0,0.0,0.0,0.0,0.0,0.0,0.0,0.0,0,0.0,,,0,Mine Clinic,Private (mine/company),True,False,False
737.0,0.0,Matebeleland North,Hwange,26.4927,-18.3629,0.0,2013.0,Dressing station,0,0.0,Mine Clinic,0.0,0.0,0.0,0.0,0.0,0.0,0.0,0.0,0.0,0.0,0.0,0.0,0.0,0.0,0.0,0.0,0.0,0.0,0.0,0.0,0.0,0.0,0.0,0.0,0.0,0.0,0.0,0,0.0,,,0,Mine Clinic,Private (mine/company),True,False,False
738.0,118.0,Mashonaland East,Hwedza,31.7197208405,-18.85983,0.0,1998.0,Chigondo,5,0.0,Clinic,0.0,0.0,0.0,0.0,0.0,0.0,0.0,0.0,0.0,0.0,0.0,0.0,0.0,0.0,0.0,0.0,0.0,0.0,0.0,0.0,0.0,0.0,0.0,0.0,0.0,0.0,0.0,0,0.0,,Clinic,5,Clinic,Government/Council,False,False,True
739.0,133.0,Mashonaland East,Hwedza,31.9174995422,-19.04894,0.0,1998.0,Chikurumadziva,6,0.0,Rural Health Centre,0.0,0.0,0.0,0.0,0.0,0.0,0.0,0.0,0.0,0.0,0.0,0.0,0.0,0.0,0.0,0.0,0.0,0.0,0.0,0.0,0.0,0.0,0.0,0.0,0.0,0.0,0.0,0,0.0,,,6,Rural Health Centre,Government,False,False,True
740.0,333.0,Mashonaland East,Hwedza,31.5346393585,-18.7085,0.0,1998.0,Garaba,6,0.0,Rural Health Centre,0.0,0.0,0.0,0.0,0.0,0.0,0.0,0.0,0.0,0.0,0.0,0.0,0.0,0.0,0.0,0.0,0.0,0.0,0.0,0.0,0.0,0.0,0.0,0.0,0.0,0.0,0.0,0,0.0,,,6,Rural Health Centre,Government,False,False,True
741.0,351.0,Mashonaland East,Hwedza,31.9012794495,-18.89328,0.0,1998.0,Goneso,6,0.0,Rural Health Centre,0.0,0.0,0.0,0.0,0.0,0.0,0.0,0.0,0.0,0.0,0.0,0.0,0.0,0.0,0.0,0.0,0.0,0.0,0.0,0.0,0.0,0.0,0.0,0.0,0.0,0.0,0.0,0,0.0,,,6,Rural Health Centre,Government,False,False,True
742.0,358.0,Mashonaland East,Hwedza,31.8067207336,-18.72842,0.0,1998.0,Goto,5,0.0,Clinic,0.0,0.0,0.0,0.0,0.0,0.0,0.0,0.0,0.0,0.0,0.0,0.0,0.0,0.0,0.0,0.0,0.0,0.0,0.0,0.0,0.0,0.0,0.0,0.0,0.0,0.0,0.0,0,0.0,,,5,Clinic,Government/Council,False,False,True
743.0,571.0,Mashonaland East,Hwedza,31.834810257,-19.02697,0.0,1998.0,Makarara,5,0.0,Clinic,0.0,0.0,0.0,0.0,0.0,0.0,0.0,0.0,0.0,0.0,0.0,0.0,0.0,0.0,0.0,0.0,0.0,0.0,0.0,0.0,0.0,0.0,0.0,0.0,0.0,0.0,0.0,0,0.0,,,5,Clinic,Government/Council,False,False,True
744.0,1173.0,Mashonaland East,Hwedza,31.5672206879,-18.62839,0.0,1998.0,Wedza,4,0.0,Rural Hospital,0.0,0.0,0.0,0.0,0.0,0.0,0.0,0.0,0.0,0.0,0.0,0.0,0.0,0.0,0.0,0.0,0.0,0.0,0.0,0.0,0.0,0.0,0.0,0.0,0.0,0.0,0.0,0,0.0,,,4,Rural Hospital,Government,False,False,True
745.0,711.0,Mashonaland East,Hwedza,31.6835803986,-18.70842,0.0,1998.0,Mt St Mary's,4,0.0,Mission Hospital,0.0,0.0,0.0,0.0,0.0,0.0,0.0,0.0,0.0,0.0,0.0,0.0,0.0,0.0,0.0,0.0,0.0,0.0,0.0,0.0,0.0,0.0,0.0,0.0,0.0,0.0,0.0,0,0.0,,,4,Mission Hospital,Government,False,False,True
746.0,730.0,Mashonaland East,Hwedza,31.8213291168,-18.87653,0.0,1998.0,Mukamba,5,0.0,Clinic,0.0,0.0,0.0,0.0,0.0,0.0,0.0,0.0,0.0,0.0,0.0,0.0,0.0,0.0,0.0,0.0,0.0,0.0,0.0,0.0,0.0,0.0,0.0,0.0,0.0,0.0,0.0,0,0.0,,,5,Clinic,Government/Council,False,False,True
747.0,1031.0,Mashonaland East,Hwedza,31.4871101379,-18.74408,0.0,1998.0,Sengezi,5,0.0,Clinic,0.0,0.0,0.0,0.0,0.0,0.0,0.0,0.0,0.0,0.0,0.0,0.0,0.0,0.0,0.0,0.0,0.0,0.0,0.0,0.0,0.0,0.0,0.0,0.0,0.0,0.0,0.0,0,0.0,,,5,Clinic,Government/Council,False,False,True
748.0,1212.0,Mashonaland East,Hwedza,31.7229404449,-18.96144,0.0,1998.0,Zvidhuri,5,0.0,Clinic,0.0,0.0,0.0,0.0,0.0,0.0,0.0,0.0,0.0,0.0,0.0,0.0,0.0,0.0,0.0,0.0,0.0,0.0,0.0,0.0,0.0,0.0,0.0,0.0,0.0,0.0,0.0,0,0.0,,,5,Clinic,Government/Council,False,False,True
749.0,1476.0,Mashonaland East,Hwedza,31.45557,-18.65151,0.0,2013.0,Gotora,6,2001.0,Rural Health Centre,0.0,2.0,1.0,2.0,0.0,0.0,0.0,6.0,0.0,3.0,2537.0,56.0,0.0,0.0,1.0,1.0,0.0,0.0,1.0,1.0,1.0,0.0,0.0,0.0,0.0,1.0,0.0,1,0.0,,,6,Rural Health Centre,Government,False,False,True
750.0,1477.0,Mashonaland East,Hwedza,31.52172,-18.50209,0.0,2013.0,Idube,5,2004.0,Clinic,0.0,0.0,1.0,4.0,1.0,0.0,0.0,2.0,2.0,2.0,3453.0,20.0,0.0,0.0,0.0,1.0,0.0,0.0,0.0,0.0,1.0,0.0,0.0,1.0,1.0,1.0,0.0,0,0.0,Farm house,Clinic,5,Clinic,Government/Council,False,False,True
751.0,0.0,Mashonaland East,Hwedza,31.7505,-18.7824,0.0,2013.0,Sango ,,2001.0,Clinic,0.0,0.0,1.0,2.0,1.0,0.0,0.0,3.0,3.0,0.0,2915.0,14.0,0.0,0.0,0.0,0.0,0.0,0.0,0.0,0.0,1.0,0.0,0.0,1.0,0.0,1.0,0.0,1,0.0,,,,Clinic,Unspecified,False,False,True
752.0,16.0,Matebeleland South,Insiza,29.5055599213,-20.83492,0.0,1998.0,Avoca,4,0.0,Rural Hospital,0.0,0.0,0.0,0.0,0.0,0.0,0.0,0.0,0.0,0.0,0.0,0.0,0.0,0.0,0.0,0.0,0.0,0.0,0.0,0.0,0.0,0.0,0.0,0.0,0.0,0.0,0.0,0,0.0,,,4,Rural Hospital,Government,False,False,True
753.0,311.0,Matebeleland South,Insiza,29.2704696655,-20.43822,0.0,1998.0,Epoch,7,0.0,Mine Clinic,0.0,0.0,0.0,0.0,0.0,0.0,0.0,0.0,0.0,0.0,0.0,0.0,0.0,0.0,0.0,0.0,0.0,0.0,0.0,0.0,0.0,0.0,0.0,0.0,0.0,0.0,0.0,0,0.0,,,7,Mine Clinic,Private,True,False,False
754.0,321.0,Matebeleland South,Insiza,29.2866706848,-20.54033,0.0,1998.0,Filabusi,2,0.0,District Hospital,0.0,0.0,0.0,0.0,0.0,0.0,0.0,0.0,0.0,0.0,0.0,0.0,0.0,0.0,0.0,0.0,0.0,0.0,0.0,0.0,0.0,0.0,0.0,0.0,0.0,0.0,0.0,0,0.0,,,2,District Hospital,Government,False,False,True
755.0,388.0,Matebeleland South,Insiza,29.6905002594,-20.40542,0.0,1998.0,Gwatemba,6,0.0,Rural Health Centre,0.0,0.0,0.0,0.0,0.0,0.0,0.0,0.0,0.0,0.0,0.0,0.0,0.0,0.0,0.0,0.0,0.0,0.0,0.0,0.0,0.0,0.0,0.0,0.0,0.0,0.0,0.0,0,0.0,,,6,Rural Health Centre,Government,False,False,True
756.0,540.0,Matebeleland South,Insiza,29.4529209137,-20.93906,0.0,1998.0,Mabuze,6,0.0,Rural Health Centre,0.0,0.0,0.0,0.0,0.0,0.0,0.0,0.0,0.0,0.0,0.0,0.0,0.0,0.0,0.0,0.0,0.0,0.0,0.0,0.0,0.0,0.0,0.0,0.0,0.0,0.0,0.0,0,0.0,,,6,Rural Health Centre,Government,False,False,True
757.0,1167.0,Matebeleland South,Insiza,29.5855293274,-20.57447,0.0,1998.0,Wanezi,4,0.0,Rural Hospital,0.0,0.0,0.0,0.0,0.0,0.0,0.0,0.0,0.0,0.0,0.0,0.0,0.0,0.0,0.0,0.0,0.0,0.0,0.0,0.0,0.0,0.0,0.0,0.0,0.0,0.0,0.0,0,0.0,,,4,Rural Hospital,Government,False,False,True
758.0,1187.0,Matebeleland South,Insiza,29.2900600433,-20.64019,0.0,1998.0,Zhulube,5,0.0,Clinic,0.0,0.0,0.0,0.0,0.0,0.0,0.0,0.0,0.0,0.0,0.0,0.0,0.0,0.0,0.0,0.0,0.0,0.0,0.0,0.0,0.0,0.0,0.0,0.0,0.0,0.0,0.0,0,0.0,,,5,Clinic,Government/Council,False,False,True
759.0,855.0,Matebeleland South,Insiza,29.4237804413,-20.48781,0.0,1998.0,Nkankezi,6,0.0,Rural Health Centre,0.0,0.0,0.0,0.0,0.0,0.0,0.0,0.0,0.0,0.0,0.0,0.0,0.0,0.0,0.0,0.0,0.0,0.0,0.0,0.0,0.0,0.0,0.0,0.0,0.0,0.0,0.0,0,0.0,,,6,Rural Health Centre,Government,False,False,True
760.0,904.0,Matebeleland South,Insiza,29.3043899536,-20.90644,0.0,1998.0,Nyamime,6,0.0,Rural Health Centre,0.0,0.0,0.0,0.0,0.0,0.0,0.0,0.0,0.0,0.0,0.0,0.0,0.0,0.0,0.0,0.0,0.0,0.0,0.0,0.0,0.0,0.0,0.0,0.0,0.0,0.0,0.0,0,0.0,,,6,Rural Health Centre,Government,False,False,True
761.0,951.0,Matebeleland South,Insiza,29.1858100891,-20.13897,0.0,1998.0,PBS,5,0.0,Clinic,0.0,0.0,0.0,0.0,0.0,0.0,0.0,0.0,0.0,0.0,0.0,0.0,0.0,0.0,0.0,0.0,0.0,0.0,0.0,0.0,0.0,0.0,0.0,0.0,0.0,0.0,0.0,0,0.0,,Clinic,5,Clinic,Government/Council,False,False,True
762.0,1021.0,Matebeleland South,Insiza,29.5551700592,-20.68947,0.0,1998.0,Sanale,6,0.0,Rural Health Centre,0.0,0.0,0.0,0.0,0.0,0.0,0.0,0.0,0.0,0.0,0.0,0.0,0.0,0.0,0.0,0.0,0.0,0.0,0.0,0.0,0.0,0.0,0.0,0.0,0.0,0.0,0.0,0,0.0,,,6,Rural Health Centre,Government,False,False,True
763.0,1043.0,Matebeleland South,Insiza,29.2248897552,-19.68997,0.0,1998.0,Shangani,7,0.0,Mine Clinic,0.0,0.0,0.0,0.0,0.0,0.0,0.0,0.0,0.0,0.0,0.0,0.0,0.0,0.0,0.0,0.0,0.0,0.0,0.0,0.0,0.0,0.0,0.0,0.0,0.0,0.0,0.0,0,0.0,,,7,Mine Clinic,Private,True,False,False
764.0,1044.0,Matebeleland South,Insiza,29.3737506866,-19.78414,0.0,1998.0,Shangani,4,0.0,Rural Hospital,0.0,0.0,0.0,0.0,0.0,0.0,0.0,0.0,0.0,0.0,0.0,0.0,0.0,0.0,0.0,0.0,0.0,0.0,0.0,0.0,0.0,0.0,0.0,0.0,0.0,0.0,0.0,0,0.0,,,4,Rural Hospital,Government,False,False,True
765.0,1074.0,Matebeleland South,Insiza,29.317609787,-20.78678,0.0,1998.0,Singwango,5,0.0,Clinic,0.0,0.0,0.0,0.0,0.0,0.0,0.0,0.0,0.0,0.0,0.0,0.0,0.0,0.0,0.0,0.0,0.0,0.0,0.0,0.0,0.0,0.0,0.0,0.0,0.0,0.0,0.0,0,0.0,,,5,Clinic,Government/Council,False,False,True
766.0,1247.0,Matebeleland South,Insiza,29.04724,-19.85475,1354.0,2007.0,Kombo,5,2005.0,Clinic,0.0,0.0,1.0,2.0,0.0,0.0,0.0,5.0,0.0,5.0,7027.0,50.0,0.0,0.0,0.0,1.0,1.0,0.0,0.0,1.0,1.0,0.0,0.0,1.0,1.0,0.0,1.0,1,0.0,,,5,Clinic,Government/Council,False,False,True
767.0,1250.0,Matebeleland South,Insiza,29.4942,-20.33999,1216.0,2007.0,Montrose 7,8,0.0,Under Construction,0.0,0.0,0.0,0.0,0.0,0.0,0.0,0.0,0.0,0.0,0.0,0.0,0.0,0.0,0.0,0.0,0.0,0.0,0.0,0.0,0.0,0.0,0.0,0.0,0.0,0.0,0.0,0,0.0,proposed clinic renovations taking place,,8,Under Construction,Non-operational/Not yet open,False,True,False
768.0,1251.0,Matebeleland South,Insiza,29.70742,-20.10003,1219.0,2007.0,Lambamai,8,0.0,Under Construction,0.0,0.0,0.0,0.0,0.0,0.0,0.0,0.0,0.0,0.0,0.0,150.0,0.0,0.0,0.0,0.0,0.0,0.0,0.0,0.0,0.0,0.0,0.0,0.0,0.0,0.0,0.0,0,0.0,Proposed clinic: farm house,,8,Under Construction,Non-operational/Not yet open,False,True,False
769.0,1252.0,Matebeleland South,Insiza,29.78944,-20.04728,1180.0,2007.0,Mplalawami,8,0.0,(New Site),0.0,0.0,0.0,0.0,0.0,0.0,0.0,0.0,0.0,0.0,0.0,0.0,0.0,0.0,0.0,0.0,0.0,0.0,0.0,0.0,0.0,0.0,0.0,0.0,0.0,0.0,0.0,0,0.0,To be renovated: was farm house,New,8,(New Site),Non-operational/Not yet open,False,True,False
770.0,1253.0,Matebeleland South,Insiza,29.54654,-20.93315,970.0,2007.0,Singwambizi,5,2003.0,Clinic,0.0,1.0,1.0,1.0,0.0,0.0,0.0,7.0,1.0,6.0,8641.0,60.0,0.0,0.0,0.0,1.0,0.0,1.0,10.0,0.0,1.0,1.0,0.0,1.0,0.0,1.0,0.0,1,0.0,Has solar but not functional because of stolen panel,,5,Clinic,Government/Council,False,False,True
771.0,1254.0,Matebeleland South,Insiza,29.38517,-20.84809,936.0,2007.0,Saphila,8,2006.0,Council Clinic(Construction),0.0,0.0,0.0,0.0,0.0,0.0,0.0,0.0,0.0,0.0,0.0,0.0,0.0,0.0,0.0,0.0,0.0,0.0,0.0,0.0,0.0,0.0,0.0,0.0,0.0,0.0,0.0,0,0.0,"Still under construction ,nearly complete",,8,Council Clinic(Construction),Non-operational/Not yet open,False,True,False
772.0,7.0,Mashonaland West,Kadoma,29.8816699982,-18.35528,0.0,1998.0,Annex,5,0.0,Gvt Infections,0.0,0.0,0.0,0.0,0.0,0.0,0.0,0.0,0.0,0.0,0.0,0.0,0.0,0.0,0.0,0.0,0.0,0.0,0.0,0.0,0.0,0.0,0.0,0.0,0.0,0.0,0.0,0,0.0,,,5,Gvt Infections,Government/Council,False,False,True
773.0,26.0,Mashonaland West,Kadoma,29.9058303833,-18.62444,0.0,1998.0,Battlefields,7,0.0,Army Hospital,0.0,0.0,0.0,0.0,0.0,0.0,0.0,0.0,0.0,0.0,0.0,0.0,0.0,0.0,0.0,0.0,0.0,0.0,0.0,0.0,0.0,0.0,0.0,0.0,0.0,0.0,0.0,0,0.0,,Millitary H,7,Army Hospital,Private,True,False,False
774.0,59.0,Mashonaland West,Kadoma,30.4166698456,-18.59389,0.0,1998.0,Bumbe,6,0.0,Rural Health Centre,0.0,0.0,0.0,0.0,0.0,0.0,0.0,0.0,0.0,0.0,0.0,0.0,0.0,0.0,0.0,0.0,0.0,0.0,0.0,0.0,0.0,0.0,0.0,0.0,0.0,0.0,0.0,0,0.0,,,6,Rural Health Centre,Government,False,False,True
775.0,62.0,Mashonaland West,Kadoma,30.4905605316,-18.69722,0.0,1998.0,Bururu,5,0.0,Council Clinic,0.0,0.0,0.0,0.0,0.0,0.0,0.0,0.0,0.0,0.0,0.0,0.0,0.0,0.0,0.0,0.0,0.0,0.0,0.0,0.0,0.0,0.0,0.0,0.0,0.0,0.0,0.0,0,0.0,,,5,Council Clinic,Government/Council,False,False,True
776.0,76.0,Mashonaland West,Kadoma,29.8452796936,-18.07833,0.0,1998.0,Chakari,7,0.0,Private Mine Clinic,0.0,0.0,0.0,0.0,0.0,0.0,0.0,0.0,0.0,0.0,0.0,0.0,0.0,0.0,0.0,0.0,0.0,0.0,0.0,0.0,0.0,0.0,0.0,0.0,0.0,0.0,0.0,0,0.0,,,7,Private Mine Clinic,Private,True,False,False
777.0,102.0,Mashonaland West,Kadoma,29.7549991608,-17.92028,0.0,1998.0,Chegutu 6,8,0.0,(New Site),0.0,0.0,0.0,0.0,0.0,0.0,0.0,0.0,0.0,0.0,0.0,0.0,0.0,0.0,0.0,0.0,0.0,0.0,0.0,0.0,0.0,0.0,0.0,0.0,0.0,0.0,0.0,0,0.0,,New,8,(New Site),Non-operational/Not yet open,False,True,False
778.0,107.0,Mashonaland West,Kadoma,29.4094390869,-17.86083,0.0,1998.0,Chenjiri,5,0.0,Council Clinic,0.0,0.0,0.0,0.0,0.0,0.0,0.0,0.0,0.0,0.0,0.0,0.0,0.0,0.0,0.0,0.0,0.0,0.0,0.0,0.0,0.0,0.0,0.0,0.0,0.0,0.0,0.0,0,0.0,,,5,Council Clinic,Government/Council,False,False,True
779.0,185.0,Mashonaland West,Kadoma,29.4205608368,-17.97611,0.0,1998.0,Chirikiti,5,0.0,Council Clinic,0.0,0.0,0.0,0.0,0.0,0.0,0.0,0.0,0.0,0.0,0.0,0.0,0.0,0.0,0.0,0.0,0.0,0.0,0.0,0.0,0.0,0.0,0.0,0.0,0.0,0.0,0.0,0,0.0,,,5,Council Clinic,Government/Council,False,False,True
780.0,289.0,Mashonaland West,Kadoma,29.6288890839,-18.50778,0.0,1998.0,Donain,6,0.0,Rural Health Centre,0.0,0.0,0.0,0.0,0.0,0.0,0.0,0.0,0.0,0.0,0.0,0.0,0.0,0.0,0.0,0.0,0.0,0.0,0.0,0.0,0.0,0.0,0.0,0.0,0.0,0.0,0.0,0,0.0,,,6,Rural Health Centre,Government,False,False,True
781.0,290.0,Mashonaland West,Kadoma,30.5969390869,-18.68278,0.0,1998.0,Dondoshava,5,0.0,Gvt Clinic,0.0,0.0,0.0,0.0,0.0,0.0,0.0,0.0,0.0,0.0,0.0,0.0,0.0,0.0,0.0,0.0,0.0,0.0,0.0,0.0,0.0,0.0,0.0,0.0,0.0,0.0,0.0,0,0.0,,,5,Gvt Clinic,Government/Council,False,False,True
782.0,306.0,Mashonaland West,Kadoma,29.9811096191,-18.31694,0.0,1998.0,Eiffel Flat,7,0.0,Mine Clinic,0.0,0.0,0.0,0.0,0.0,0.0,0.0,0.0,0.0,0.0,0.0,0.0,0.0,0.0,0.0,0.0,0.0,0.0,0.0,0.0,0.0,0.0,0.0,0.0,0.0,0.0,0.0,0,0.0,,,7,Mine Clinic,Private,True,False,False
783.0,340.0,Mashonaland West,Kadoma,29.3247203827,-17.87056,0.0,1998.0,Gena 1,6,0.0,Rural Health Centre,0.0,0.0,0.0,0.0,0.0,0.0,0.0,0.0,0.0,0.0,0.0,0.0,0.0,0.0,0.0,0.0,0.0,0.0,0.0,0.0,0.0,0.0,0.0,0.0,0.0,0.0,0.0,0,0.0,,,6,Rural Health Centre,Government,False,False,True
784.0,347.0,Mashonaland West,Kadoma,29.7930603027,-18.22306,0.0,1998.0,Golden Valley,7,0.0,Private Mine Clinic,0.0,0.0,0.0,0.0,0.0,0.0,0.0,0.0,0.0,0.0,0.0,0.0,0.0,0.0,0.0,0.0,0.0,0.0,0.0,0.0,0.0,0.0,0.0,0.0,0.0,0.0,0.0,0,0.0,,,7,Private Mine Clinic,Private,True,False,False
785.0,431.0,Mashonaland West,Kadoma,29.8597202301,-18.37889,0.0,1998.0,Ingezi,5,0.0,Municipality,0.0,0.0,0.0,0.0,0.0,0.0,0.0,0.0,0.0,0.0,0.0,0.0,0.0,0.0,0.0,0.0,0.0,0.0,0.0,0.0,0.0,0.0,0.0,0.0,0.0,0.0,0.0,0,0.0,,,5,Municipality,Government/Council,False,False,True
786.0,459.0,Mashonaland West,Kadoma,29.4486103058,-18.06917,0.0,1998.0,Jompani,6,0.0,Rural Health Centre,0.0,0.0,0.0,0.0,0.0,0.0,0.0,0.0,0.0,0.0,0.0,0.0,0.0,0.0,0.0,0.0,0.0,0.0,0.0,0.0,0.0,0.0,0.0,0.0,0.0,0.0,0.0,0,0.0,,,6,Rural Health Centre,Government,False,False,True
787.0,466.0,Mashonaland West,Kadoma,29.8983306885,-18.34583,0.0,1998.0,Kadoma Clinic,5,0.0,Municipality,0.0,0.0,0.0,0.0,0.0,0.0,0.0,0.0,0.0,0.0,0.0,0.0,0.0,0.0,0.0,0.0,0.0,0.0,0.0,0.0,0.0,0.0,0.0,0.0,0.0,0.0,0.0,0,0.0,,,5,Municipality,Government/Council,False,False,True
788.0,467.0,Mashonaland West,Kadoma,29.9116706848,-18.33083,0.0,1998.0,Kadora,2,0.0,District Hosp,0.0,0.0,0.0,0.0,0.0,0.0,0.0,0.0,0.0,0.0,0.0,0.0,0.0,0.0,0.0,0.0,0.0,0.0,0.0,0.0,0.0,0.0,0.0,0.0,0.0,0.0,0.0,0,0.0,,,2,District Hosp,Government,False,False,True
789.0,556.0,Mashonaland West,Kadoma,30.514169693,-18.74611,0.0,1998.0,Mafindifindi,5,0.0,Council Clinic,0.0,0.0,0.0,0.0,0.0,0.0,0.0,0.0,0.0,0.0,0.0,0.0,0.0,0.0,0.0,0.0,0.0,0.0,0.0,0.0,0.0,0.0,0.0,0.0,0.0,0.0,0.0,0,0.0,,,5,Council Clinic,Government/Council,False,False,True
790.0,593.0,Mashonaland West,Kadoma,30.523059845,-18.60722,0.0,1998.0,Manyewe,5,0.0,Council Clinic,0.0,0.0,0.0,0.0,0.0,0.0,0.0,0.0,0.0,0.0,0.0,0.0,0.0,0.0,0.0,0.0,0.0,0.0,0.0,0.0,0.0,0.0,0.0,0.0,0.0,0.0,0.0,0,0.0,,,5,Council Clinic,Government/Council,False,False,True
791.0,595.0,Mashonaland West,Kadoma,30.4683303833,-18.8175,0.0,1998.0,Manyoni,5,0.0,Council Clinic,0.0,0.0,0.0,0.0,0.0,0.0,0.0,0.0,0.0,0.0,0.0,0.0,0.0,0.0,0.0,0.0,0.0,0.0,0.0,0.0,0.0,0.0,0.0,0.0,0.0,0.0,0.0,0,0.0,,,5,Council Clinic,Government/Council,False,False,True
792.0,731.0,Mashonaland West,Kadoma,30.4891700745,-18.55667,0.0,1998.0,Mukarati,5,0.0,Council Clinic,0.0,0.0,0.0,0.0,0.0,0.0,0.0,0.0,0.0,0.0,0.0,0.0,0.0,0.0,0.0,0.0,0.0,0.0,0.0,0.0,0.0,0.0,0.0,0.0,0.0,0.0,0.0,0,0.0,,,5,Council Clinic,Government/Council,False,False,True
793.0,757.0,Mashonaland West,Kadoma,30.7216701508,-18.58333,0.0,1998.0,Murambwa,5,0.0,Council clinic,0.0,0.0,0.0,0.0,0.0,0.0,0.0,0.0,0.0,0.0,0.0,0.0,0.0,0.0,0.0,0.0,0.0,0.0,0.0,0.0,0.0,0.0,0.0,0.0,0.0,0.0,0.0,0,0.0,,,5,Council clinic,Government/Council,False,False,True
794.0,803.0,Mashonaland West,Kadoma,29.4919395447,-17.94722,0.0,1998.0,Muuyu,5,0.0,Council Clinic,0.0,0.0,0.0,0.0,0.0,0.0,0.0,0.0,0.0,0.0,0.0,0.0,0.0,0.0,0.0,0.0,0.0,0.0,0.0,0.0,0.0,0.0,0.0,0.0,0.0,0.0,0.0,0,0.0,,,5,Council Clinic,Government/Council,False,False,True
795.0,807.0,Mashonaland West,Kadoma,30.5825004578,-18.54444,0.0,1998.0,Muzvezve,5,0.0,Gvt Clinic,0.0,0.0,0.0,0.0,0.0,0.0,0.0,0.0,0.0,0.0,0.0,0.0,0.0,0.0,0.0,0.0,0.0,0.0,0.0,0.0,0.0,0.0,0.0,0.0,0.0,0.0,0.0,0,0.0,,,5,Gvt Clinic,Government/Council,False,False,True
796.0,840.0,Mashonaland West,Kadoma,30.6324996948,-18.65417,0.0,1998.0,Ngezi,4,0.0,Rural Hosp,0.0,0.0,0.0,0.0,0.0,0.0,0.0,0.0,0.0,0.0,0.0,0.0,0.0,0.0,0.0,0.0,0.0,0.0,0.0,0.0,0.0,0.0,0.0,0.0,0.0,0.0,0.0,0,0.0,,,4,Rural Hosp,Government,False,False,True
797.0,872.0,Mashonaland West,Kadoma,29.5272197723,-17.85306,0.0,1998.0,Nyabango,6,0.0,Rural Health Centre,0.0,0.0,0.0,0.0,0.0,0.0,0.0,0.0,0.0,0.0,0.0,0.0,0.0,0.0,0.0,0.0,0.0,0.0,0.0,0.0,0.0,0.0,0.0,0.0,0.0,0.0,0.0,0,0.0,,,6,Rural Health Centre,Government,False,False,True
798.0,894.0,Mashonaland West,Kadoma,29.5347194672,-18.19917,0.0,1998.0,Nyamatani,6,0.0,Rural Health Centre,0.0,0.0,0.0,0.0,0.0,0.0,0.0,0.0,0.0,0.0,0.0,0.0,0.0,0.0,0.0,0.0,0.0,0.0,0.0,0.0,0.0,0.0,0.0,0.0,0.0,0.0,0.0,0,0.0,,,6,Rural Health Centre,Government,False,False,True
799.0,920.0,Mashonaland West,Kadoma,29.4369392395,-17.73222,0.0,1998.0,Nyaonde,6,0.0,Rural Health Centre,0.0,0.0,0.0,0.0,0.0,0.0,0.0,0.0,0.0,0.0,0.0,0.0,0.0,0.0,0.0,0.0,0.0,0.0,0.0,0.0,0.0,0.0,0.0,0.0,0.0,0.0,0.0,0,0.0,,,6,Rural Health Centre,Government,False,False,True
800.0,943.0,Mashonaland West,Kadoma,29.8474998474,-18.28083,0.0,1998.0,Ordoff,5,0.0,Council Clinic,0.0,0.0,0.0,0.0,0.0,0.0,0.0,0.0,0.0,0.0,0.0,0.0,0.0,0.0,0.0,0.0,0.0,0.0,0.0,0.0,0.0,0.0,0.0,0.0,0.0,0.0,0.0,0,0.0,,,5,Council Clinic,Government/Council,False,False,True
801.0,963.0,Mashonaland West,Kadoma,29.8755607605,-18.38917,0.0,1998.0,Prisons,5,0.0,Gvt Clinic,0.0,0.0,0.0,0.0,0.0,0.0,0.0,0.0,0.0,0.0,0.0,0.0,0.0,0.0,0.0,0.0,0.0,0.0,0.0,0.0,0.0,0.0,0.0,0.0,0.0,0.0,0.0,0,0.0,,,5,Gvt Clinic,Government/Council,False,False,True
802.0,997.0,Mashonaland West,Kadoma,29.414440155,-17.60833,0.0,1998.0,Rusvingo,8,0.0,Clinic (construction),0.0,0.0,0.0,0.0,0.0,0.0,0.0,0.0,0.0,0.0,0.0,0.0,0.0,0.0,0.0,0.0,0.0,0.0,0.0,0.0,0.0,0.0,0.0,0.0,0.0,0.0,0.0,0,0.0,,,8,Clinic (construction),Non-operational/Not yet open,False,True,False
803.0,1025.0,Mashonaland West,Kadoma,29.3091697693,-17.95278,0.0,1998.0,Sanyati,3,0.0,Mission Hospital,0.0,0.0,0.0,0.0,0.0,0.0,0.0,0.0,0.0,0.0,0.0,0.0,0.0,0.0,0.0,0.0,0.0,0.0,0.0,0.0,0.0,0.0,0.0,0.0,0.0,0.0,0.0,0,0.0,,,3,Mission Hospital,Mission/Church,False,False,True
804.0,1026.0,Mashonaland West,Kadoma,29.2433300018,-17.99083,0.0,1998.0,Sanyati Area,5,0.0,Council Clinic,0.0,0.0,0.0,0.0,0.0,0.0,0.0,0.0,0.0,0.0,0.0,0.0,0.0,0.0,0.0,0.0,0.0,0.0,0.0,0.0,0.0,0.0,0.0,0.0,0.0,0.0,0.0,0,0.0,,,5,Council Clinic,Government/Council,False,False,True
805.0,1096.0,Mashonaland West,Kadoma,30.6788902283,-18.56667,0.0,1998.0,St. Michaels,3,0.0,Mission Hospital,0.0,0.0,0.0,0.0,0.0,0.0,0.0,0.0,0.0,0.0,0.0,0.0,0.0,0.0,0.0,0.0,0.0,0.0,0.0,0.0,0.0,0.0,0.0,0.0,0.0,0.0,0.0,0,0.0,,,3,Mission Hospital,Mission/Church,False,False,True
806.0,1146.0,Mashonaland West,Kadoma,30.2769393921,-18.67639,0.0,1998.0,Turf,5,0.0,Council Clinic,0.0,0.0,0.0,0.0,0.0,0.0,0.0,0.0,0.0,0.0,0.0,0.0,0.0,0.0,0.0,0.0,0.0,0.0,0.0,0.0,0.0,0.0,0.0,0.0,0.0,0.0,0.0,0,0.0,,,5,Council Clinic,Government/Council,False,False,True
807.0,1154.0,Mashonaland West,Kadoma,29.7724990845,-18.50778,0.0,1998.0,Venice,7,0.0,Mine Clinic,0.0,0.0,0.0,0.0,0.0,0.0,0.0,0.0,0.0,0.0,0.0,0.0,0.0,0.0,0.0,0.0,0.0,0.0,0.0,0.0,0.0,0.0,0.0,0.0,0.0,0.0,0.0,0,0.0,,,7,Mine Clinic,Private,True,False,False
808.0,1155.0,Mashonaland West,Kadoma,29.7724990845,-18.50778,0.0,1998.0,Venice,7,0.0,Mine Clinic,0.0,0.0,0.0,0.0,0.0,0.0,0.0,0.0,0.0,0.0,0.0,0.0,0.0,0.0,0.0,0.0,0.0,0.0,0.0,0.0,0.0,0.0,0.0,0.0,0.0,0.0,0.0,0,0.0,,,7,Mine Clinic,Private,True,False,False
809.0,1234.0,Mashonaland West,Kadoma,30.10364,-18.58832,1196.0,2007.0,Twin Tops,5,0.0,Clinic,0.0,0.0,0.0,0.0,0.0,0.0,0.0,0.0,0.0,0.0,0.0,0.0,0.0,0.0,0.0,0.0,0.0,0.0,0.0,0.0,0.0,0.0,0.0,0.0,0.0,0.0,0.0,0,0.0,There were no staff to give us information,,5,Clinic,Government/Council,False,False,True
810.0,1235.0,Mashonaland West,Kadoma,29.87599,-17.94313,1034.0,2007.0,Black Movale,5,0.0,Clinic,0.0,1.0,1.0,0.0,0.0,0.0,0.0,8.0,0.0,8.0,5800.0,60.0,0.0,0.0,0.0,1.0,1.0,0.0,0.0,1.0,0.0,0.0,0.0,1.0,0.0,1.0,0.0,0,0.0,"Need for more staff and drugs since population  is high ,Accomodation problems",,5,Clinic,Government/Council,False,False,True
811.0,1236.0,Mashonaland West,Kadoma,30.5599,-18.72362,1289.0,2007.0,Gavhunga,8,0.0,Clinic(Not Open),0.0,0.0,0.0,0.0,0.0,0.0,0.0,0.0,0.0,0.0,0.0,0.0,0.0,0.0,0.0,0.0,0.0,0.0,0.0,0.0,0.0,0.0,0.0,0.0,0.0,0.0,0.0,0,0.0,Clinic not yet functional,,8,Clinic(Not Open),Non-operational/Not yet open,False,True,False
812.0,1229.0,Mashonaland West,Kadoma,29.87825,-18.34778,0.0,2007.0,Jairos Jiri,5,1982.0,Clinic,1.0,1.0,0.0,0.0,0.0,0.0,0.0,4.0,0.0,4.0,0.0,3.0,0.0,1.0,1.0,0.0,1.0,0.0,0.0,1.0,0.0,0.0,1.0,1.0,1.0,0.0,0.0,0,0.0,Only 1 specialist doctor. Need for more physicians,,5,Clinic,Government/Council,False,False,True
813.0,1230.0,Mashonaland West,Kadoma,29.88327,-18.34446,1133.0,2007.0,Kadoma Pop.,7,2006.0,Clinic,0.0,1.0,0.0,0.0,0.0,0.0,0.0,0.0,0.0,0.0,0.0,0.0,0.0,1.0,1.0,0.0,1.0,0.0,0.0,1.0,0.0,0.0,0.0,0.0,1.0,0.0,0.0,0,0.0,,,7,Clinic,Private,True,False,False
814.0,1231.0,Mashonaland West,Kadoma,29.89131,-18.34622,1121.0,2007.0,PSI,7,0.0,Clinic,0.0,6.0,1.0,0.0,0.0,0.0,0.0,0.0,0.0,0.0,0.0,2.0,0.0,1.0,1.0,0.0,1.0,0.0,0.0,1.0,0.0,0.0,1.0,0.0,1.0,0.0,0.0,0,0.0,,,7,Clinic,Private,True,False,False
815.0,1232.0,Mashonaland West,Kadoma,29.9191,-18.34768,1116.0,2007.0,Waverly,5,0.0,Clinic,0.0,0.0,0.0,0.0,0.0,0.0,0.0,0.0,0.0,0.0,0.0,0.0,0.0,1.0,1.0,0.0,1.0,0.0,0.0,1.0,0.0,0.0,0.0,1.0,1.0,0.0,0.0,0,0.0,Clinic closed,,5,Clinic,Government/Council,False,False,True
816.0,1233.0,Mashonaland West,Kadoma,30.35557,-18.44847,1213.0,2007.0,Chingondo,5,0.0,,0.0,0.0,0.0,2.0,0.0,0.0,0.0,0.0,0.0,0.0,0.0,0.0,0.0,0.0,1.0,0.0,1.0,0.0,0.0,1.0,1.0,1.0,0.0,1.0,1.0,0.0,0.0,1,0.0,,,5,,Government/Council,False,False,True
817.0,14.0,Mashonaland West,Kariba,28.8263893127,-16.52639,0.0,1998.0,Army,5,0.0,Clinic,0.0,0.0,0.0,0.0,0.0,0.0,0.0,0.0,0.0,0.0,0.0,0.0,0.0,0.0,0.0,0.0,0.0,0.0,0.0,0.0,0.0,0.0,0.0,0.0,0.0,0.0,0.0,0,0.0,,Clinic,5,Clinic,Government/Council,False,False,True
818.0,79.0,Mashonaland West,Kariba,28.3002796173,-16.84167,0.0,1998.0,Chalala,5,0.0,Council Clinic,0.0,0.0,0.0,0.0,0.0,0.0,0.0,0.0,0.0,0.0,0.0,0.0,0.0,0.0,0.0,0.0,0.0,0.0,0.0,0.0,0.0,0.0,0.0,0.0,0.0,0.0,0.0,0,0.0,,,5,Council Clinic,Government/Council,False,False,True
819.0,89.0,Mashonaland West,Kariba,28.9636096954,-16.55167,0.0,1998.0,Charara,7,0.0,Farm Clinic,0.0,0.0,0.0,0.0,0.0,0.0,0.0,0.0,0.0,0.0,0.0,0.0,0.0,0.0,0.0,0.0,0.0,0.0,0.0,0.0,0.0,0.0,0.0,0.0,0.0,0.0,0.0,0,0.0,,,7,Farm Clinic,Private,True,False,False
820.0,335.0,Mashonaland West,Kariba,28.8602790833,-16.78361,0.0,1998.0,Gatse Gatse,5,0.0,Gvt Clinic,0.0,0.0,0.0,0.0,0.0,0.0,0.0,0.0,0.0,0.0,0.0,0.0,0.0,0.0,0.0,0.0,0.0,0.0,0.0,0.0,0.0,0.0,0.0,0.0,0.0,0.0,0.0,0,0.0,,,5,Gvt Clinic,Government/Council,False,False,True
821.0,480.0,Mashonaland West,Kariba,28.9952793121,-16.91528,0.0,1998.0,Kanyati,6,0.0,Rural Health Centre,0.0,0.0,0.0,0.0,0.0,0.0,0.0,0.0,0.0,0.0,0.0,0.0,0.0,0.0,0.0,0.0,0.0,0.0,0.0,0.0,0.0,0.0,0.0,0.0,0.0,0.0,0.0,0,0.0,,,6,Rural Health Centre,Government,False,False,True
822.0,487.0,Mashonaland West,Kariba,28.7916698456,-16.52028,0.0,1998.0,Kariba,2,0.0,District Hospital,0.0,0.0,0.0,0.0,0.0,0.0,0.0,0.0,0.0,0.0,0.0,0.0,0.0,0.0,0.0,0.0,0.0,0.0,0.0,0.0,0.0,0.0,0.0,0.0,0.0,0.0,0.0,0,0.0,,,2,District Hospital,Government,False,False,True
823.0,562.0,Mashonaland West,Kariba,28.7580604553,-16.52611,0.0,1998.0,Mahombekombe,5,0.0,Council Clinic,0.0,0.0,0.0,0.0,0.0,0.0,0.0,0.0,0.0,0.0,0.0,0.0,0.0,0.0,0.0,0.0,0.0,0.0,0.0,0.0,0.0,0.0,0.0,0.0,0.0,0.0,0.0,0,0.0,,,5,Council Clinic,Government/Council,False,False,True
824.0,695.0,Mashonaland West,Kariba,28.2986106873,-16.92611,0.0,1998.0,Mola,6,0.0,Rural Health Centre,0.0,0.0,0.0,0.0,0.0,0.0,0.0,0.0,0.0,0.0,0.0,0.0,0.0,0.0,0.0,0.0,0.0,0.0,0.0,0.0,0.0,0.0,0.0,0.0,0.0,0.0,0.0,0,0.0,,,6,Rural Health Centre,Government,False,False,True
825.0,703.0,Mashonaland West,Kariba,28.767780304,-17.15861,0.0,1998.0,Msampakaruma,5,0.0,Council Clinic,0.0,0.0,0.0,0.0,0.0,0.0,0.0,0.0,0.0,0.0,0.0,0.0,0.0,0.0,0.0,0.0,0.0,0.0,0.0,0.0,0.0,0.0,0.0,0.0,0.0,0.0,0.0,0,0.0,,,5,Council Clinic,Government/Council,False,False,True
826.0,825.0,Mashonaland West,Kariba,28.241109848,-17.19278,0.0,1998.0,Negande,5,0.0,Gvt Clinic,0.0,0.0,0.0,0.0,0.0,0.0,0.0,0.0,0.0,0.0,0.0,0.0,0.0,0.0,0.0,0.0,0.0,0.0,0.0,0.0,0.0,0.0,0.0,0.0,0.0,0.0,0.0,0,0.0,,,5,Gvt Clinic,Government/Council,False,False,True
827.0,902.0,Mashonaland West,Kariba,28.8483295441,-16.51806,0.0,1998.0,Nyamhunga,5,0.0,Council Clinic,0.0,0.0,0.0,0.0,0.0,0.0,0.0,0.0,0.0,0.0,0.0,0.0,0.0,0.0,0.0,0.0,0.0,0.0,0.0,0.0,0.0,0.0,0.0,0.0,0.0,0.0,0.0,0,0.0,,,5,Council Clinic,Government/Council,False,False,True
828.0,1059.0,Mashonaland West,Kariba,28.3641700745,-17.13111,0.0,1998.0,Siakobvu,4,0.0,Rural Hospital,0.0,0.0,0.0,0.0,0.0,0.0,0.0,0.0,0.0,0.0,0.0,0.0,0.0,0.0,0.0,0.0,0.0,0.0,0.0,0.0,0.0,0.0,0.0,0.0,0.0,0.0,0.0,0,0.0,,,4,Rural Hospital,Government,False,False,True
829.0,1298.0,Mashonaland West,Kariba,28.50133,-17.22925,710.0,2007.0,Kasvisva,6,1993.0,Rural Health Centre,0.0,0.0,0.0,0.0,0.0,0.0,0.0,0.0,0.0,0.0,0.0,0.0,0.0,0.0,0.0,0.0,0.0,0.0,0.0,0.0,0.0,0.0,0.0,0.0,0.0,0.0,0.0,0,0.0,,,6,Rural Health Centre,Government,False,False,True
830.0,1299.0,Mashonaland West,Kariba,28.18771,-17.02508,543.0,2007.0,Mayovhe,8,1993.0,Rural Health Centre(construction),0.0,0.0,0.0,0.0,0.0,0.0,0.0,0.0,0.0,0.0,0.0,0.0,0.0,0.0,0.0,0.0,0.0,0.0,0.0,0.0,0.0,0.0,0.0,0.0,0.0,0.0,0.0,0,0.0,,,8,Rural Health Centre(construction),Non-operational/Not yet open,False,True,False
831.0,256.0,Midlands,Kwekwe,29.1224994659,-19.10328,0.0,1998.0,Cambridge,5,0.0,Clinic,0.0,0.0,0.0,0.0,0.0,0.0,0.0,0.0,0.0,0.0,0.0,0.0,0.0,0.0,0.0,0.0,0.0,0.0,0.0,0.0,0.0,0.0,0.0,0.0,0.0,0.0,0.0,0,0.0,,,5,Clinic,Government/Council,False,False,True
832.0,269.0,Midlands,Kwekwe,29.1029205322,-18.70764,0.0,1998.0,Dendera,4,0.0,Rural Hospital,0.0,0.0,0.0,0.0,0.0,0.0,0.0,0.0,0.0,0.0,0.0,0.0,0.0,0.0,0.0,0.0,0.0,0.0,0.0,0.0,0.0,0.0,0.0,0.0,0.0,0.0,0.0,0,0.0,,,4,Rural Hospital,Government,False,False,True
833.0,288.0,Midlands,Kwekwe,29.507440567,-18.607,0.0,1998.0,Don Juan,5,0.0,Clinic,0.0,0.0,0.0,0.0,0.0,0.0,0.0,0.0,0.0,0.0,0.0,0.0,0.0,0.0,0.0,0.0,0.0,0.0,0.0,0.0,0.0,0.0,0.0,0.0,0.0,0.0,0.0,0,0.0,,,5,Clinic,Government/Council,False,False,True
834.0,292.0,Midlands,Kwekwe,28.9063091278,-18.76897,0.0,1998.0,Donsa,5,0.0,Clinic,0.0,0.0,0.0,0.0,0.0,0.0,0.0,0.0,0.0,0.0,0.0,0.0,0.0,0.0,0.0,0.0,0.0,0.0,0.0,0.0,0.0,0.0,0.0,0.0,0.0,0.0,0.0,0,0.0,,,5,Clinic,Government/Council,False,False,True
835.0,349.0,Midlands,Kwekwe,29.4524707794,-18.76839,0.0,1998.0,Gomola,5,0.0,Clinic,0.0,0.0,0.0,0.0,0.0,0.0,0.0,0.0,0.0,0.0,0.0,0.0,0.0,0.0,0.0,0.0,0.0,0.0,0.0,0.0,0.0,0.0,0.0,0.0,0.0,0.0,0.0,0,0.0,,,5,Clinic,Government/Council,False,False,True
836.0,441.0,Midlands,Kwekwe,29.2500591278,-19.10408,0.0,1998.0,Jackson,5,0.0,Clinic,0.0,0.0,0.0,0.0,0.0,0.0,0.0,0.0,0.0,0.0,0.0,0.0,0.0,0.0,0.0,0.0,0.0,0.0,0.0,0.0,0.0,0.0,0.0,0.0,0.0,0.0,0.0,0,0.0,,,5,Clinic,Government/Council,False,False,True
837.0,518.0,Midlands,Kwekwe,29.8237495422,-18.93572,0.0,1998.0,Kwekwe,2,0.0,District Hospital,0.0,0.0,0.0,0.0,0.0,0.0,0.0,0.0,0.0,0.0,0.0,0.0,0.0,0.0,0.0,0.0,0.0,0.0,0.0,0.0,0.0,0.0,0.0,0.0,0.0,0.0,0.0,0,0.0,,,2,District Hospital,Government,False,False,True
838.0,584.0,Midlands,Kwekwe,29.123249054,-19.00353,0.0,1998.0,Malisa Josefa,5,0.0,Clinic,0.0,0.0,0.0,0.0,0.0,0.0,0.0,0.0,0.0,0.0,0.0,0.0,0.0,0.0,0.0,0.0,0.0,0.0,0.0,0.0,0.0,0.0,0.0,0.0,0.0,0.0,0.0,0,0.0,,,5,Clinic,Government/Council,False,False,True
839.0,1186.0,Midlands,Kwekwe,29.3849391937,-18.70336,0.0,1998.0,Zhombe,3,0.0,Mission clinic,0.0,0.0,0.0,0.0,0.0,0.0,0.0,0.0,0.0,0.0,0.0,0.0,0.0,0.0,0.0,0.0,0.0,0.0,0.0,0.0,0.0,0.0,0.0,0.0,0.0,0.0,0.0,0,0.0,,,3,Mission clinic,Mission/Church,False,False,True
840.0,661.0,Midlands,Kwekwe,29.6012802124,-18.77267,0.0,1998.0,Majorca,5,0.0,Clinic,0.0,0.0,0.0,0.0,0.0,0.0,0.0,0.0,0.0,0.0,0.0,0.0,0.0,0.0,0.0,0.0,0.0,0.0,0.0,0.0,0.0,0.0,0.0,0.0,0.0,0.0,0.0,0,0.0,,,5,Clinic,Government/Council,False,False,True
841.0,662.0,Midlands,Kwekwe,29.0063095093,-18.93542,0.0,1998.0,Mazebe,6,0.0,Rural Health Centre,0.0,0.0,0.0,0.0,0.0,0.0,0.0,0.0,0.0,0.0,0.0,0.0,0.0,0.0,0.0,0.0,0.0,0.0,0.0,0.0,0.0,0.0,0.0,0.0,0.0,0.0,0.0,0,0.0,,,6,Rural Health Centre,Government,False,False,True
842.0,680.0,Midlands,Kwekwe,29.7866897583,-19.04047,0.0,1998.0,Medical Centre,5,0.0,Clinic,0.0,0.0,0.0,0.0,0.0,0.0,0.0,0.0,0.0,0.0,0.0,0.0,0.0,0.0,0.0,0.0,0.0,0.0,0.0,0.0,0.0,0.0,0.0,0.0,0.0,0.0,0.0,0,0.0,,,5,Clinic,Government/Council,False,False,True
843.0,681.0,Midlands,Kwekwe,30.2422199249,-18.72167,0.0,1998.0,Melisa Zhombe,5,0.0,Clinic,0.0,0.0,0.0,0.0,0.0,0.0,0.0,0.0,0.0,0.0,0.0,0.0,0.0,0.0,0.0,0.0,0.0,0.0,0.0,0.0,0.0,0.0,0.0,0.0,0.0,0.0,0.0,0,0.0,,,5,Clinic,Government/Council,False,False,True
844.0,699.0,Midlands,Kwekwe,29.2516098022,-19.15281,0.0,1998.0,Mpinda,5,0.0,Clinic,0.0,0.0,0.0,0.0,0.0,0.0,0.0,0.0,0.0,0.0,0.0,0.0,0.0,0.0,0.0,0.0,0.0,0.0,0.0,0.0,0.0,0.0,0.0,0.0,0.0,0.0,0.0,0,0.0,,,5,Clinic,Government/Council,False,False,True
845.0,707.0,Midlands,Kwekwe,29.1561393738,-19.17339,0.0,1998.0,Msilahove,4,0.0,Rural Hospital,0.0,0.0,0.0,0.0,0.0,0.0,0.0,0.0,0.0,0.0,0.0,0.0,0.0,0.0,0.0,0.0,0.0,0.0,0.0,0.0,0.0,0.0,0.0,0.0,0.0,0.0,0.0,0,0.0,,,4,Rural Hospital,Government,False,False,True
846.0,749.0,Midlands,Kwekwe,29.7869701385,-18.67142,0.0,1998.0,Munyati,5,0.0,Clinic,0.0,0.0,0.0,0.0,0.0,0.0,0.0,0.0,0.0,0.0,0.0,0.0,0.0,0.0,0.0,0.0,0.0,0.0,0.0,0.0,0.0,0.0,0.0,0.0,0.0,0.0,0.0,0,0.0,,,5,Clinic,Government/Council,False,False,True
847.0,868.0,Midlands,Kwekwe,29.3347206116,-18.80214,0.0,1998.0,Ntabeni,5,0.0,Clinic,0.0,0.0,0.0,0.0,0.0,0.0,0.0,0.0,0.0,0.0,0.0,0.0,0.0,0.0,0.0,0.0,0.0,0.0,0.0,0.0,0.0,0.0,0.0,0.0,0.0,0.0,0.0,0,0.0,,,5,Clinic,Government/Council,False,False,True
848.0,934.0,Midlands,Kwekwe,29.3375606537,-18.96747,0.0,1998.0,Nyoni,6,0.0,Rural Health Centre,0.0,0.0,0.0,0.0,0.0,0.0,0.0,0.0,0.0,0.0,0.0,0.0,0.0,0.0,0.0,0.0,0.0,0.0,0.0,0.0,0.0,0.0,0.0,0.0,0.0,0.0,0.0,0,0.0,,,6,Rural Health Centre,Government,False,False,True
849.0,977.0,Midlands,Kwekwe,29.4355602264,-18.46828,0.0,1998.0,Rio Tinto,7,0.0,Mine Clinic,0.0,0.0,0.0,0.0,0.0,0.0,0.0,0.0,0.0,0.0,0.0,0.0,0.0,0.0,0.0,0.0,0.0,0.0,0.0,0.0,0.0,0.0,0.0,0.0,0.0,0.0,0.0,0,0.0,,,7,Mine Clinic,Private,True,False,False
850.0,1016.0,Midlands,Kwekwe,29.4524707794,-18.33406,0.0,1998.0,Samambwa,5,0.0,Clinic,0.0,0.0,0.0,0.0,0.0,0.0,0.0,0.0,0.0,0.0,0.0,0.0,0.0,0.0,0.0,0.0,0.0,0.0,0.0,0.0,0.0,0.0,0.0,0.0,0.0,0.0,0.0,0,0.0,,Clinic,5,Clinic,Government/Council,False,False,True
851.0,1027.0,Midlands,Kwekwe,30.1225605011,-18.98881,0.0,1998.0,Sebakwe,5,0.0,Clinic,0.0,0.0,0.0,0.0,0.0,0.0,0.0,0.0,0.0,0.0,0.0,0.0,0.0,0.0,0.0,0.0,0.0,0.0,0.0,0.0,0.0,0.0,0.0,0.0,0.0,0.0,0.0,0,0.0,,Clinic,5,Clinic,Government/Council,False,False,True
852.0,1033.0,Midlands,Kwekwe,29.4357204437,-18.58403,0.0,1998.0,Senkwasi,5,0.0,Clinic,0.0,0.0,0.0,0.0,0.0,0.0,0.0,0.0,0.0,0.0,0.0,0.0,0.0,0.0,0.0,0.0,0.0,0.0,0.0,0.0,0.0,0.0,0.0,0.0,0.0,0.0,0.0,0,0.0,,,5,Clinic,Government/Council,False,False,True
853.0,1048.0,Midlands,Kwekwe,29.806219101,-18.82453,0.0,1998.0,Sherwood,5,0.0,Clinic,0.0,0.0,0.0,0.0,0.0,0.0,0.0,0.0,0.0,0.0,0.0,0.0,0.0,0.0,0.0,0.0,0.0,0.0,0.0,0.0,0.0,0.0,0.0,0.0,0.0,0.0,0.0,0,0.0,,Clinic,5,Clinic,Government/Council,False,False,True
854.0,1062.0,Midlands,Kwekwe,29.4683895111,-18.43989,0.0,1998.0,Sidakeni,5,0.0,Clinic,0.0,0.0,0.0,0.0,0.0,0.0,0.0,0.0,0.0,0.0,0.0,0.0,0.0,0.0,0.0,0.0,0.0,0.0,0.0,0.0,0.0,0.0,0.0,0.0,0.0,0.0,0.0,0,0.0,,,5,Clinic,Government/Council,False,False,True
855.0,1066.0,Midlands,Kwekwe,29.3045806885,-19.00511,0.0,1998.0,Silobela,2,0.0,District Hospital,0.0,0.0,0.0,0.0,0.0,0.0,0.0,0.0,0.0,0.0,0.0,0.0,0.0,0.0,0.0,0.0,0.0,0.0,0.0,0.0,0.0,0.0,0.0,0.0,0.0,0.0,0.0,0,0.0,,District H,2,District Hospital,Government,False,False,True
856.0,1070.0,Midlands,Kwekwe,29.1192798615,-18.92169,0.0,1998.0,Simana,5,0.0,Clinic,0.0,0.0,0.0,0.0,0.0,0.0,0.0,0.0,0.0,0.0,0.0,0.0,0.0,0.0,0.0,0.0,0.0,0.0,0.0,0.0,0.0,0.0,0.0,0.0,0.0,0.0,0.0,0,0.0,,,5,Clinic,Government/Council,False,False,True
857.0,1131.0,Midlands,Kwekwe,29.7364406586,-19.02261,0.0,1998.0,Torwood,4,0.0,Hospital,0.0,0.0,0.0,0.0,0.0,0.0,0.0,0.0,0.0,0.0,0.0,0.0,0.0,0.0,0.0,0.0,0.0,0.0,0.0,0.0,0.0,0.0,0.0,0.0,0.0,0.0,0.0,0,0.0,,,4,Hospital,Government,False,False,True
858.0,1329.0,Midlands,Kwekwe,29.78238,-19.0226,1216.0,2007.0,Redcliff,5,1989.0,Clinic,0.0,2.0,2.0,0.0,2.0,0.0,0.0,2.0,0.0,2.0,0.0,15.0,0.0,1.0,1.0,0.0,1.0,0.0,0.0,1.0,0.0,0.0,0.0,1.0,1.0,0.0,0.0,0,0.0,,,5,Clinic,Government/Council,False,False,True
859.0,1330.0,Midlands,Kwekwe,29.77346,-19.0084,1201.0,2007.0,Rutendo,5,1980.0,Clinic,0.0,2.0,2.0,0.0,2.0,0.0,0.0,1.0,0.0,1.0,12379.0,17.0,0.0,0.0,0.0,0.0,0.0,0.0,0.0,1.0,0.0,0.0,1.0,0.0,1.0,0.0,1.0,0,0.0,,,5,Clinic,Government/Council,False,False,True
860.0,1331.0,Midlands,Kwekwe,29.75035,-19.01429,1203.0,2007.0,Zisco Works,7,1980.0,Clinic,0.0,7.0,0.0,0.0,0.0,0.0,0.0,10.0,0.0,10.0,4000.0,26.0,1.0,1.0,1.0,0.0,1.0,0.0,0.0,1.0,0.0,0.0,1.0,0.0,1.0,0.0,1.0,0,0.0,,,7,Clinic,Private,True,False,False
861.0,1332.0,Midlands,Kwekwe,29.82332,-18.91481,1197.0,2007.0,Lancashire,7,1980.0,Clinic,0.0,3.0,1.0,0.0,0.0,0.0,0.0,0.0,0.0,0.0,600.0,3.0,0.0,1.0,1.0,0.0,1.0,0.0,0.0,1.0,0.0,0.0,1.0,0.0,1.0,0.0,1.0,0,0.0,,,7,Clinic,Private,True,False,False
862.0,1333.0,Midlands,Kwekwe,29.8246,-18.91316,1188.0,2007.0,Zim Wire and Rope,7,1973.0,Clinic,1.0,1.0,0.0,0.0,0.0,0.0,0.0,0.0,0.0,0.0,175.0,3.0,0.0,1.0,1.0,0.0,1.0,0.0,0.0,1.0,0.0,0.0,0.0,1.0,1.0,0.0,0.0,0,0.0,,,7,Clinic,Private,True,False,False
863.0,1334.0,Midlands,Kwekwe,29.81286,-18.9364,1214.0,2007.0,Aldavis,5,1995.0,Clinic,1.0,4.0,1.0,0.0,0.0,0.0,0.0,0.0,0.0,0.0,20214.0,2.0,0.0,0.0,1.0,1.0,1.0,0.0,0.0,1.0,0.0,0.0,0.0,1.0,1.0,0.0,0.0,0,0.0,,,5,Clinic,Government/Council,False,False,True
864.0,1335.0,Midlands,Kwekwe,29.78466,-18.92453,1208.0,2007.0,Amaveni,5,1971.0,clinic,0.0,0.0,0.0,0.0,0.0,0.0,0.0,0.0,0.0,0.0,0.0,0.0,0.0,0.0,0.0,0.0,0.0,0.0,0.0,0.0,0.0,0.0,0.0,0.0,0.0,0.0,0.0,0,0.0,,,5,clinic,Government/Council,False,False,True
865.0,1336.0,Midlands,Kwekwe,29.7989,-18.8009,1202.0,2007.0,Sable,7,1969.0,Clinic,3.0,5.0,0.0,0.0,0.0,0.0,0.0,5.0,0.0,5.0,600.0,16.0,1.0,1.0,1.0,0.0,1.0,0.0,0.0,1.0,0.0,0.0,0.0,1.0,1.0,0.0,0.0,0,0.0,,,7,Clinic,Private,True,False,False
866.0,1343.0,Midlands,Kwekwe,29.07592,-18.84766,1569.0,2007.0,Exchange,5,0.0,Clinic,0.0,1.0,1.0,1.0,1.0,0.0,0.0,8.0,3.0,5.0,10004.0,105.0,0.0,0.0,1.0,0.0,1.0,0.0,0.0,1.0,0.0,0.0,0.0,1.0,0.0,1.0,1.0,0,0.0,,,5,Clinic,Government/Council,False,False,True
867.0,1351.0,Midlands,Kwekwe,29.83498,-18.90588,1194.0,2007.0,Mbizo 1,5,0.0,Clinic,0.0,14.0,0.0,0.0,0.0,0.0,0.0,10.0,6.0,4.0,0.0,5.0,0.0,1.0,1.0,0.0,1.0,0.0,0.0,1.0,0.0,0.0,0.0,0.0,1.0,0.0,0.0,0,0.0,,,5,Clinic,Government/Council,False,False,True
868.0,257.0,Matebeleland North,Lupane,27.8691692352,-18.44889,0.0,1998.0,Dandanda,5,0.0,Clinic,0.0,0.0,0.0,0.0,0.0,0.0,0.0,0.0,0.0,0.0,0.0,0.0,0.0,0.0,0.0,0.0,0.0,0.0,0.0,0.0,0.0,0.0,0.0,0.0,0.0,0.0,0.0,0,0.0,,,5,Clinic,Government/Council,False,False,True
869.0,291.0,Matebeleland North,Lupane,27.44719,-18.40378,0.0,1998.0,Dongamuzi,5,0.0,Clinic,0.0,0.0,0.0,0.0,0.0,0.0,0.0,0.0,0.0,0.0,0.0,0.0,0.0,0.0,0.0,0.0,0.0,0.0,0.0,0.0,0.0,0.0,0.0,0.0,0.0,0.0,0.0,0,0.0,,,5,Clinic,Government/Council,False,False,True
870.0,350.0,Matebeleland North,Lupane,28.2236099243,-18.84139,0.0,1998.0,Gomoza,6,0.0,Rural Health Centre,0.0,0.0,0.0,0.0,0.0,0.0,0.0,0.0,0.0,0.0,0.0,0.0,0.0,0.0,0.0,0.0,0.0,0.0,0.0,0.0,0.0,0.0,0.0,0.0,0.0,0.0,0.0,0,0.0,,,6,Rural Health Centre,Government,False,False,True
871.0,461.0,Matebeleland North,Lupane,27.5583305359,-18.73056,0.0,1998.0,Jotsholo,5,0.0,Clinic,0.0,0.0,0.0,0.0,0.0,0.0,0.0,0.0,0.0,0.0,0.0,0.0,0.0,0.0,0.0,0.0,0.0,0.0,0.0,0.0,0.0,0.0,0.0,0.0,0.0,0.0,0.0,0,0.0,,,5,Clinic,Government/Council,False,False,True
872.0,479.0,Matebeleland North,Lupane,27.9777793884,-18.30444,0.0,1998.0,Kanyandavu,5,0.0,Clinic,0.0,0.0,0.0,0.0,0.0,0.0,0.0,0.0,0.0,0.0,0.0,0.0,0.0,0.0,0.0,0.0,0.0,0.0,0.0,0.0,0.0,0.0,0.0,0.0,0.0,0.0,0.0,0,0.0,,,5,Clinic,Government/Council,False,False,True
873.0,531.0,Matebeleland North,Lupane,27.9036102295,-18.78333,0.0,1998.0,Lupaka,5,0.0,Clinic,0.0,0.0,0.0,0.0,0.0,0.0,0.0,0.0,0.0,0.0,0.0,0.0,0.0,0.0,0.0,0.0,0.0,0.0,0.0,0.0,0.0,0.0,0.0,0.0,0.0,0.0,0.0,0,0.0,,,5,Clinic,Government/Council,False,False,True
874.0,532.0,Matebeleland North,Lupane,27.7719402313,-18.93528,0.0,1998.0,Lupane,6,0.0,Rural Health Centre,0.0,0.0,0.0,0.0,0.0,0.0,0.0,0.0,0.0,0.0,0.0,0.0,0.0,0.0,0.0,0.0,0.0,0.0,0.0,0.0,0.0,0.0,0.0,0.0,0.0,0.0,0.0,0,0.0,,,6,Rural Health Centre,Government,False,False,True
875.0,679.0,Matebeleland North,Lupane,27.7519397736,-18.49389,0.0,1998.0,Mdlankunzi,5,0.0,Clinic,0.0,0.0,0.0,0.0,0.0,0.0,0.0,0.0,0.0,0.0,0.0,0.0,0.0,0.0,0.0,0.0,0.0,0.0,0.0,0.0,0.0,0.0,0.0,0.0,0.0,0.0,0.0,0,0.0,,,5,Clinic,Government/Council,False,False,True
876.0,1095.0,Matebeleland North,Lupane,27.9686107635,-19.10972,0.0,1998.0,St. Lukes,3,0.0,Mission Hospital,0.0,0.0,0.0,0.0,0.0,0.0,0.0,0.0,0.0,0.0,0.0,0.0,0.0,0.0,0.0,0.0,0.0,0.0,0.0,0.0,0.0,0.0,0.0,0.0,0.0,0.0,0.0,0,0.0,,,3,Mission Hospital,Mission/Church,False,False,True
877.0,1097.0,Matebeleland North,Lupane,28.1138896942,-19.02028,0.0,1998.0,St. Pauls,3,0.0,Mission Hospital,0.0,0.0,0.0,0.0,0.0,0.0,0.0,0.0,0.0,0.0,0.0,0.0,0.0,0.0,0.0,0.0,0.0,0.0,0.0,0.0,0.0,0.0,0.0,0.0,0.0,0.0,0.0,0,0.0,,,3,Mission Hospital,Mission/Church,False,False,True
878.0,1296.0,Matebeleland North,Lupane,27.77305,-18.9308,1006.0,2007.0,Lupane Prov. Hospital,8,2007.0,Provincial Hospital,0.0,0.0,0.0,0.0,0.0,0.0,0.0,0.0,0.0,0.0,0.0,30.0,0.0,0.0,0.0,0.0,0.0,0.0,0.0,0.0,0.0,0.0,0.0,0.0,0.0,0.0,0.0,0,0.0,Still under construction,,8,Provincial Hospital,Non-operational/Not yet open,False,True,False
879.0,1297.0,Matebeleland North,Lupane,27.414,-18.74072,963.0,2007.0,Fatima,5,2004.0,Clinic,0.0,1.0,1.0,1.0,1.0,0.0,0.0,6.0,1.0,5.0,1029.0,70.0,1.0,1.0,1.0,0.0,1.0,0.0,0.0,1.0,0.0,0.0,0.0,1.0,1.0,0.0,0.0,0,0.0,,,5,Clinic,Government/Council,False,False,True
880.0,4.0,Mashonaland West,Makonde,30.0674991608,-17.37389,0.0,1998.0,Alaska,5,0.0,Clinic,0.0,0.0,0.0,0.0,0.0,0.0,0.0,0.0,0.0,0.0,0.0,0.0,0.0,0.0,0.0,0.0,0.0,0.0,0.0,0.0,0.0,0.0,0.0,0.0,0.0,0.0,0.0,0,0.0,,,5,Clinic,Government/Council,False,False,True
881.0,128.0,Mashonaland West,Makonde,30.1944408417,-17.39,0.0,1998.0,Chikonohono,5,0.0,Clinic,0.0,0.0,0.0,0.0,0.0,0.0,0.0,0.0,0.0,0.0,0.0,0.0,0.0,0.0,0.0,0.0,0.0,0.0,0.0,0.0,0.0,0.0,0.0,0.0,0.0,0.0,0.0,0,0.0,,Clinic,5,Clinic,Government/Council,False,False,True
882.0,161.0,Mashonaland West,Makonde,30.2088909149,-17.36222,0.0,1998.0,Chinhoyi P.H,1,0.0,Provincial Hospital,0.0,0.0,0.0,0.0,0.0,0.0,0.0,0.0,0.0,0.0,0.0,0.0,0.0,0.0,0.0,0.0,0.0,0.0,0.0,0.0,0.0,0.0,0.0,0.0,0.0,0.0,0.0,0,0.0,,,1,Provincial Hospital,Government,False,False,True
883.0,283.0,Mashonaland West,Makonde,30.2422199249,-16.75889,0.0,1998.0,Doma,5,0.0,Clinic,0.0,0.0,0.0,0.0,0.0,0.0,0.0,0.0,0.0,0.0,0.0,0.0,0.0,0.0,0.0,0.0,0.0,0.0,0.0,0.0,0.0,0.0,0.0,0.0,0.0,0.0,0.0,0,0.0,,,5,Clinic,Government/Council,False,False,True
884.0,343.0,Mashonaland West,Makonde,29.5222206116,-17.61778,0.0,1998.0,Godzi,5,0.0,Clinic,0.0,0.0,0.0,0.0,0.0,0.0,0.0,0.0,0.0,0.0,0.0,0.0,0.0,0.0,0.0,0.0,0.0,0.0,0.0,0.0,0.0,0.0,0.0,0.0,0.0,0.0,0.0,0,0.0,,,5,Clinic,Government/Council,False,False,True
885.0,412.0,Mashonaland West,Makonde,29.7791690826,-17.69417,0.0,1998.0,Hombwe,5,0.0,Clinic,0.0,0.0,0.0,0.0,0.0,0.0,0.0,0.0,0.0,0.0,0.0,0.0,0.0,0.0,0.0,0.0,0.0,0.0,0.0,0.0,0.0,0.0,0.0,0.0,0.0,0.0,0.0,0,0.0,,,5,Clinic,Government/Council,False,False,True
886.0,476.0,Mashonaland West,Makonde,29.3586101532,-17.47306,0.0,1998.0,Kamonde,5,0.0,Clinic,0.0,0.0,0.0,0.0,0.0,0.0,0.0,0.0,0.0,0.0,0.0,0.0,0.0,0.0,0.0,0.0,0.0,0.0,0.0,0.0,0.0,0.0,0.0,0.0,0.0,0.0,0.0,0,0.0,,,5,Clinic,Government/Council,False,False,True
887.0,499.0,Mashonaland West,Makonde,29.6049995422,-17.47306,0.0,1998.0,Kenzamba,5,0.0,Clinic,0.0,0.0,0.0,0.0,0.0,0.0,0.0,0.0,0.0,0.0,0.0,0.0,0.0,0.0,0.0,0.0,0.0,0.0,0.0,0.0,0.0,0.0,0.0,0.0,0.0,0.0,0.0,0,0.0,,,5,Clinic,Government/Council,False,False,True
888.0,504.0,Mashonaland West,Makonde,30.2138900757,-16.66722,0.0,1998.0,Kosana,5,0.0,Clinic,0.0,0.0,0.0,0.0,0.0,0.0,0.0,0.0,0.0,0.0,0.0,0.0,0.0,0.0,0.0,0.0,0.0,0.0,0.0,0.0,0.0,0.0,0.0,0.0,0.0,0.0,0.0,0,0.0,,,5,Clinic,Government/Council,False,False,True
889.0,1207.0,Mashonaland West,Makonde,29.8813896179,-17.67361,0.0,1998.0,Zumbara,5,0.0,Clinic,0.0,0.0,0.0,0.0,0.0,0.0,0.0,0.0,0.0,0.0,0.0,0.0,0.0,0.0,0.0,0.0,0.0,0.0,0.0,0.0,0.0,0.0,0.0,0.0,0.0,0.0,0.0,0,0.0,,,5,Clinic,Government/Council,False,False,True
890.0,649.0,Mashonaland West,Makonde,30.1119403839,-17.56833,0.0,1998.0,Matorangera,5,0.0,Clinic,0.0,0.0,0.0,0.0,0.0,0.0,0.0,0.0,0.0,0.0,0.0,0.0,0.0,0.0,0.0,0.0,0.0,0.0,0.0,0.0,0.0,0.0,0.0,0.0,0.0,0.0,0.0,0,0.0,,,5,Clinic,Government/Council,False,False,True
891.0,684.0,Mashonaland West,Makonde,30.164440155,-16.89194,0.0,1998.0,Mhangura,7,0.0,Private Hospital,0.0,0.0,0.0,0.0,0.0,0.0,0.0,0.0,0.0,0.0,0.0,0.0,0.0,0.0,0.0,0.0,0.0,0.0,0.0,0.0,0.0,0.0,0.0,0.0,0.0,0.0,0.0,0,0.0,,,7,Private Hospital,Private,True,False,False
892.0,728.0,Mashonaland West,Makonde,30.057220459,-16.92889,0.0,1998.0,Muitubu,5,0.0,Clinic,0.0,0.0,0.0,0.0,0.0,0.0,0.0,0.0,0.0,0.0,0.0,0.0,0.0,0.0,0.0,0.0,0.0,0.0,0.0,0.0,0.0,0.0,0.0,0.0,0.0,0.0,0.0,0,0.0,,,5,Clinic,Government/Council,False,False,True
893.0,735.0,Mashonaland West,Makonde,29.8108291626,-17.81028,0.0,1998.0,Mukohwe,5,0.0,Clinic,0.0,0.0,0.0,0.0,0.0,0.0,0.0,0.0,0.0,0.0,0.0,0.0,0.0,0.0,0.0,0.0,0.0,0.0,0.0,0.0,0.0,0.0,0.0,0.0,0.0,0.0,0.0,0,0.0,,,5,Clinic,Government/Council,False,False,True
894.0,758.0,Mashonaland West,Makonde,30.0263900757,-17.27556,0.0,1998.0,Murereka,5,0.0,Clinic,0.0,0.0,0.0,0.0,0.0,0.0,0.0,0.0,0.0,0.0,0.0,0.0,0.0,0.0,0.0,0.0,0.0,0.0,0.0,0.0,0.0,0.0,0.0,0.0,0.0,0.0,0.0,0,0.0,,,5,Clinic,Government/Council,False,False,True
895.0,938.0,Mashonaland West,Makonde,29.5063896179,-17.53444,0.0,1998.0,Obva,5,0.0,Clinic,0.0,0.0,0.0,0.0,0.0,0.0,0.0,0.0,0.0,0.0,0.0,0.0,0.0,0.0,0.0,0.0,0.0,0.0,0.0,0.0,0.0,0.0,0.0,0.0,0.0,0.0,0.0,0,0.0,,,5,Clinic,Government/Council,False,False,True
896.0,1005.0,Mashonaland West,Makonde,29.6563892365,-17.68833,0.0,1998.0,Ruweni,8,0.0,Under Construction,0.0,0.0,0.0,0.0,0.0,0.0,0.0,0.0,0.0,0.0,0.0,0.0,0.0,0.0,0.0,0.0,0.0,0.0,0.0,0.0,0.0,0.0,0.0,0.0,0.0,0.0,0.0,0,0.0,,,8,Under Construction,Non-operational/Not yet open,False,True,False
897.0,1100.0,Mashonaland West,Makonde,29.692779541,-17.76917,0.0,1998.0,St. Rupets,3,0.0,Mission Hospital,0.0,0.0,0.0,0.0,0.0,0.0,0.0,0.0,0.0,0.0,0.0,0.0,0.0,0.0,0.0,0.0,0.0,0.0,0.0,0.0,0.0,0.0,0.0,0.0,0.0,0.0,0.0,0,0.0,,,3,Mission Hospital,Mission/Church,False,False,True
898.0,1148.0,Mashonaland West,Makonde,30.1833305359,-17.0475,0.0,1998.0,Umboe,5,0.0,Clinic,0.0,0.0,0.0,0.0,0.0,0.0,0.0,0.0,0.0,0.0,0.0,0.0,0.0,0.0,0.0,0.0,0.0,0.0,0.0,0.0,0.0,0.0,0.0,0.0,0.0,0.0,0.0,0,0.0,,,5,Clinic,Government/Council,False,False,True
899.0,1244.0,Mashonaland West,Makonde,30.15505,-16.68228,0.0,2007.0,Green Valley,5,0.0,Clinic,0.0,1.0,1.0,1.0,0.0,0.0,0.0,6.0,0.0,6.0,0.0,26.0,0.0,0.0,0.0,1.0,0.0,0.0,0.0,1.0,0.0,0.0,0.0,1.0,0.0,1.0,0.0,0,0.0,Water and Blair latrines urgently needed,,5,Clinic,Government/Council,False,False,True
900.0,1245.0,Mashonaland West,Makonde,30.25752,-17.13926,0.0,2007.0,Nyagombe,5,0.0,Clinic,0.0,2.0,1.0,0.0,0.0,0.0,0.0,5.0,0.0,0.0,5000.0,30.0,0.0,0.0,0.0,1.0,0.0,0.0,300.0,0.0,1.0,1.0,0.0,1.0,0.0,1.0,0.0,0,0.0,Problem attending to patients without electricity,,5,Clinic,Government/Council,False,False,True
901.0,1246.0,Mashonaland West,Makonde,29.99041,-16.99737,1059.0,2007.0,River Ranch,5,0.0,Clinic,0.0,1.0,1.0,0.0,0.0,0.0,0.0,3.0,1.0,2.0,12000.0,45.0,0.0,1.0,0.0,0.0,0.0,0.0,5.0,0.0,1.0,1.0,0.0,1.0,0.0,1.0,0.0,1,0.0,"Communication problem ,No accomodation",,5,Clinic,Government/Council,False,False,True
902.0,1222.0,Mashonaland West,Makonde,30.20806,-17.34913,1147.0,2007.0,Chinhoyi University Clinic,5,2004.0,University clinic,1.0,2.0,0.0,0.0,0.0,0.0,0.0,0.0,0.0,0.0,5000.0,2.0,0.0,1.0,1.0,0.0,1.0,0.0,0.0,1.0,0.0,0.0,0.0,1.0,1.0,0.0,0.0,0,0.0,,,5,University clinic,Government/Council,False,False,True
903.0,1223.0,Mashonaland West,Makonde,30.20319,-17.36414,1145.0,2007.0,PSI,5,2003.0,Clinic Private Clinic,0.0,2.0,1.0,0.0,0.0,0.0,0.0,4.0,0.0,4.0,0.0,0.0,0.0,1.0,1.0,0.0,1.0,0.0,0.0,1.0,0.0,0.0,0.0,1.0,1.0,0.0,0.0,0,0.0,Waste disposals needs to be done on weekly basis,,5,Clinic Private Clinic,Government/Council,False,False,True
904.0,1224.0,Mashonaland West,Makonde,30.19744,-17.36109,1156.0,2007.0,Chinhoyi Prison Clinic,5,0.0,Clinic,0.0,6.0,0.0,0.0,0.0,0.0,0.0,1.0,0.0,1.0,0.0,3.0,0.0,1.0,1.0,0.0,1.0,0.0,0.0,1.0,0.0,0.0,0.0,1.0,1.0,0.0,0.0,0,0.0,,,5,Clinic,Government/Council,False,False,True
905.0,1225.0,Mashonaland West,Makonde,30.19376,-17.36,0.0,2007.0,Chinhoyi Health Center,7,0.0,Clinic Private Clinic,1.0,1.0,0.0,0.0,0.0,0.0,0.0,0.0,0.0,0.0,0.0,3.0,0.0,1.0,1.0,0.0,1.0,0.0,0.0,1.0,0.0,0.0,1.0,0.0,1.0,0.0,0.0,0,0.0,,,7,Clinic Private Clinic,Private,True,False,False
906.0,1226.0,Mashonaland West,Makonde,30.17167,-17.35684,1161.0,2007.0,Chinhoyi ZRP Camp Clinic,5,0.0,Clinic,0.0,3.0,0.0,0.0,0.0,0.0,0.0,1.0,0.0,1.0,0.0,5.0,1.0,1.0,1.0,0.0,1.0,0.0,0.0,1.0,0.0,0.0,0.0,1.0,1.0,0.0,0.0,0,0.0,,,5,Clinic,"Excluded - restricted access (prison/police, not public)",False,False,False
907.0,1227.0,Mashonaland West,Makonde,30.19105,-17.36026,1151.0,2007.0,Premier Medical Centre,7,2003.0,Clinic,1.0,2.0,0.0,0.0,0.0,0.0,0.0,0.0,0.0,0.0,0.0,3.0,0.0,1.0,1.0,0.0,1.0,0.0,0.0,1.0,0.0,0.0,1.0,0.0,1.0,0.0,0.0,0,0.0,,,7,Clinic,Private,True,False,False
908.0,1228.0,Mashonaland West,Makonde,30.19099,-17.36027,1156.0,2007.0,Chitambo,7,0.0,Clinic,1.0,1.0,0.0,0.0,0.0,0.0,0.0,0.0,0.0,0.0,0.0,3.0,0.0,1.0,1.0,0.0,1.0,0.0,0.0,1.0,0.0,0.0,1.0,0.0,1.0,0.0,0.0,0,0.0,,,7,Clinic,Private,True,False,False
909.0,8.0,Manicaland,Makoni,32.2031402588,-18.23539,0.0,1998.0,Anorldine,5,0.0,Clinic,0.0,0.0,0.0,0.0,0.0,0.0,0.0,0.0,0.0,0.0,0.0,0.0,0.0,0.0,0.0,0.0,0.0,0.0,0.0,0.0,0.0,0.0,0.0,0.0,0.0,0.0,0.0,0,0.0,,,5,Clinic,Government/Council,False,False,True
910.0,20.0,Manicaland,Makoni,32.3062210083,-18.20478,0.0,1998.0,Bamba,6,0.0,Rural Health Centre,0.0,0.0,0.0,0.0,0.0,0.0,0.0,0.0,0.0,0.0,0.0,0.0,0.0,0.0,0.0,0.0,0.0,0.0,0.0,0.0,0.0,0.0,0.0,0.0,0.0,0.0,0.0,0,0.0,,,6,Rural Health Centre,Government,False,False,True
911.0,44.0,Manicaland,Makoni,32.3889389038,-18.22244,0.0,1998.0,Bingaguru,5,0.0,Clinic,0.0,0.0,0.0,0.0,0.0,0.0,0.0,0.0,0.0,0.0,0.0,0.0,0.0,0.0,0.0,0.0,0.0,0.0,0.0,0.0,0.0,0.0,0.0,0.0,0.0,0.0,0.0,0,0.0,,Clinic,5,Clinic,Government/Council,False,False,True
912.0,115.0,Manicaland,Makoni,31.9347496033,-18.82058,0.0,1998.0,Chiduku,5,0.0,Clinic,0.0,0.0,0.0,0.0,0.0,0.0,0.0,0.0,0.0,0.0,0.0,0.0,0.0,0.0,0.0,0.0,0.0,0.0,0.0,0.0,0.0,0.0,0.0,0.0,0.0,0.0,0.0,0,0.0,,Clinic,5,Clinic,Government/Council,False,False,True
913.0,126.0,Manicaland,Makoni,32.1567192078,-18.90203,0.0,1998.0,Chikobvore,6,0.0,Rural Health Centre,0.0,0.0,0.0,0.0,0.0,0.0,0.0,0.0,0.0,0.0,0.0,0.0,0.0,0.0,0.0,0.0,0.0,0.0,0.0,0.0,0.0,0.0,0.0,0.0,0.0,0.0,0.0,0,0.0,,,6,Rural Health Centre,Government,False,False,True
914.0,130.0,Manicaland,Makoni,32.5070304871,-17.72186,0.0,1998.0,Chikore,5,0.0,Clinic,0.0,0.0,0.0,0.0,0.0,0.0,0.0,0.0,0.0,0.0,0.0,0.0,0.0,0.0,0.0,0.0,0.0,0.0,0.0,0.0,0.0,0.0,0.0,0.0,0.0,0.0,0.0,0,0.0,,Clinic,5,Clinic,Government/Council,False,False,True
915.0,159.0,Manicaland,Makoni,32.5024681091,-18.03619,0.0,1998.0,Chinhenga,6,0.0,Rural Health Centre,0.0,0.0,0.0,0.0,0.0,0.0,0.0,0.0,0.0,0.0,0.0,0.0,0.0,0.0,0.0,0.0,0.0,0.0,0.0,0.0,0.0,0.0,0.0,0.0,0.0,0.0,0.0,0,0.0,,,6,Rural Health Centre,Government,False,False,True
916.0,164.0,Manicaland,Makoni,32.022441864,-18.67194,0.0,1998.0,Chinyadza,5,0.0,Clinic,0.0,0.0,0.0,0.0,0.0,0.0,0.0,0.0,0.0,0.0,0.0,0.0,0.0,0.0,0.0,0.0,0.0,0.0,0.0,0.0,0.0,0.0,0.0,0.0,0.0,0.0,0.0,0,0.0,,Clinic,5,Clinic,Government/Council,False,False,True
917.0,168.0,Manicaland,Makoni,32.2004699707,-18.18653,0.0,1998.0,Chinyudze,4,0.0,Rural Health Centre,0.0,0.0,0.0,0.0,0.0,0.0,0.0,0.0,0.0,0.0,0.0,0.0,0.0,0.0,0.0,0.0,0.0,0.0,0.0,0.0,0.0,0.0,0.0,0.0,0.0,0.0,0.0,0,0.0,,,4,Rural Health Centre,Government,False,False,True
918.0,169.0,Manicaland,Makoni,32.2891693115,-18.14361,0.0,1998.0,Chiome,5,0.0,Clinic,0.0,0.0,0.0,0.0,0.0,0.0,0.0,0.0,0.0,0.0,0.0,0.0,0.0,0.0,0.0,0.0,0.0,0.0,0.0,0.0,0.0,0.0,0.0,0.0,0.0,0.0,0.0,0,0.0,,Clinic,5,Clinic,Government/Council,False,False,True
919.0,297.0,Manicaland,Makoni,31.802690506,-18.52369,0.0,1998.0,Dowa,5,0.0,Clinic,0.0,0.0,0.0,0.0,0.0,0.0,0.0,0.0,0.0,0.0,0.0,0.0,0.0,0.0,0.0,0.0,0.0,0.0,0.0,0.0,0.0,0.0,0.0,0.0,0.0,0.0,0.0,0,0.0,,,5,Clinic,Government/Council,False,False,True
920.0,301.0,Manicaland,Makoni,32.3853111267,-18.42167,0.0,1998.0,Dumbamwe,5,0.0,Clinic,0.0,0.0,0.0,0.0,0.0,0.0,0.0,0.0,0.0,0.0,0.0,0.0,0.0,0.0,0.0,0.0,0.0,0.0,0.0,0.0,0.0,0.0,0.0,0.0,0.0,0.0,0.0,0,0.0,,,5,Clinic,Government/Council,False,False,True
921.0,312.0,Manicaland,Makoni,32.2717208862,-18.23656,0.0,1998.0,Era Mine,7,0.0,Mine Clinic,0.0,0.0,0.0,0.0,0.0,0.0,0.0,0.0,0.0,0.0,0.0,0.0,0.0,0.0,0.0,0.0,0.0,0.0,0.0,0.0,0.0,0.0,0.0,0.0,0.0,0.0,0.0,0,0.0,,,7,Mine Clinic,Private,True,False,False
922.0,359.0,Manicaland,Makoni,32.3340606689,-18.08644,0.0,1998.0,Gowakowa,6,0.0,Rural Health Centre,0.0,0.0,0.0,0.0,0.0,0.0,0.0,0.0,0.0,0.0,0.0,0.0,0.0,0.0,0.0,0.0,0.0,0.0,0.0,0.0,0.0,0.0,0.0,0.0,0.0,0.0,0.0,0,0.0,,,6,Rural Health Centre,Government,False,False,True
923.0,403.0,Manicaland,Makoni,32.0398902893,-18.28597,0.0,1998.0,Headlands,5,0.0,Clinic,0.0,0.0,0.0,0.0,0.0,0.0,0.0,0.0,0.0,0.0,0.0,0.0,0.0,0.0,0.0,0.0,0.0,0.0,0.0,0.0,0.0,0.0,0.0,0.0,0.0,0.0,0.0,0,0.0,,,5,Clinic,Government/Council,False,False,True
924.0,437.0,Manicaland,Makoni,32.2548904419,-18.22197,0.0,1998.0,Inyati,5,0.0,Clinic,0.0,0.0,0.0,0.0,0.0,0.0,0.0,0.0,0.0,0.0,0.0,0.0,0.0,0.0,0.0,0.0,0.0,0.0,0.0,0.0,0.0,0.0,0.0,0.0,0.0,0.0,0.0,0,0.0,,,5,Clinic,Government/Council,False,False,True
925.0,495.0,Manicaland,Makoni,32.0034713745,-18.72456,0.0,1998.0,Katsenga,6,0.0,Rural Health Centre,0.0,0.0,0.0,0.0,0.0,0.0,0.0,0.0,0.0,0.0,0.0,0.0,0.0,0.0,0.0,0.0,0.0,0.0,0.0,0.0,0.0,0.0,0.0,0.0,0.0,0.0,0.0,0,0.0,,,6,Rural Health Centre,Government,False,False,True
926.0,576.0,Manicaland,Makoni,32.3887786865,-18.61997,0.0,1998.0,Makoni,4,0.0,Rural Hospital,0.0,0.0,0.0,0.0,0.0,0.0,0.0,0.0,0.0,0.0,0.0,0.0,0.0,0.0,0.0,0.0,0.0,0.0,0.0,0.0,0.0,0.0,0.0,0.0,0.0,0.0,0.0,0,0.0,,,4,Rural Hospital,Government,False,False,True
927.0,601.0,Manicaland,Makoni,32.4051094055,-18.00294,0.0,1998.0,Maparura,6,0.0,Rural Health Centre,0.0,0.0,0.0,0.0,0.0,0.0,0.0,0.0,0.0,0.0,0.0,0.0,0.0,0.0,0.0,0.0,0.0,0.0,0.0,0.0,0.0,0.0,0.0,0.0,0.0,0.0,0.0,0,0.0,,,6,Rural Health Centre,Government,False,False,True
928.0,1175.0,Manicaland,Makoni,32.1519699097,-18.04158,0.0,1998.0,Weya,4,0.0,Rural Hospital,0.0,0.0,0.0,0.0,0.0,0.0,0.0,0.0,0.0,0.0,0.0,0.0,0.0,0.0,0.0,0.0,0.0,0.0,0.0,0.0,0.0,0.0,0.0,0.0,0.0,0.0,0.0,0,0.0,,,4,Rural Hospital,Government,False,False,True
929.0,1178.0,Manicaland,Makoni,31.9678096771,-18.24033,0.0,1998.0,Zambara,5,0.0,Clinic,0.0,0.0,0.0,0.0,0.0,0.0,0.0,0.0,0.0,0.0,0.0,0.0,0.0,0.0,0.0,0.0,0.0,0.0,0.0,0.0,0.0,0.0,0.0,0.0,0.0,0.0,0.0,0,0.0,,,5,Clinic,Government/Council,False,False,True
930.0,635.0,Manicaland,Makoni,31.8569393158,-18.70275,0.0,1998.0,Masvosva,6,0.0,Rural Health Centre,0.0,0.0,0.0,0.0,0.0,0.0,0.0,0.0,0.0,0.0,0.0,0.0,0.0,0.0,0.0,0.0,0.0,0.0,0.0,0.0,0.0,0.0,0.0,0.0,0.0,0.0,0.0,0,0.0,,,6,Rural Health Centre,Government,False,False,True
931.0,650.0,Manicaland,Makoni,32.3669204712,-18.52292,0.0,1998.0,Matotwe,5,0.0,Clinic,0.0,0.0,0.0,0.0,0.0,0.0,0.0,0.0,0.0,0.0,0.0,0.0,0.0,0.0,0.0,0.0,0.0,0.0,0.0,0.0,0.0,0.0,0.0,0.0,0.0,0.0,0.0,0,0.0,,,5,Clinic,Government/Council,False,False,True
932.0,651.0,Manicaland,Makoni,31.9526691437,-18.70075,0.0,1998.0,Matsika,5,0.0,Clinic,0.0,0.0,0.0,0.0,0.0,0.0,0.0,0.0,0.0,0.0,0.0,0.0,0.0,0.0,0.0,0.0,0.0,0.0,0.0,0.0,0.0,0.0,0.0,0.0,0.0,0.0,0.0,0,0.0,,,5,Clinic,Government/Council,False,False,True
933.0,653.0,Manicaland,Makoni,32.3371086121,-18.67436,0.0,1998.0,Maurice Nyagumbo,5,0.0,Clinic,0.0,0.0,0.0,0.0,0.0,0.0,0.0,0.0,0.0,0.0,0.0,0.0,0.0,0.0,0.0,0.0,0.0,0.0,0.0,0.0,0.0,0.0,0.0,0.0,0.0,0.0,0.0,0,0.0,,,5,Clinic,Government/Council,False,False,True
934.0,655.0,Manicaland,Makoni,32.1561393738,-18.74053,0.0,1998.0,Mavhudzi,5,0.0,Clinic,0.0,0.0,0.0,0.0,0.0,0.0,0.0,0.0,0.0,0.0,0.0,0.0,0.0,0.0,0.0,0.0,0.0,0.0,0.0,0.0,0.0,0.0,0.0,0.0,0.0,0.0,0.0,0,0.0,,,5,Clinic,Government/Council,False,False,True
935.0,658.0,Manicaland,Makoni,32.2733612061,-17.87047,0.0,1998.0,Mayo1,6,0.0,Rural Health Centre,0.0,0.0,0.0,0.0,0.0,0.0,0.0,0.0,0.0,0.0,0.0,0.0,0.0,0.0,0.0,0.0,0.0,0.0,0.0,0.0,0.0,0.0,0.0,0.0,0.0,0.0,0.0,0,0.0,,,6,Rural Health Centre,Government,False,False,True
936.0,659.0,Manicaland,Makoni,32.3517189026,-17.78494,0.0,1998.0,Mayo2,6,0.0,Rural Health Centre,0.0,0.0,0.0,0.0,0.0,0.0,0.0,0.0,0.0,0.0,0.0,0.0,0.0,0.0,0.0,0.0,0.0,0.0,0.0,0.0,0.0,0.0,0.0,0.0,0.0,0.0,0.0,0,0.0,,,6,Rural Health Centre,Government,False,False,True
937.0,720.0,Manicaland,Makoni,31.9343605042,-18.53472,0.0,1998.0,Mubvurungwa,5,0.0,Clinic,0.0,0.0,0.0,0.0,0.0,0.0,0.0,0.0,0.0,0.0,0.0,0.0,0.0,0.0,0.0,0.0,0.0,0.0,0.0,0.0,0.0,0.0,0.0,0.0,0.0,0.0,0.0,0,0.0,,,5,Clinic,Government/Council,False,False,True
938.0,729.0,Manicaland,Makoni,32.0027198792,-18.86703,0.0,1998.0,Mukamba,5,0.0,Clinic,0.0,0.0,0.0,0.0,0.0,0.0,0.0,0.0,0.0,0.0,0.0,0.0,0.0,0.0,0.0,0.0,0.0,0.0,0.0,0.0,0.0,0.0,0.0,0.0,0.0,0.0,0.0,0,0.0,,,5,Clinic,Government/Council,False,False,True
939.0,740.0,Manicaland,Makoni,32.2184715271,-18.50592,0.0,1998.0,Mukuwapasi,5,0.0,Clinic,0.0,0.0,0.0,0.0,0.0,0.0,0.0,0.0,0.0,0.0,0.0,0.0,0.0,0.0,0.0,0.0,0.0,0.0,0.0,0.0,0.0,0.0,0.0,0.0,0.0,0.0,0.0,0,0.0,,,5,Clinic,Government/Council,False,False,True
940.0,824.0,Manicaland,Makoni,31.8749198914,-18.55028,0.0,1998.0,Nedevedzo,4,0.0,Rural Hospital,0.0,0.0,0.0,0.0,0.0,0.0,0.0,0.0,0.0,0.0,0.0,0.0,0.0,0.0,0.0,0.0,0.0,0.0,0.0,0.0,0.0,0.0,0.0,0.0,0.0,0.0,0.0,0,0.0,,,4,Rural Hospital,Government,False,False,True
941.0,879.0,Manicaland,Makoni,32.4030303955,-17.93886,0.0,1998.0,Nyahowe,6,0.0,Rural Health Centre,0.0,0.0,0.0,0.0,0.0,0.0,0.0,0.0,0.0,0.0,0.0,0.0,0.0,0.0,0.0,0.0,0.0,0.0,0.0,0.0,0.0,0.0,0.0,0.0,0.0,0.0,0.0,0,0.0,,,6,Rural Health Centre,Government,False,False,True
942.0,881.0,Manicaland,Makoni,32.3223114014,-18.46983,0.0,1998.0,Nyahukwe,6,0.0,Rural Health Centre,0.0,0.0,0.0,0.0,0.0,0.0,0.0,0.0,0.0,0.0,0.0,0.0,0.0,0.0,0.0,0.0,0.0,0.0,0.0,0.0,0.0,0.0,0.0,0.0,0.0,0.0,0.0,0,0.0,,,6,Rural Health Centre,Government,False,False,True
943.0,903.0,Manicaland,Makoni,32.0872192383,-18.93989,0.0,1998.0,Nyamidzi,5,0.0,Clinic,0.0,0.0,0.0,0.0,0.0,0.0,0.0,0.0,0.0,0.0,0.0,0.0,0.0,0.0,0.0,0.0,0.0,0.0,0.0,0.0,0.0,0.0,0.0,0.0,0.0,0.0,0.0,0,0.0,,,5,Clinic,Government/Council,False,False,True
944.0,906.0,Manicaland,Makoni,32.1720314026,-18.09111,0.0,1998.0,Nyamukamani,6,0.0,Rural Health Centre,0.0,0.0,0.0,0.0,0.0,0.0,0.0,0.0,0.0,0.0,0.0,0.0,0.0,0.0,0.0,0.0,0.0,0.0,0.0,0.0,0.0,0.0,0.0,0.0,0.0,0.0,0.0,0,0.0,,,6,Rural Health Centre,Government,False,False,True
945.0,928.0,Manicaland,Makoni,32.1713905334,-18.72089,0.0,1998.0,Nyazura,5,0.0,Clinic,0.0,0.0,0.0,0.0,0.0,0.0,0.0,0.0,0.0,0.0,0.0,0.0,0.0,0.0,0.0,0.0,0.0,0.0,0.0,0.0,0.0,0.0,0.0,0.0,0.0,0.0,0.0,0,0.0,,,5,Clinic,Government/Council,False,False,True
946.0,929.0,Manicaland,Makoni,32.224609375,-18.75678,0.0,1998.0,Nyazura,3,0.0,Mission Clinic,0.0,0.0,0.0,0.0,0.0,0.0,0.0,0.0,0.0,0.0,0.0,0.0,0.0,0.0,0.0,0.0,0.0,0.0,0.0,0.0,0.0,0.0,0.0,0.0,0.0,0.0,0.0,0,0.0,,,3,Mission Clinic,Mission/Church,False,False,True
947.0,976.0,Manicaland,Makoni,32.4386100769,-18.55803,0.0,1998.0,Ringanayi,5,0.0,Clinic,0.0,0.0,0.0,0.0,0.0,0.0,0.0,0.0,0.0,0.0,0.0,0.0,0.0,0.0,0.0,0.0,0.0,0.0,0.0,0.0,0.0,0.0,0.0,0.0,0.0,0.0,0.0,0,0.0,,Clinic,5,Clinic,Government/Council,False,False,True
948.0,987.0,Manicaland,Makoni,32.0837783813,-18.8045,0.0,1998.0,Rukweza,5,0.0,Clinic,0.0,0.0,0.0,0.0,0.0,0.0,0.0,0.0,0.0,0.0,0.0,0.0,0.0,0.0,0.0,0.0,0.0,0.0,0.0,0.0,0.0,0.0,0.0,0.0,0.0,0.0,0.0,0,0.0,,Clinic,5,Clinic,Government/Council,False,False,True
949.0,991.0,Manicaland,Makoni,32.1363601685,-18.53892,0.0,1998.0,Rusape,2,0.0,District Hospital,0.0,0.0,0.0,0.0,0.0,0.0,0.0,0.0,0.0,0.0,0.0,0.0,0.0,0.0,0.0,0.0,0.0,0.0,0.0,0.0,0.0,0.0,0.0,0.0,0.0,0.0,0.0,0,0.0,,,2,District Hospital,Government,False,False,True
950.0,1089.0,Manicaland,Makoni,32.4504203796,-17.90319,0.0,1998.0,St Micheals,3,0.0,Mission Hospital,0.0,0.0,0.0,0.0,0.0,0.0,0.0,0.0,0.0,0.0,0.0,0.0,0.0,0.0,0.0,0.0,0.0,0.0,0.0,0.0,0.0,0.0,0.0,0.0,0.0,0.0,0.0,0,0.0,,,3,Mission Hospital,Mission/Church,False,False,True
951.0,1093.0,Manicaland,Makoni,31.9191894531,-18.58714,0.0,1998.0,St Theresa,3,0.0,Mission Hospital,0.0,0.0,0.0,0.0,0.0,0.0,0.0,0.0,0.0,0.0,0.0,0.0,0.0,0.0,0.0,0.0,0.0,0.0,0.0,0.0,0.0,0.0,0.0,0.0,0.0,0.0,0.0,0,0.0,,,3,Mission Hospital,Mission/Church,False,False,True
952.0,1118.0,Manicaland,Makoni,32.0208892822,-18.56839,0.0,1998.0,Tandi,5,0.0,Clinic,0.0,0.0,0.0,0.0,0.0,0.0,0.0,0.0,0.0,0.0,0.0,0.0,0.0,0.0,0.0,0.0,0.0,0.0,0.0,0.0,0.0,0.0,0.0,0.0,0.0,0.0,0.0,0,0.0,,,5,Clinic,Government/Council,False,False,True
953.0,1120.0,Manicaland,Makoni,32.0839385986,-18.73558,0.0,1998.0,Tariro,5,0.0,Clinic,0.0,0.0,0.0,0.0,0.0,0.0,0.0,0.0,0.0,0.0,0.0,0.0,0.0,0.0,0.0,0.0,0.0,0.0,0.0,0.0,0.0,0.0,0.0,0.0,0.0,0.0,0.0,0,0.0,,,5,Clinic,Government/Council,False,False,True
954.0,1138.0,Manicaland,Makoni,32.1067810059,-18.61947,0.0,1998.0,Tsanzaguru,5,0.0,Clinic,0.0,0.0,0.0,0.0,0.0,0.0,0.0,0.0,0.0,0.0,0.0,0.0,0.0,0.0,0.0,0.0,0.0,0.0,0.0,0.0,0.0,0.0,0.0,0.0,0.0,0.0,0.0,0,0.0,,,5,Clinic,Government/Council,False,False,True
955.0,1153.0,Manicaland,Makoni,32.1187782288,-18.55675,0.0,1998.0,Vengere,5,0.0,Clinic,0.0,0.0,0.0,0.0,0.0,0.0,0.0,0.0,0.0,0.0,0.0,0.0,0.0,0.0,0.0,0.0,0.0,0.0,0.0,0.0,0.0,0.0,0.0,0.0,0.0,0.0,0.0,0,0.0,,,5,Clinic,Government/Council,False,False,True
956.0,1425.0,Manicaland,Makoni,32.23431,-18.67112,0.0,2007.0,Gorubi Springs,6,2005.0,Rural Health Centre,0.0,0.0,1.0,0.0,0.0,0.0,0.0,4.0,2.0,2.0,3000.0,31.0,0.0,0.0,0.0,1.0,1.0,0.0,0.0,0.0,1.0,1.0,0.0,1.0,0.0,1.0,0.0,0,0.0,,,6,Rural Health Centre,Government,False,False,True
957.0,1428.0,Manicaland,Makoni,32.14423,-18.72616,0.0,2007.0,Mavhudzi,5,1986.0,Clinic,0.0,1.0,0.0,0.0,0.0,0.0,0.0,2.0,0.0,2.0,2000.0,26.0,0.0,1.0,1.0,0.0,1.0,0.0,0.0,1.0,0.0,0.0,0.0,1.0,0.0,1.0,0.0,1,0.0,,,5,Clinic,Government/Council,False,False,True
958.0,1436.0,Manicaland,Makoni,32.26243,-18.00061,0.0,2007.0,Nyamusosa,5,1998.0,Clinic,0.0,0.0,1.0,0.0,0.0,0.0,0.0,0.0,0.0,0.0,7662.0,70.0,0.0,0.0,0.0,1.0,0.0,0.0,25.0,0.0,1.0,1.0,0.0,1.0,0.0,1.0,1.0,1,0.0,,Clinic,5,Clinic,Government/Council,False,False,True
959.0,0.0,Matebeleland South,Mangwe,28.332,-21.1696,0.0,2013.0,St. Annes,0,0.0,Mission Hospital,0.0,0.0,0.0,0.0,0.0,0.0,0.0,0.0,0.0,0.0,0.0,0.0,0.0,0.0,0.0,0.0,0.0,0.0,0.0,0.0,0.0,0.0,0.0,0.0,0.0,0.0,0.0,0,0.0,,,0,Mission Hospital,Unspecified,False,False,True
960.0,0.0,Matebeleland South,Mangwe,27.8103,-20.4916,0.0,2013.0,Plumtree ZPS,0,0.0,Prison Clinic,0.0,0.0,0.0,0.0,0.0,0.0,0.0,0.0,0.0,0.0,0.0,0.0,0.0,0.0,0.0,0.0,0.0,0.0,0.0,0.0,0.0,0.0,0.0,0.0,0.0,0.0,0.0,0,0.0,,,0,Prison Clinic,Unspecified,False,False,True
961.0,27.0,Matebeleland South,Maphisa,28.3350601196,-20.60611,0.0,1998.0,Bazha,5,0.0,Clinic,0.0,0.0,0.0,0.0,0.0,0.0,0.0,0.0,0.0,0.0,0.0,0.0,0.0,0.0,0.0,0.0,0.0,0.0,0.0,0.0,0.0,0.0,0.0,0.0,0.0,0.0,0.0,0,0.0,,Clinic,5,Clinic,Government/Council,False,False,True
962.0,36.0,Matebeleland South,Maphisa,28.4061393738,-21.48506,0.0,1998.0,Beula,6,0.0,Rural Health Centre,0.0,0.0,0.0,0.0,0.0,0.0,0.0,0.0,0.0,0.0,0.0,0.0,0.0,0.0,0.0,0.0,0.0,0.0,0.0,0.0,0.0,0.0,0.0,0.0,0.0,0.0,0.0,0,0.0,,,6,Rural Health Centre,Government,False,False,True
963.0,364.0,Matebeleland South,Maphisa,28.5902194977,-20.45719,0.0,1998.0,Gulati,6,0.0,Rural Health Centre,0.0,0.0,0.0,0.0,0.0,0.0,0.0,0.0,0.0,0.0,0.0,0.0,0.0,0.0,0.0,0.0,0.0,0.0,0.0,0.0,0.0,0.0,0.0,0.0,0.0,0.0,0.0,0,0.0,,,6,Rural Health Centre,Government,False,False,True
964.0,413.0,Matebeleland South,Maphisa,28.5538597107,-21.25589,0.0,1998.0,Homestead,6,0.0,Rural Health Centre,0.0,0.0,0.0,0.0,0.0,0.0,0.0,0.0,0.0,0.0,0.0,0.0,0.0,0.0,0.0,0.0,0.0,0.0,0.0,0.0,0.0,0.0,0.0,0.0,0.0,0.0,0.0,0,0.0,,,6,Rural Health Centre,Government,False,False,True
965.0,500.0,Matebeleland South,Maphisa,28.4580307007,-20.91947,0.0,1998.0,Kezi,4,0.0,Rural Hospital,0.0,0.0,0.0,0.0,0.0,0.0,0.0,0.0,0.0,0.0,0.0,0.0,0.0,0.0,0.0,0.0,0.0,0.0,0.0,0.0,0.0,0.0,0.0,0.0,0.0,0.0,0.0,0,0.0,,,4,Rural Hospital,Government,False,False,True
966.0,602.0,Matebeleland South,Maphisa,28.4743595123,-21.07378,0.0,1998.0,Maphisa,2,0.0,District Hospital,0.0,0.0,0.0,0.0,0.0,0.0,0.0,0.0,0.0,0.0,0.0,0.0,0.0,0.0,0.0,0.0,0.0,0.0,0.0,0.0,0.0,0.0,0.0,0.0,0.0,0.0,0.0,0,0.0,,,2,District Hospital,Government,False,False,True
967.0,647.0,Matebeleland South,Maphisa,28.720249176,-20.46828,0.0,1998.0,Matobo,3,0.0,Mission Clinic,0.0,0.0,0.0,0.0,0.0,0.0,0.0,0.0,0.0,0.0,0.0,0.0,0.0,0.0,0.0,0.0,0.0,0.0,0.0,0.0,0.0,0.0,0.0,0.0,0.0,0.0,0.0,0,0.0,,,3,Mission Clinic,Mission/Church,False,False,True
968.0,648.0,Matebeleland South,Maphisa,28.487859726,-20.41767,0.0,1998.0,Matobo Rural,6,0.0,Rural Hospital,0.0,0.0,0.0,0.0,0.0,0.0,0.0,0.0,0.0,0.0,0.0,0.0,0.0,0.0,0.0,0.0,0.0,0.0,0.0,0.0,0.0,0.0,0.0,0.0,0.0,0.0,0.0,0,0.0,,,6,Rural Hospital,Government,False,False,True
969.0,672.0,Matebeleland South,Maphisa,28.2531394958,-21.03622,0.0,1998.0,Mbembeswana,6,0.0,Rural Health Centre,0.0,0.0,0.0,0.0,0.0,0.0,0.0,0.0,0.0,0.0,0.0,0.0,0.0,0.0,0.0,0.0,0.0,0.0,0.0,0.0,0.0,0.0,0.0,0.0,0.0,0.0,0.0,0,0.0,,,6,Rural Health Centre,Government,False,False,True
970.0,689.0,Matebeleland South,Maphisa,28.4579696655,-21.06789,0.0,1998.0,Minda Sec,5,0.0,Clinic,0.0,0.0,0.0,0.0,0.0,0.0,0.0,0.0,0.0,0.0,0.0,0.0,0.0,0.0,0.0,0.0,0.0,0.0,0.0,0.0,0.0,0.0,0.0,0.0,0.0,0.0,0.0,0,0.0,,,5,Clinic,Government/Council,False,False,True
971.0,819.0,Matebeleland South,Maphisa,28.505279541,-20.69019,0.0,1998.0,Natisa,6,0.0,Rural Health Centre,0.0,0.0,0.0,0.0,0.0,0.0,0.0,0.0,0.0,0.0,0.0,0.0,0.0,0.0,0.0,0.0,0.0,0.0,0.0,0.0,0.0,0.0,0.0,0.0,0.0,0.0,0.0,0,0.0,,,6,Rural Health Centre,Government,False,False,True
972.0,1024.0,Matebeleland South,Maphisa,28.7002792358,-21.40547,0.0,1998.0,Sankonjana,6,0.0,Rural Health Centre,0.0,0.0,0.0,0.0,0.0,0.0,0.0,0.0,0.0,0.0,0.0,0.0,0.0,0.0,0.0,0.0,0.0,0.0,0.0,0.0,0.0,0.0,0.0,0.0,0.0,0.0,0.0,0,0.0,,,6,Rural Health Centre,Government,False,False,True
973.0,1094.0,Matebeleland South,Maphisa,28.2739200592,-21.25297,0.0,1998.0,St. Joseph's,4,0.0,Rural Hospital,0.0,0.0,0.0,0.0,0.0,0.0,0.0,0.0,0.0,0.0,0.0,0.0,0.0,0.0,0.0,0.0,0.0,0.0,0.0,0.0,0.0,0.0,0.0,0.0,0.0,0.0,0.0,0,0.0,,,4,Rural Hospital,Government,False,False,True
974.0,1139.0,Matebeleland South,Maphisa,28.48802948,-21.35383,0.0,1998.0,Tshelanyemba,3,0.0,Mission Hospital,0.0,0.0,0.0,0.0,0.0,0.0,0.0,0.0,0.0,0.0,0.0,0.0,0.0,0.0,0.0,0.0,0.0,0.0,0.0,0.0,0.0,0.0,0.0,0.0,0.0,0.0,0.0,0,0.0,,,3,Mission Hospital,Mission/Church,False,False,True
975.0,51.0,Mashonaland East,Marondera,31.3405609131,-18.23686,0.0,1998.0,Border Church,6,0.0,Rural Health Centre,0.0,0.0,0.0,0.0,0.0,0.0,0.0,0.0,0.0,0.0,0.0,0.0,0.0,0.0,0.0,0.0,0.0,0.0,0.0,0.0,0.0,0.0,0.0,0.0,0.0,0.0,0.0,0,0.0,,,6,Rural Health Centre,Government,False,False,True
976.0,53.0,Mashonaland East,Marondera,31.5414390564,-18.18464,0.0,1998.0,Borrandile,7,0.0,Private Hospital,0.0,0.0,0.0,0.0,0.0,0.0,0.0,0.0,0.0,0.0,0.0,0.0,0.0,0.0,0.0,0.0,0.0,0.0,0.0,0.0,0.0,0.0,0.0,0.0,0.0,0.0,0.0,0,0.0,,,7,Private Hospital,Private,True,False,False
977.0,145.0,Mashonaland East,Marondera,31.1501903534,-18.40128,0.0,1998.0,Chimbwanda,4,0.0,Rural Health Centre,0.0,0.0,0.0,0.0,0.0,0.0,0.0,0.0,0.0,0.0,0.0,0.0,0.0,0.0,0.0,0.0,0.0,0.0,0.0,0.0,0.0,0.0,0.0,0.0,0.0,0.0,0.0,0,0.0,,,4,Rural Health Centre,Government,False,False,True
978.0,170.0,Mashonaland East,Marondera,31.2404994965,-18.32094,0.0,1998.0,Chiota,4,0.0,Rural Hospital,0.0,0.0,0.0,0.0,0.0,0.0,0.0,0.0,0.0,0.0,0.0,0.0,0.0,0.0,0.0,0.0,0.0,0.0,0.0,0.0,0.0,0.0,0.0,0.0,0.0,0.0,0.0,0,0.0,,,4,Rural Hospital,Government,False,False,True
979.0,173.0,Mashonaland East,Marondera,31.6398296356,-18.00653,0.0,1998.0,Chiparawe,5,0.0,Clinic,0.0,0.0,0.0,0.0,0.0,0.0,0.0,0.0,0.0,0.0,0.0,0.0,0.0,0.0,0.0,0.0,0.0,0.0,0.0,0.0,0.0,0.0,0.0,0.0,0.0,0.0,0.0,0,0.0,,Clinic,5,Clinic,Government/Council,False,False,True
980.0,277.0,Mashonaland East,Marondera,31.7893600464,-18.38519,0.0,1998.0,Dimbiti,6,0.0,Rural Health Centre,0.0,0.0,0.0,0.0,0.0,0.0,0.0,0.0,0.0,0.0,0.0,0.0,0.0,0.0,0.0,0.0,0.0,0.0,0.0,0.0,0.0,0.0,0.0,0.0,0.0,0.0,0.0,0,0.0,,,6,Rural Health Centre,Government,False,False,True
981.0,287.0,Mashonaland East,Marondera,31.5670604706,-18.18722,0.0,1998.0,Dombotombo,5,0.0,Clinic,0.0,0.0,0.0,0.0,0.0,0.0,0.0,0.0,0.0,0.0,0.0,0.0,0.0,0.0,0.0,0.0,0.0,0.0,0.0,0.0,0.0,0.0,0.0,0.0,0.0,0.0,0.0,0,0.0,,,5,Clinic,Government/Council,False,False,True
982.0,361.0,Mashonaland East,Marondera,31.5050296783,-18.18478,0.0,1998.0,Grasslands,5,0.0,Clinic,0.0,0.0,0.0,0.0,0.0,0.0,0.0,0.0,0.0,0.0,0.0,0.0,0.0,0.0,0.0,0.0,0.0,0.0,0.0,0.0,0.0,0.0,0.0,0.0,0.0,0.0,0.0,0,0.0,,,5,Clinic,Government/Council,False,False,True
983.0,427.0,Mashonaland East,Marondera,31.6241092682,-18.46728,0.0,1998.0,Igava,5,0.0,Clinic,0.0,0.0,0.0,0.0,0.0,0.0,0.0,0.0,0.0,0.0,0.0,0.0,0.0,0.0,0.0,0.0,0.0,0.0,0.0,0.0,0.0,0.0,0.0,0.0,0.0,0.0,0.0,0,0.0,,,5,Clinic,Government/Council,False,False,True
984.0,607.0,Mashonaland East,Marondera,31.5345001221,-18.20553,0.0,1998.0,Marondera (PH),1,0.0,Provincial Hospital,0.0,0.0,0.0,0.0,0.0,0.0,0.0,0.0,0.0,0.0,0.0,0.0,0.0,0.0,0.0,0.0,0.0,0.0,0.0,0.0,0.0,0.0,0.0,0.0,0.0,0.0,0.0,0,0.0,,,1,Provincial Hospital,Government,False,False,True
985.0,1174.0,Mashonaland East,Marondera,31.7903900146,-18.23633,0.0,1998.0,Wenimbe,6,0.0,Rural Health Centre,0.0,0.0,0.0,0.0,0.0,0.0,0.0,0.0,0.0,0.0,0.0,0.0,0.0,0.0,0.0,0.0,0.0,0.0,0.0,0.0,0.0,0.0,0.0,0.0,0.0,0.0,0.0,0,0.0,,,6,Rural Health Centre,Government,False,False,True
986.0,626.0,Mashonaland East,Marondera,31.6866092682,-18.35392,0.0,1998.0,Masikana,5,0.0,Clinic,0.0,0.0,0.0,0.0,0.0,0.0,0.0,0.0,0.0,0.0,0.0,0.0,0.0,0.0,0.0,0.0,0.0,0.0,0.0,0.0,0.0,0.0,0.0,0.0,0.0,0.0,0.0,0,0.0,,,5,Clinic,Government/Council,False,False,True
987.0,726.0,Mashonaland East,Marondera,31.0900592804,-18.28439,0.0,1998.0,Mudzimuirema,6,0.0,Rural Health Centre,0.0,0.0,0.0,0.0,0.0,0.0,0.0,0.0,0.0,0.0,0.0,0.0,0.0,0.0,0.0,0.0,0.0,0.0,0.0,0.0,0.0,0.0,0.0,0.0,0.0,0.0,0.0,0,0.0,,,6,Rural Health Centre,Government,False,False,True
988.0,898.0,Mashonaland East,Marondera,31.5414390564,-18.20611,0.0,1998.0,Nyameni,5,0.0,Clinic,0.0,0.0,0.0,0.0,0.0,0.0,0.0,0.0,0.0,0.0,0.0,0.0,0.0,0.0,0.0,0.0,0.0,0.0,0.0,0.0,0.0,0.0,0.0,0.0,0.0,0.0,0.0,0,0.0,,,5,Clinic,Government/Council,False,False,True
989.0,1478.0,Mashonaland East,Marondera,31.56606,-18.17918,0.0,2007.0,Dombotombo,5,0.0,Clinic,0.0,15.0,2.0,0.0,1.0,0.0,0.0,10.0,10.0,0.0,32801.0,3.0,0.0,1.0,1.0,0.0,1.0,0.0,0.0,1.0,0.0,0.0,0.0,1.0,1.0,0.0,1.0,0,0.0,,Clinic,5,Clinic,Government/Council,False,False,True
990.0,1479.0,Mashonaland East,Marondera,31.38554,-18.433,0.0,2007.0,Lustliegh,5,2005.0,Clinic,0.0,1.0,0.0,0.0,0.0,0.0,0.0,3.0,1.0,2.0,8621.0,45.0,0.0,0.0,1.0,0.0,1.0,0.0,0.0,1.0,0.0,0.0,0.0,1.0,1.0,0.0,0.0,1,0.0,,Clinic,5,Clinic,Government/Council,False,False,True
991.0,1480.0,Mashonaland East,Marondera,31.13047,-18.21594,0.0,2007.0,Nyembanzvere,5,2004.0,Clinic,0.0,2.0,1.0,0.0,0.0,0.0,0.0,4.0,1.0,3.0,5000.0,25.0,0.0,0.0,1.0,0.0,1.0,0.0,0.0,1.0,1.0,0.0,0.0,1.0,1.0,0.0,0.0,1,0.0,,Clinic,5,Clinic,Government/Council,False,False,True
992.0,1481.0,Mashonaland East,Marondera,31.43256,-18.18013,0.0,2007.0,Prison,7,0.0,Clinic,0.0,5.0,5.0,0.0,0.0,0.0,0.0,1.0,1.0,0.0,1500.0,17.0,0.0,1.0,1.0,0.0,1.0,0.0,0.0,1.0,0.0,0.0,0.0,1.0,1.0,1.0,0.0,0,0.0,,Clinic,7,Clinic,Private,True,False,False
993.0,1482.0,Mashonaland East,Marondera,31.55904,-18.18789,0.0,2007.0,ZRP,5,1994.0,Clinic,0.0,3.0,2.0,0.0,1.0,0.0,0.0,0.0,0.0,0.0,5200.0,2.0,0.0,1.0,1.0,0.0,1.0,0.0,0.0,1.0,0.0,0.0,0.0,1.0,1.0,0.0,0.0,0,0.0,,Clinic,5,Clinic,"Excluded - restricted access (prison/police, not public)",False,False,False
994.0,0.0,Mashonaland East,Marondera,31.6699,-18.1544,0.0,2013.0,Kushinga Phikelela,,0.0,Clinic,0.0,1.0,0.0,3.0,0.0,0.0,0.0,0.0,2.0,0.0,9418.0,15.0,0.0,0.0,1.0,0.0,1.0,0.0,0.0,1.0,1.0,0.0,0.0,1.0,0.0,1.0,1.0,0,0.0,,,,Clinic,Unspecified,False,False,True
995.0,0.0,Mashonaland East,Marondera,31.5907,-18.1566,0.0,2013.0,Marondera ,,0.0,Rural Clinic,0.0,0.0,0.0,0.0,0.0,0.0,0.0,0.0,0.0,0.0,0.0,0.0,0.0,0.0,0.0,0.0,0.0,0.0,0.0,0.0,0.0,0.0,0.0,0.0,0.0,0.0,0.0,0,0.0,,,,Rural Clinic,Unspecified,False,False,True
996.0,0.0,Mashonaland East,Marondera,31.6062,-18.1825,0.0,2013.0,Rakodzi ,,0.0,Clinic,0.0,1.0,1.0,0.0,0.0,0.0,0.0,2.0,0.0,0.0,3000.0,10.0,1.0,0.0,1.0,0.0,1.0,0.0,0.0,1.0,1.0,0.0,0.0,1.0,0.0,1.0,1.0,1,0.0,,,,Clinic,Unspecified,False,False,True
997.0,0.0,Mashonaland East,Marondera,31.5133,-18.3724,0.0,2013.0,Ridigita ,,2003.0,Poly Clinic,0.0,2.0,1.0,0.0,0.0,1.0,0.0,2.0,0.0,0.0,3000.0,34.0,0.0,0.0,1.0,0.0,1.0,0.0,0.0,1.0,1.0,0.0,0.0,1.0,0.0,1.0,1.0,0,0.0,,,,Poly Clinic,Unspecified,False,False,True
998.0,0.0,Mashonaland East,Marondera,31.3857,-18.2567,0.0,2013.0,Waddilove ,,0.0,Clinic,0.0,1.0,0.0,0.0,0.0,0.0,0.0,10.0,0.0,0.0,1795.0,15.0,0.0,0.0,1.0,0.0,1.0,0.0,0.0,1.0,1.0,0.0,0.0,0.0,1.0,0.0,1.0,1,0.0,,,,Clinic,Unspecified,False,False,True
999.0,5.0,Masvingo,Masvingo,30.7708892822,-19.83389,0.0,1998.0,Alvod,5,0.0,Clinic,0.0,0.0,0.0,0.0,0.0,0.0,0.0,0.0,0.0,0.0,0.0,0.0,0.0,0.0,0.0,0.0,0.0,0.0,0.0,0.0,0.0,0.0,0.0,0.0,0.0,0.0,0.0,0,0.0,,,5,Clinic,Government/Council,False,False,True
1000.0,32.0,Masvingo,Masvingo,30.4718608856,-20.03367,0.0,1998.0,Bere,5,0.0,Clinic,0.0,0.0,0.0,0.0,0.0,0.0,0.0,0.0,0.0,0.0,0.0,0.0,0.0,0.0,0.0,0.0,0.0,0.0,0.0,0.0,0.0,0.0,0.0,0.0,0.0,0.0,0.0,0,0.0,,Clinic,5,Clinic,Government/Council,False,False,True
1001.0,50.0,Masvingo,Masvingo,30.7505607605,-20.28386,0.0,1998.0,Bondolfi,4,0.0,Rural Hospital,0.0,0.0,0.0,0.0,0.0,0.0,0.0,0.0,0.0,0.0,0.0,0.0,0.0,0.0,0.0,0.0,0.0,0.0,0.0,0.0,0.0,0.0,0.0,0.0,0.0,0.0,0.0,0,0.0,,,4,Rural Hospital,Government,False,False,True
1002.0,92.0,Masvingo,Masvingo,30.8563899994,-20.29011,0.0,1998.0,Charumbira,5,0.0,Clinic,0.0,0.0,0.0,0.0,0.0,0.0,0.0,0.0,0.0,0.0,0.0,0.0,0.0,0.0,0.0,0.0,0.0,0.0,0.0,0.0,0.0,0.0,0.0,0.0,0.0,0.0,0.0,0,0.0,,Clinic,5,Clinic,Government/Council,False,False,True
1003.0,94.0,Masvingo,Masvingo,31.1541404724,-20.43461,0.0,1998.0,Chatikobo,5,0.0,Clinic,0.0,0.0,0.0,0.0,0.0,0.0,0.0,0.0,0.0,0.0,0.0,0.0,0.0,0.0,0.0,0.0,0.0,0.0,0.0,0.0,0.0,0.0,0.0,0.0,0.0,0.0,0.0,0,0.0,,Clinic,5,Clinic,Government/Council,False,False,True
1004.0,345.0,Masvingo,Masvingo,30.7745304108,-19.95453,0.0,1998.0,Gokomere,5,0.0,Clinic,0.0,0.0,0.0,0.0,0.0,0.0,0.0,0.0,0.0,0.0,0.0,0.0,0.0,0.0,0.0,0.0,0.0,0.0,0.0,0.0,0.0,0.0,0.0,0.0,0.0,0.0,0.0,0,0.0,,,5,Clinic,Government/Council,False,False,True
1005.0,369.0,Masvingo,Masvingo,30.5241699219,-19.87314,0.0,1998.0,Gundura,5,0.0,Clinic,0.0,0.0,0.0,0.0,0.0,0.0,0.0,0.0,0.0,0.0,0.0,0.0,0.0,0.0,0.0,0.0,0.0,0.0,0.0,0.0,0.0,0.0,0.0,0.0,0.0,0.0,0.0,0,0.0,,,5,Clinic,Government/Council,False,False,True
1006.0,374.0,Masvingo,Masvingo,30.9031391144,-19.77056,0.0,1998.0,Gurajena,4,0.0,Hospital,0.0,0.0,0.0,0.0,0.0,0.0,0.0,0.0,0.0,0.0,0.0,0.0,0.0,0.0,0.0,0.0,0.0,0.0,0.0,0.0,0.0,0.0,0.0,0.0,0.0,0.0,0.0,0,0.0,,,4,Hospital,Government,False,False,True
1007.0,381.0,Masvingo,Masvingo,31.0547504425,-20.62497,0.0,1998.0,Guwa,5,0.0,Clinic,0.0,0.0,0.0,0.0,0.0,0.0,0.0,0.0,0.0,0.0,0.0,0.0,0.0,0.0,0.0,0.0,0.0,0.0,0.0,0.0,0.0,0.0,0.0,0.0,0.0,0.0,0.0,0,0.0,,,5,Clinic,Government/Council,False,False,True
1008.0,522.0,Masvingo,Masvingo,30.5062198639,-20.07467,0.0,1998.0,Lennox,5,0.0,Clinic,0.0,0.0,0.0,0.0,0.0,0.0,0.0,0.0,0.0,0.0,0.0,0.0,0.0,0.0,0.0,0.0,0.0,0.0,0.0,0.0,0.0,0.0,0.0,0.0,0.0,0.0,0.0,0,0.0,,,5,Clinic,Government/Council,False,False,True
1009.0,598.0,Masvingo,Masvingo,30.8735294342,-20.40011,0.0,1998.0,Mapanzure,5,0.0,Clinic,0.0,0.0,0.0,0.0,0.0,0.0,0.0,0.0,0.0,0.0,0.0,0.0,0.0,0.0,0.0,0.0,0.0,0.0,0.0,0.0,0.0,0.0,0.0,0.0,0.0,0.0,0.0,0,0.0,,,5,Clinic,Government/Council,False,False,True
1010.0,1181.0,Masvingo,Masvingo,31.1218891144,-20.2025,0.0,1998.0,Zano,5,0.0,Clinic,0.0,0.0,0.0,0.0,0.0,0.0,0.0,0.0,0.0,0.0,0.0,0.0,0.0,0.0,0.0,0.0,0.0,0.0,0.0,0.0,0.0,0.0,0.0,0.0,0.0,0.0,0.0,0,0.0,,,5,Clinic,Government/Council,False,False,True
1011.0,1191.0,Masvingo,Masvingo,30.8543300629,-20.06789,0.0,1998.0,Zimuto,5,0.0,Clinic,0.0,0.0,0.0,0.0,0.0,0.0,0.0,0.0,0.0,0.0,0.0,0.0,0.0,0.0,0.0,0.0,0.0,0.0,0.0,0.0,0.0,0.0,0.0,0.0,0.0,0.0,0.0,0,0.0,,,5,Clinic,Government/Council,False,False,True
1012.0,1192.0,Masvingo,Masvingo,30.8551902771,-19.95311,0.0,1998.0,Zimuto,3,0.0,Mission Hospital,0.0,0.0,0.0,0.0,0.0,0.0,0.0,0.0,0.0,0.0,0.0,0.0,0.0,0.0,0.0,0.0,0.0,0.0,0.0,0.0,0.0,0.0,0.0,0.0,0.0,0.0,0.0,0,0.0,,,3,Mission Hospital,Mission/Church,False,False,True
1013.0,1193.0,Masvingo,Masvingo,30.8689193726,-19.85644,0.0,1998.0,Zimuto,5,0.0,Clinic,0.0,0.0,0.0,0.0,0.0,0.0,0.0,0.0,0.0,0.0,0.0,0.0,0.0,0.0,0.0,0.0,0.0,0.0,0.0,0.0,0.0,0.0,0.0,0.0,0.0,0.0,0.0,0,0.0,,,5,Clinic,Government/Council,False,False,True
1014.0,633.0,Masvingo,Masvingo,30.8391399384,-20.07272,0.0,1998.0,Masvingo,1,0.0,General Hospital,0.0,0.0,0.0,0.0,0.0,0.0,0.0,0.0,0.0,0.0,0.0,0.0,0.0,0.0,0.0,0.0,0.0,0.0,0.0,0.0,0.0,0.0,0.0,0.0,0.0,0.0,0.0,0,0.0,,,1,General Hospital,Government,False,False,True
1015.0,694.0,Masvingo,Masvingo,30.9350795746,-20.32372,0.0,1998.0,Mogenester,3,0.0,Mission Hospital,0.0,0.0,0.0,0.0,0.0,0.0,0.0,0.0,0.0,0.0,0.0,0.0,0.0,0.0,0.0,0.0,0.0,0.0,0.0,0.0,0.0,0.0,0.0,0.0,0.0,0.0,0.0,0,0.0,,Mission H,3,Mission Hospital,Mission/Church,False,False,True
1016.0,722.0,Masvingo,Masvingo,30.819360733,-20.08344,0.0,1998.0,Mucheke,5,0.0,Clinic,0.0,0.0,0.0,0.0,0.0,0.0,0.0,0.0,0.0,0.0,0.0,0.0,0.0,0.0,0.0,0.0,0.0,0.0,0.0,0.0,0.0,0.0,0.0,0.0,0.0,0.0,0.0,0,0.0,,,5,Clinic,Government/Council,False,False,True
1017.0,738.0,Masvingo,Masvingo,30.8897800446,-20.53867,0.0,1998.0,Mukosi,5,0.0,Clinic,0.0,0.0,0.0,0.0,0.0,0.0,0.0,0.0,0.0,0.0,0.0,0.0,0.0,0.0,0.0,0.0,0.0,0.0,0.0,0.0,0.0,0.0,0.0,0.0,0.0,0.0,0.0,0,0.0,,,5,Clinic,Government/Council,False,False,True
1018.0,762.0,Masvingo,Masvingo,31.0537796021,-20.37325,0.0,1998.0,Murinye,5,0.0,Clinic,0.0,0.0,0.0,0.0,0.0,0.0,0.0,0.0,0.0,0.0,0.0,0.0,0.0,0.0,0.0,0.0,0.0,0.0,0.0,0.0,0.0,0.0,0.0,0.0,0.0,0.0,0.0,0,0.0,,,5,Clinic,Government/Council,False,False,True
1019.0,771.0,Masvingo,Masvingo,30.7186393738,-20.20614,0.0,1998.0,Mushandike,5,0.0,Clinic,0.0,0.0,0.0,0.0,0.0,0.0,0.0,0.0,0.0,0.0,0.0,0.0,0.0,0.0,0.0,0.0,0.0,0.0,0.0,0.0,0.0,0.0,0.0,0.0,0.0,0.0,0.0,0,0.0,,,5,Clinic,Government/Council,False,False,True
1020.0,784.0,Masvingo,Masvingo,31.0702209473,-20.70494,0.0,1998.0,Musvovi,5,0.0,Clinic,0.0,0.0,0.0,0.0,0.0,0.0,0.0,0.0,0.0,0.0,0.0,0.0,0.0,0.0,0.0,0.0,0.0,0.0,0.0,0.0,0.0,0.0,0.0,0.0,0.0,0.0,0.0,0,0.0,,,5,Clinic,Government/Council,False,False,True
1021.0,831.0,Masvingo,Masvingo,30.9204406738,-20.27436,0.0,1998.0,Nemwanwa,5,0.0,Clinic,0.0,0.0,0.0,0.0,0.0,0.0,0.0,0.0,0.0,0.0,0.0,0.0,0.0,0.0,0.0,0.0,0.0,0.0,0.0,0.0,0.0,0.0,0.0,0.0,0.0,0.0,0.0,0,0.0,,,5,Clinic,Government/Council,False,False,True
1022.0,883.0,Masvingo,Masvingo,31.1673297882,-20.60147,0.0,1998.0,Nyajena,4,0.0,Rural Hospital,0.0,0.0,0.0,0.0,0.0,0.0,0.0,0.0,0.0,0.0,0.0,0.0,0.0,0.0,0.0,0.0,0.0,0.0,0.0,0.0,0.0,0.0,0.0,0.0,0.0,0.0,0.0,0,0.0,,,4,Rural Hospital,Government,False,False,True
1023.0,932.0,Masvingo,Masvingo,31.2206707001,-20.85339,0.0,1998.0,Nyikavanhu,6,0.0,Rural Health Centre,0.0,0.0,0.0,0.0,0.0,0.0,0.0,0.0,0.0,0.0,0.0,0.0,0.0,0.0,0.0,0.0,0.0,0.0,0.0,0.0,0.0,0.0,0.0,0.0,0.0,0.0,0.0,0,0.0,,,6,Rural Health Centre,Government,False,False,True
1024.0,973.0,Masvingo,Masvingo,31.1705303192,-20.63819,0.0,1998.0,Renco,7,0.0,Mine Clinic,0.0,0.0,0.0,0.0,0.0,0.0,0.0,0.0,0.0,0.0,0.0,0.0,0.0,0.0,0.0,0.0,0.0,0.0,0.0,0.0,0.0,0.0,0.0,0.0,0.0,0.0,0.0,0,0.0,,,7,Mine Clinic,Private,True,False,False
1025.0,985.0,Masvingo,Masvingo,30.837469101,-20.08433,0.0,1998.0,Rujeko,5,0.0,Clinic,0.0,0.0,0.0,0.0,0.0,0.0,0.0,0.0,0.0,0.0,0.0,0.0,0.0,0.0,0.0,0.0,0.0,0.0,0.0,0.0,0.0,0.0,0.0,0.0,0.0,0.0,0.0,0,0.0,,Clinic,5,Clinic,Government/Council,False,False,True
1026.0,986.0,Masvingo,Masvingo,31.0679206848,-20.26822,0.0,1998.0,Rukovo,5,0.0,Clinic,0.0,0.0,0.0,0.0,0.0,0.0,0.0,0.0,0.0,0.0,0.0,0.0,0.0,0.0,0.0,0.0,0.0,0.0,0.0,0.0,0.0,0.0,0.0,0.0,0.0,0.0,0.0,0,0.0,,Clinic,5,Clinic,Government/Council,False,False,True
1027.0,988.0,Masvingo,Masvingo,30.8233604431,-20.10292,0.0,1998.0,Runyararo,5,0.0,Clinic,0.0,0.0,0.0,0.0,0.0,0.0,0.0,0.0,0.0,0.0,0.0,0.0,0.0,0.0,0.0,0.0,0.0,0.0,0.0,0.0,0.0,0.0,0.0,0.0,0.0,0.0,0.0,0,0.0,,Clinic,5,Clinic,Government/Council,False,False,True
1028.0,1053.0,Masvingo,Masvingo,31.0854701996,-20.43675,0.0,1998.0,Shonganiso,5,0.0,Clinic,0.0,0.0,0.0,0.0,0.0,0.0,0.0,0.0,0.0,0.0,0.0,0.0,0.0,0.0,0.0,0.0,0.0,0.0,0.0,0.0,0.0,0.0,0.0,0.0,0.0,0.0,0.0,0,0.0,,,5,Clinic,Government/Council,False,False,True
1029.0,1055.0,Masvingo,Masvingo,30.9691905975,-20.42275,0.0,1998.0,Shumba,5,0.0,Clinic,0.0,0.0,0.0,0.0,0.0,0.0,0.0,0.0,0.0,0.0,0.0,0.0,0.0,0.0,0.0,0.0,0.0,0.0,0.0,0.0,0.0,0.0,0.0,0.0,0.0,0.0,0.0,0,0.0,,,5,Clinic,Government/Council,False,False,True
1030.0,1105.0,Masvingo,Masvingo,30.7031898499,-19.97103,0.0,1998.0,Summerton,5,0.0,Clinic,0.0,0.0,0.0,0.0,0.0,0.0,0.0,0.0,0.0,0.0,0.0,0.0,0.0,0.0,0.0,0.0,0.0,0.0,0.0,0.0,0.0,0.0,0.0,0.0,0.0,0.0,0.0,0,0.0,,,5,Clinic,Government/Council,False,False,True
1031.0,1377.0,Masvingo,Masvingo,30.51238,-20.0236,0.0,2007.0,Gaths Mine,4,0.0,Hospital,0.0,20.0,12.0,0.0,0.0,0.0,0.0,55.0,15.0,40.0,11853.0,0.0,1.0,1.0,1.0,0.0,1.0,0.0,0.0,1.0,1.0,0.0,0.0,0.0,1.0,0.0,1.0,1,0.0,,,4,Hospital,Government,False,False,True
1032.0,1308.0,Masvingo,Masvingo,30.84577,-20.6535,0.0,2007.0,ZRP Masvingo,5,1985.0,Clinic,0.0,3.0,4.0,0.0,1.0,0.0,0.0,2.0,0.0,2.0,7500.0,2.0,1.0,1.0,1.0,0.0,0.0,0.0,0.0,1.0,0.0,0.0,0.0,1.0,0.0,1.0,0.0,0,0.0,,,5,Clinic,"Excluded - restricted access (prison/police, not public)",False,False,False
1033.0,1309.0,Masvingo,Masvingo,30.83774,-20.0843,0.0,2007.0,Rujeko,5,1988.0,Clinic,0.0,6.0,4.0,0.0,1.0,0.0,0.0,3.0,0.0,3.0,22625.0,0.0,0.0,1.0,1.0,0.0,1.0,0.0,0.0,1.0,0.0,0.0,0.0,1.0,1.0,0.0,0.0,0,0.0,,,5,Clinic,Government/Council,False,False,True
1034.0,1310.0,Masvingo,Masvingo,30.80991,-20.0972,0.0,2007.0,Runyararo,5,1998.0,Clinic,0.0,6.0,4.0,0.0,1.0,0.0,0.0,3.0,0.0,3.0,22375.0,0.0,0.0,1.0,1.0,0.0,1.0,0.0,0.0,1.0,0.0,0.0,0.0,1.0,1.0,0.0,0.0,0,0.0,,,5,Clinic,Government/Council,False,False,True
1035.0,1311.0,Masvingo,Masvingo,30.81981,-20.08317,0.0,2007.0,Mucheke,5,1982.0,Poly Clinic,0.0,14.0,8.0,0.0,1.0,0.0,0.0,12.0,12.0,0.0,21149.0,7.0,1.0,1.0,1.0,1.0,1.0,0.0,0.0,1.0,0.0,0.0,0.0,1.0,1.0,0.0,0.0,0,0.0,,,5,Poly Clinic,Government/Council,False,False,True
1036.0,1316.0,Masvingo,Masvingo,31.00902,-20.04842,0.0,2007.0,Stanmore RHC,6,2004.0,Rural Health Centre,0.0,1.0,1.0,0.0,0.0,0.0,0.0,6.0,2.0,4.0,1046.0,28.0,0.0,0.0,0.0,1.0,0.0,0.0,0.0,0.0,1.0,0.0,0.0,1.0,0.0,1.0,0.0,1,0.0,,,6,Rural Health Centre,Government,False,False,True
1037.0,1317.0,Masvingo,Masvingo,30.86269,-20.10285,0.0,2007.0,Masvingo Teachers College,5,1982.0,Clinic,0.0,1.0,1.0,0.0,0.0,0.0,0.0,2.0,0.0,2.0,800.0,0.0,0.0,0.0,1.0,1.0,1.0,0.0,0.0,1.0,0.0,0.0,0.0,1.0,1.0,0.0,1.0,0,0.0,,,5,Clinic,Government/Council,False,False,True
1038.0,1318.0,Masvingo,Masvingo,30.83191,-20.08477,0.0,2007.0,Masvingo Poly Technic,5,1995.0,Clinic,0.0,1.0,0.0,0.0,0.0,0.0,0.0,3.0,0.0,3.0,3800.0,4.0,0.0,1.0,1.0,0.0,1.0,0.0,0.0,1.0,0.0,0.0,0.0,1.0,1.0,1.0,0.0,0,0.0,,,5,Clinic,Government/Council,False,False,True
1039.0,1342.0,Masvingo,Masvingo,30.72394,-20.43699,0.0,2007.0,Ngomahuru,6,1999.0,Rural Health Centre,0.0,3.0,1.0,0.0,1.0,0.0,0.0,7.0,1.0,6.0,7383.0,52.0,0.0,0.0,1.0,0.0,0.0,0.0,500.0,1.0,0.0,0.0,0.0,0.0,0.0,1.0,0.0,1,0.0,,,6,Rural Health Centre,Government,False,False,True
1040.0,1295.0,Masvingo,Masvingo,30.85123,-20.04052,1227.0,2007.0,ZNA Batallion,7,0.0,Clinic,0.0,0.0,0.0,0.0,0.0,0.0,0.0,0.0,0.0,0.0,0.0,0.0,0.0,0.0,0.0,0.0,0.0,0.0,0.0,0.0,0.0,0.0,0.0,0.0,0.0,0.0,0.0,0,0.0,,Clinic,7,Clinic,Private,True,False,False
1041.0,1249.0,Matebeleland South,Matobo,28.35322,-21.39627,901.0,2007.0,Sigangatsha,8,1970.0,Clinic(Not Open),0.0,0.0,0.0,0.0,0.0,0.0,0.0,0.0,0.0,0.0,0.0,0.0,0.0,0.0,0.0,0.0,0.0,0.0,0.0,0.0,1.0,0.0,0.0,0.0,0.0,0.0,0.0,0,0.0,Not opened still to be renovated,,8,Clinic(Not Open),Non-operational/Not yet open,False,True,False
1042.0,1268.0,Matebeleland South,Matobo,28.25848,-20.67242,1170.0,2007.0,Fumugwe,8,0.0,(New Site),0.0,0.0,0.0,0.0,0.0,0.0,0.0,0.0,0.0,0.0,0.0,0.0,0.0,0.0,0.0,0.0,0.0,0.0,0.0,0.0,0.0,0.0,0.0,0.0,0.0,0.0,0.0,0,0.0,Site identified and bricks present -Construction has not started,New,8,(New Site),Non-operational/Not yet open,False,True,False
1043.0,1269.0,Matebeleland South,Matobo,28.49899,-20.25333,1432.0,2007.0,Hlekweni,7,1990.0,Clinic,0.0,0.0,0.0,0.0,0.0,0.0,0.0,0.0,0.0,0.0,0.0,100.0,0.0,0.0,1.0,0.0,1.0,0.0,0.0,1.0,0.0,0.0,0.0,1.0,0.0,1.0,0.0,0,0.0,"Not open build in 1990,Staff and administration problems",,7,Clinic,Private,True,False,False
1044.0,1270.0,Matebeleland South,Matobo,28.67786,-20.40312,1435.0,2007.0,Ekukanyeni,5,2004.0,Clinic,0.0,1.0,1.0,1.0,0.0,0.0,0.0,4.0,2.0,2.0,300.0,100.0,0.0,0.0,1.0,0.0,1.0,0.0,0.0,0.0,1.0,1.0,0.0,1.0,0.0,1.0,0.0,0,0.0,,,5,Clinic,Government/Council,False,False,True
1045.0,0.0,Matebeleland South,Matobo,28.4149,-20.3311,0.0,2013.0,Cyrene ,0,0.0,Mission Clinic,0.0,0.0,0.0,0.0,0.0,0.0,0.0,0.0,0.0,0.0,0.0,0.0,0.0,0.0,0.0,0.0,0.0,0.0,0.0,0.0,0.0,0.0,0.0,0.0,0.0,0.0,0.0,0,0.0,,,0,Mission Clinic,Unspecified,False,False,True
1046.0,0.0,Matebeleland South,Matobo,28.6291,-20.59,0.0,2013.0,Masiye Camp,Salvation Army,0.0,clinic,0.0,0.0,0.0,0.0,0.0,0.0,0.0,0.0,0.0,0.0,0.0,0.0,0.0,0.0,0.0,0.0,0.0,0.0,0.0,0.0,0.0,0.0,0.0,0.0,0.0,0.0,0.0,0,0.0,,,Salvation Army,clinic,Mission/Church,False,False,True
1047.0,25.0,Masonaland Central,Mazowe,31.1262302399,-16.87747,0.0,1998.0,Bare,5,0.0,Clinic,0.0,0.0,0.0,0.0,0.0,0.0,0.0,0.0,0.0,0.0,0.0,0.0,0.0,0.0,0.0,0.0,0.0,0.0,0.0,0.0,0.0,0.0,0.0,0.0,0.0,0.0,0.0,0,0.0,,Clinic,5,Clinic,Government/Council,False,False,True
1048.0,30.0,Masonaland Central,Mazowe,30.8721809387,-17.52498,0.0,1998.0,Belgone Clinic,5,0.0,Clinic,0.0,0.0,0.0,0.0,0.0,0.0,0.0,0.0,0.0,0.0,0.0,0.0,0.0,0.0,0.0,0.0,0.0,0.0,0.0,0.0,0.0,0.0,0.0,0.0,0.0,0.0,0.0,0,0.0,,Clinic,5,Clinic,Government/Council,False,False,True
1049.0,155.0,Masonaland Central,Mazowe,31.1901798248,-16.92892,0.0,1998.0,Chinehasha,5,0.0,Clinic,0.0,0.0,0.0,0.0,0.0,0.0,0.0,0.0,0.0,0.0,0.0,0.0,0.0,0.0,0.0,0.0,0.0,0.0,0.0,0.0,0.0,0.0,0.0,0.0,0.0,0.0,0.0,0,0.0,,Clinic,5,Clinic,Government/Council,False,False,True
1050.0,240.0,Masonaland Central,Mazowe,31.0093708038,-17.6095,0.0,1998.0,Christon Bank,5,0.0,Clinic,0.0,0.0,0.0,0.0,0.0,0.0,0.0,0.0,0.0,0.0,0.0,0.0,0.0,0.0,0.0,0.0,0.0,0.0,0.0,0.0,0.0,0.0,0.0,0.0,0.0,0.0,0.0,0,0.0,,,5,Clinic,Government/Council,False,False,True
1051.0,247.0,Masonaland Central,Mazowe,30.9434299469,-17.38715,0.0,1998.0,Concession Hosp.,2,0.0,District Hospital,0.0,0.0,0.0,0.0,0.0,0.0,0.0,0.0,0.0,0.0,0.0,0.0,0.0,0.0,0.0,0.0,0.0,0.0,0.0,0.0,0.0,0.0,0.0,0.0,0.0,0.0,0.0,0,0.0,,,2,District Hospital,Government,False,False,True
1052.0,255.0,Masonaland Central,Mazowe,31.0811195374,-17.19515,0.0,1998.0,Dambo,5,0.0,Clinic,0.0,0.0,0.0,0.0,0.0,0.0,0.0,0.0,0.0,0.0,0.0,0.0,0.0,0.0,0.0,0.0,0.0,0.0,0.0,0.0,0.0,0.0,0.0,0.0,0.0,0.0,0.0,0,0.0,,,5,Clinic,Government/Council,False,False,True
1053.0,405.0,Masonaland Central,Mazowe,30.9721698761,-17.59243,0.0,1998.0,Henderson Research,5,0.0,Clinic,0.0,0.0,0.0,0.0,0.0,0.0,0.0,0.0,0.0,0.0,0.0,0.0,0.0,0.0,0.0,0.0,0.0,0.0,0.0,0.0,0.0,0.0,0.0,0.0,0.0,0.0,0.0,0,0.0,,,5,Clinic,Government/Council,False,False,True
1054.0,410.0,Masonaland Central,Mazowe,30.6906299591,-17.29543,0.0,1998.0,Holmeden,5,0.0,Clinic,0.0,0.0,0.0,0.0,0.0,0.0,0.0,0.0,0.0,0.0,0.0,0.0,0.0,0.0,0.0,0.0,0.0,0.0,0.0,0.0,0.0,0.0,0.0,0.0,0.0,0.0,0.0,0,0.0,,,5,Clinic,Government/Council,False,False,True
1055.0,417.0,Masonaland Central,Mazowe,30.9943008423,-17.56592,0.0,1998.0,Howard,3,0.0,Mission Hospital,0.0,0.0,0.0,0.0,0.0,0.0,0.0,0.0,0.0,0.0,0.0,0.0,0.0,0.0,0.0,0.0,0.0,0.0,0.0,0.0,0.0,0.0,0.0,0.0,0.0,0.0,0.0,0,0.0,,,3,Mission Hospital,Mission/Church,False,False,True
1056.0,439.0,Masonaland Central,Mazowe,31.0653991699,-17.44133,0.0,1998.0,Iron Duke,5,0.0,Clinic,0.0,0.0,0.0,0.0,0.0,0.0,0.0,0.0,0.0,0.0,0.0,0.0,0.0,0.0,0.0,0.0,0.0,0.0,0.0,0.0,0.0,0.0,0.0,0.0,0.0,0.0,0.0,0,0.0,,,5,Clinic,Government/Council,False,False,True
1057.0,453.0,Masonaland Central,Mazowe,31.2014503479,-16.83293,0.0,1998.0,Jingamvura,5,0.0,Clinic,0.0,0.0,0.0,0.0,0.0,0.0,0.0,0.0,0.0,0.0,0.0,0.0,0.0,0.0,0.0,0.0,0.0,0.0,0.0,0.0,0.0,0.0,0.0,0.0,0.0,0.0,0.0,0,0.0,,,5,Clinic,Government/Council,False,False,True
1058.0,577.0,Masonaland Central,Mazowe,31.0606994629,-17.02938,0.0,1998.0,Makope,5,0.0,Clinic,0.0,0.0,0.0,0.0,0.0,0.0,0.0,0.0,0.0,0.0,0.0,0.0,0.0,0.0,0.0,0.0,0.0,0.0,0.0,0.0,0.0,0.0,0.0,0.0,0.0,0.0,0.0,0,0.0,,,5,Clinic,Government/Council,False,False,True
1059.0,667.0,Masonaland Central,Mazowe,31.0094509125,-17.45395,0.0,1998.0,Mazowe Citrus Hosp.,4,0.0,Rural Hospital,0.0,0.0,0.0,0.0,0.0,0.0,0.0,0.0,0.0,0.0,0.0,0.0,0.0,0.0,0.0,0.0,0.0,0.0,0.0,0.0,0.0,0.0,0.0,0.0,0.0,0.0,0.0,0,0.0,,,4,Rural Hospital,Government,False,False,True
1060.0,668.0,Masonaland Central,Mazowe,30.9246006012,-17.47368,0.0,1998.0,Mazowe Mine,5,0.0,Clinic,0.0,0.0,0.0,0.0,0.0,0.0,0.0,0.0,0.0,0.0,0.0,0.0,0.0,0.0,0.0,0.0,0.0,0.0,0.0,0.0,0.0,0.0,0.0,0.0,0.0,0.0,0.0,0,0.0,,,5,Clinic,Government/Council,False,False,True
1061.0,669.0,Masonaland Central,Mazowe,30.9308700562,-17.61567,0.0,1998.0,Mazowe Sec.,5,0.0,Clinic,0.0,0.0,0.0,0.0,0.0,0.0,0.0,0.0,0.0,0.0,0.0,0.0,0.0,0.0,0.0,0.0,0.0,0.0,0.0,0.0,0.0,0.0,0.0,0.0,0.0,0.0,0.0,0,0.0,,,5,Clinic,Government/Council,False,False,True
1062.0,734.0,Masonaland Central,Mazowe,31.1643199921,-16.986,0.0,1998.0,Mukodzongi,5,0.0,Clinic,0.0,0.0,0.0,0.0,0.0,0.0,0.0,0.0,0.0,0.0,0.0,0.0,0.0,0.0,0.0,0.0,0.0,0.0,0.0,0.0,0.0,0.0,0.0,0.0,0.0,0.0,0.0,0,0.0,,,5,Clinic,Government/Council,False,False,True
1063.0,818.0,Masonaland Central,Mazowe,31.0028190613,-17.36957,0.0,1998.0,N.E.M.Centre,5,0.0,Clinic,0.0,0.0,0.0,0.0,0.0,0.0,0.0,0.0,0.0,0.0,0.0,0.0,0.0,0.0,0.0,0.0,0.0,0.0,0.0,0.0,0.0,0.0,0.0,0.0,0.0,0.0,0.0,0,0.0,,,5,Clinic,Government/Council,False,False,True
1064.0,886.0,Masonaland Central,Mazowe,31.136800766,-17.02013,0.0,1998.0,Nyakudya,5,0.0,Clinic,0.0,0.0,0.0,0.0,0.0,0.0,0.0,0.0,0.0,0.0,0.0,0.0,0.0,0.0,0.0,0.0,0.0,0.0,0.0,0.0,0.0,0.0,0.0,0.0,0.0,0.0,0.0,0,0.0,,,5,Clinic,Government/Council,False,False,True
1065.0,937.0,Masonaland Central,Mazowe,31.0526008606,-17.0807,0.0,1998.0,Nzvimbo,5,0.0,Clinic,0.0,0.0,0.0,0.0,0.0,0.0,0.0,0.0,0.0,0.0,0.0,0.0,0.0,0.0,0.0,0.0,0.0,0.0,0.0,0.0,0.0,0.0,0.0,0.0,0.0,0.0,0.0,,0.0,,,5,Clinic,Government/Council,False,False,True
1066.0,979.0,Masonaland Central,Mazowe,31.0472507477,-17.134,0.0,1998.0,Rosa,4,0.0,Rural Hospital,0.0,0.0,0.0,0.0,0.0,0.0,0.0,0.0,0.0,0.0,0.0,0.0,0.0,0.0,0.0,0.0,0.0,0.0,0.0,0.0,0.0,0.0,0.0,0.0,0.0,0.0,0.0,0,0.0,,,4,Rural Hospital,Government,False,False,True
1067.0,1057.0,Masonaland Central,Mazowe,31.1391296387,-17.07427,0.0,1998.0,Shutu,5,0.0,Clinic,0.0,0.0,0.0,0.0,0.0,0.0,0.0,0.0,0.0,0.0,0.0,0.0,0.0,0.0,0.0,0.0,0.0,0.0,0.0,0.0,0.0,0.0,0.0,0.0,0.0,0.0,0.0,0,0.0,,,5,Clinic,Government/Council,False,False,True
1068.0,1104.0,Masonaland Central,Mazowe,30.9611301422,-17.51272,0.0,1998.0,Stories Mine,5,0.0,Clinic,0.0,0.0,0.0,0.0,0.0,0.0,0.0,0.0,0.0,0.0,0.0,0.0,0.0,0.0,0.0,0.0,0.0,0.0,0.0,0.0,0.0,0.0,0.0,0.0,0.0,0.0,0.0,0,0.0,,,5,Clinic,Government/Council,False,False,True
1069.0,1145.0,Masonaland Central,Mazowe,31.056470871,-17.36563,0.0,1998.0,Tsungubvi,5,0.0,Clinic,0.0,0.0,0.0,0.0,0.0,0.0,0.0,0.0,0.0,0.0,0.0,0.0,0.0,0.0,0.0,0.0,0.0,0.0,0.0,0.0,0.0,0.0,0.0,0.0,0.0,0.0,0.0,0,0.0,,,5,Clinic,Government/Council,False,False,True
1070.0,1379.0,Masonaland Central,Mazowe,30.92369,-17.64257,0.0,2007.0,Danbury,5,2006.0,Clinic,0.0,0.0,0.0,0.0,0.0,0.0,0.0,0.0,0.0,0.0,0.0,0.0,0.0,0.0,1.0,0.0,1.0,0.0,0.0,1.0,0.0,0.0,0.0,1.0,0.0,1.0,0.0,0,0.0,Clinic not yet functional,Clinic,5,Clinic,Government/Council,False,False,True
1071.0,1380.0,Masonaland Central,Mazowe,31.12155,-17.37307,0.0,2007.0,Vonabor,5,2006.0,Clinic,0.0,1.0,1.0,0.0,0.0,0.0,0.0,0.0,0.0,0.0,6500.0,35.0,0.0,0.0,1.0,0.0,1.0,0.0,0.0,1.0,1.0,1.0,0.0,1.0,0.0,1.0,1.0,0,0.0,,Clinic,5,Clinic,Government/Council,False,False,True
1072.0,1381.0,Masonaland Central,Mazowe,31.13387,-17.27463,0.0,2007.0,Davaar,5,2006.0,Clinic,0.0,0.0,1.0,0.0,1.0,0.0,0.0,0.0,0.0,0.0,0.0,30.0,0.0,0.0,1.0,0.0,1.0,0.0,0.0,1.0,1.0,1.0,0.0,1.0,0.0,1.0,1.0,0,0.0,,Clinic,5,Clinic,Government/Council,False,False,True
1073.0,1382.0,Masonaland Central,Mazowe,31.19999,-17.02617,0.0,2007.0,Shopo,5,2006.0,Clinic,0.0,0.0,0.0,0.0,0.0,0.0,0.0,0.0,0.0,0.0,0.0,30.0,0.0,0.0,1.0,0.0,1.0,0.0,0.0,1.0,0.0,0.0,0.0,0.0,0.0,1.0,0.0,0,0.0,Not yet functional,Clinic,5,Clinic,Government/Council,False,False,True
1074.0,1383.0,Masonaland Central,Mazowe,31.00105,-17.30145,0.0,2007.0,Ardura,6,2006.0,Rural Health Centre,0.0,2.0,2.0,0.0,1.0,0.0,0.0,3.0,1.0,2.0,0.0,20.0,0.0,0.0,1.0,1.0,1.0,0.0,0.0,1.0,1.0,1.0,0.0,1.0,0.0,1.0,1.0,0,0.0,,,6,Rural Health Centre,Government,False,False,True
1075.0,1384.0,Masonaland Central,Mazowe,30.82729,-17.39259,0.0,2007.0,Cranham,5,2006.0,Clinic,0.0,2.0,1.0,0.0,0.0,0.0,0.0,0.0,0.0,0.0,0.0,25.0,0.0,0.0,1.0,0.0,1.0,0.0,0.0,1.0,0.0,0.0,0.0,1.0,0.0,1.0,0.0,0,0.0,Not yet funtional,Clinic,5,Clinic,Government/Council,False,False,True
1076.0,1385.0,Masonaland Central,Mazowe,30.95695,-16.9492,0.0,2007.0,Donje,5,2006.0,Clinic,0.0,2.0,1.0,0.0,0.0,0.0,0.0,4.0,1.0,3.0,0.0,15.0,0.0,0.0,0.0,0.0,1.0,0.0,0.0,0.0,1.0,1.0,0.0,1.0,1.0,0.0,0.0,1,0.0,,Clinic,5,Clinic,Government/Council,False,False,True
1077.0,1386.0,Masonaland Central,Mazowe,30.85431,-17.02942,0.0,2007.0,Mvurwi Farm Health Scheme,5,0.0,Farm Health Clinic,0.0,0.0,0.0,0.0,0.0,0.0,0.0,0.0,0.0,0.0,61500.0,1.0,0.0,0.0,1.0,0.0,1.0,0.0,0.0,1.0,0.0,0.0,0.0,1.0,1.0,0.0,0.0,1,0.0,,,5,Farm Health Clinic,Government/Council,False,False,True
1078.0,1387.0,Masonaland Central,Mazowe,30.855,-17.03112,0.0,2007.0,Mvurwi,2,0.0,Hospital,2.0,41.0,16.0,0.0,2.0,1.0,1.0,87.0,10.0,77.0,61500.0,0.0,0.0,1.0,1.0,0.0,1.0,0.0,0.0,1.0,0.0,0.0,0.0,1.0,1.0,0.0,0.0,1,1.0,,,2,Hospital,Government,False,False,True
1079.0,0.0,Masonaland Central,Mazowe,30.9546,-17.0488,0.0,2013.0,Forrester,,0.0,Clinic,1.0,1.0,0.0,1.0,0.0,0.0,0.0,4.0,0.0,0.0,11989.0,15.0,0.0,0.0,1.0,0.0,1.0,0.0,0.0,0.0,0.0,0.0,0.0,0.0,0.0,0.0,1.0,0,0.0,,,,Clinic,Unspecified,False,False,True
1080.0,0.0,Masonaland Central,Mazowe,30.9238,-17.6031,0.0,2013.0,Mazoe ,Prison,0.0,Clinic,0.0,3.0,0.0,0.0,0.0,0.0,0.0,0.0,0.0,0.0,0.0,0.0,0.0,0.0,1.0,0.0,1.0,0.0,0.0,1.0,1.0,0.0,0.0,1.0,0.0,1.0,0.0,0,0.0,,,Prison,Clinic,"Excluded - restricted access (prison/police, not public)",False,False,False
1081.0,0.0,Masonaland Central,Mazowe,30.783,-17.247,0.0,2013.0,Montgomery ,Mission,1980.0,Clinic,0.0,1.0,0.0,0.0,0.0,0.0,0.0,1.0,0.0,0.0,109.0,30.0,0.0,0.0,1.0,0.0,1.0,0.0,0.0,1.0,1.0,0.0,0.0,1.0,0.0,1.0,0.0,+,0.0,,,Mission,Clinic,Mission/Church,False,False,True
1082.0,49.0,Midlands,Mberengwa,30.4071407318,-20.87094,0.0,1998.0,Bonda,3,0.0,Mission Hospital,0.0,0.0,0.0,0.0,0.0,0.0,0.0,0.0,0.0,0.0,0.0,0.0,0.0,0.0,0.0,0.0,0.0,0.0,0.0,0.0,0.0,0.0,0.0,0.0,0.0,0.0,0.0,0,0.0,,,3,Mission Hospital,Mission/Church,False,False,True
1083.0,73.0,Midlands,Mberengwa,30.239440918,-20.67058,0.0,1998.0,Chabwira,5,0.0,Clinic,0.0,0.0,0.0,0.0,0.0,0.0,0.0,0.0,0.0,0.0,0.0,0.0,0.0,0.0,0.0,0.0,0.0,0.0,0.0,0.0,0.0,0.0,0.0,0.0,0.0,0.0,0.0,0,0.0,,Clinic,5,Clinic,Government/Council,False,False,True
1084.0,100.0,Midlands,Mberengwa,29.9075603485,-20.73936,0.0,1998.0,Chedembeko,5,0.0,Clinic,0.0,0.0,0.0,0.0,0.0,0.0,0.0,0.0,0.0,0.0,0.0,0.0,0.0,0.0,0.0,0.0,0.0,0.0,0.0,0.0,0.0,0.0,0.0,0.0,0.0,0.0,0.0,0,0.0,,Clinic,5,Clinic,Government/Council,False,False,True
1085.0,116.0,Midlands,Mberengwa,29.6872196198,-20.91722,0.0,1998.0,Chiedza,5,0.0,Clinic,0.0,0.0,0.0,0.0,0.0,0.0,0.0,0.0,0.0,0.0,0.0,0.0,0.0,0.0,0.0,0.0,0.0,0.0,0.0,0.0,0.0,0.0,0.0,0.0,0.0,0.0,0.0,0,0.0,,Clinic,5,Clinic,Government/Council,False,False,True
1086.0,158.0,Midlands,Mberengwa,29.7866096497,-20.72236,0.0,1998.0,Chingezi,5,0.0,Clinic,0.0,0.0,0.0,0.0,0.0,0.0,0.0,0.0,0.0,0.0,0.0,0.0,0.0,0.0,0.0,0.0,0.0,0.0,0.0,0.0,0.0,0.0,0.0,0.0,0.0,0.0,0.0,0,0.0,,Clinic,5,Clinic,Government/Council,False,False,True
1087.0,245.0,Midlands,Mberengwa,29.868719101,-20.48608,0.0,1998.0,C-Mine,7,0.0,Private Clinic,0.0,0.0,0.0,0.0,0.0,0.0,0.0,0.0,0.0,0.0,0.0,0.0,0.0,0.0,0.0,0.0,0.0,0.0,0.0,0.0,0.0,0.0,0.0,0.0,0.0,0.0,0.0,0,0.0,,,7,Private Clinic,Private,True,False,False
1088.0,387.0,Midlands,Mberengwa,30.0684700012,-20.95372,0.0,1998.0,Gwarava,6,0.0,Rural Health Centre,0.0,0.0,0.0,0.0,0.0,0.0,0.0,0.0,0.0,0.0,0.0,0.0,0.0,0.0,0.0,0.0,0.0,0.0,0.0,0.0,0.0,0.0,0.0,0.0,0.0,0.0,0.0,0,0.0,,,6,Rural Health Centre,Government,False,False,True
1089.0,429.0,Midlands,Mberengwa,30.1020793915,-20.86708,0.0,1998.0,Imbahuru,5,0.0,Clinic,0.0,0.0,0.0,0.0,0.0,0.0,0.0,0.0,0.0,0.0,0.0,0.0,0.0,0.0,0.0,0.0,0.0,0.0,0.0,0.0,0.0,0.0,0.0,0.0,0.0,0.0,0.0,0,0.0,,,5,Clinic,Government/Council,False,False,True
1090.0,432.0,Midlands,Mberengwa,30.3861904144,-20.58697,0.0,1998.0,Ingezi,5,0.0,Clinic,0.0,0.0,0.0,0.0,0.0,0.0,0.0,0.0,0.0,0.0,0.0,0.0,0.0,0.0,0.0,0.0,0.0,0.0,0.0,0.0,0.0,0.0,0.0,0.0,0.0,0.0,0.0,0,0.0,,,5,Clinic,Government/Council,False,False,True
1091.0,445.0,Midlands,Mberengwa,29.9341392517,-20.85536,0.0,1998.0,Jeka,4,0.0,Rural Hospital,0.0,0.0,0.0,0.0,0.0,0.0,0.0,0.0,0.0,0.0,0.0,0.0,0.0,0.0,0.0,0.0,0.0,0.0,0.0,0.0,0.0,0.0,0.0,0.0,0.0,0.0,0.0,0,0.0,,,4,Rural Hospital,Government,False,False,True
1092.0,505.0,Midlands,Mberengwa,29.5889701843,-20.98397,0.0,1998.0,Kotokwe,5,0.0,Clinic,0.0,0.0,0.0,0.0,0.0,0.0,0.0,0.0,0.0,0.0,0.0,0.0,0.0,0.0,0.0,0.0,0.0,0.0,0.0,0.0,0.0,0.0,0.0,0.0,0.0,0.0,0.0,0,0.0,,,5,Clinic,Government/Council,False,False,True
1093.0,580.0,Midlands,Mberengwa,30.2363605499,-20.98544,0.0,1998.0,Makuwerere,5,0.0,Clinic,0.0,0.0,0.0,0.0,0.0,0.0,0.0,0.0,0.0,0.0,0.0,0.0,0.0,0.0,0.0,0.0,0.0,0.0,0.0,0.0,0.0,0.0,0.0,0.0,0.0,0.0,0.0,0,0.0,,,5,Clinic,Government/Council,False,False,True
1094.0,617.0,Midlands,Mberengwa,29.6669998169,-20.98667,0.0,1998.0,Masase,3,0.0,Mission Hospital,0.0,0.0,0.0,0.0,0.0,0.0,0.0,0.0,0.0,0.0,0.0,0.0,0.0,0.0,0.0,0.0,0.0,0.0,0.0,0.0,0.0,0.0,0.0,0.0,0.0,0.0,0.0,0,0.0,,,3,Mission Hospital,Mission/Church,False,False,True
1095.0,1165.0,Midlands,Mberengwa,30.3840293884,-20.93614,0.0,1998.0,Vurasha,6,0.0,Rural Health Centre,0.0,0.0,0.0,0.0,0.0,0.0,0.0,0.0,0.0,0.0,0.0,0.0,0.0,0.0,0.0,0.0,0.0,0.0,0.0,0.0,0.0,0.0,0.0,0.0,0.0,0.0,0.0,0,0.0,,,6,Rural Health Centre,Government,False,False,True
1096.0,1168.0,Midlands,Mberengwa,29.7397193909,-20.56978,0.0,1998.0,Wanezi,5,0.0,Clinic,0.0,0.0,0.0,0.0,0.0,0.0,0.0,0.0,0.0,0.0,0.0,0.0,0.0,0.0,0.0,0.0,0.0,0.0,0.0,0.0,0.0,0.0,0.0,0.0,0.0,0.0,0.0,0,0.0,,,5,Clinic,Government/Council,False,False,True
1097.0,636.0,Midlands,Mberengwa,30.1904201508,-20.84119,0.0,1998.0,Mataga,6,0.0,Rural Health Centre,0.0,0.0,0.0,0.0,0.0,0.0,0.0,0.0,0.0,0.0,0.0,0.0,0.0,0.0,0.0,0.0,0.0,0.0,0.0,0.0,0.0,0.0,0.0,0.0,0.0,0.0,0.0,0,0.0,,,6,Rural Health Centre,Government,False,False,True
1098.0,639.0,Midlands,Mberengwa,30.2873897552,-20.80739,0.0,1998.0,Matedzi,5,0.0,Clinic,0.0,0.0,0.0,0.0,0.0,0.0,0.0,0.0,0.0,0.0,0.0,0.0,0.0,0.0,0.0,0.0,0.0,0.0,0.0,0.0,0.0,0.0,0.0,0.0,0.0,0.0,0.0,0,0.0,,,5,Clinic,Government/Council,False,False,True
1099.0,656.0,Midlands,Mberengwa,29.8180809021,-20.9215,0.0,1998.0,Mavorovondo,6,0.0,Rural Health Centre,0.0,0.0,0.0,0.0,0.0,0.0,0.0,0.0,0.0,0.0,0.0,0.0,0.0,0.0,0.0,0.0,0.0,0.0,0.0,0.0,0.0,0.0,0.0,0.0,0.0,0.0,0.0,0,0.0,,,6,Rural Health Centre,Government,False,False,True
1100.0,665.0,Midlands,Mberengwa,30.1018600464,-20.75736,0.0,1998.0,Mazivofa,5,0.0,Clinic,0.0,0.0,0.0,0.0,0.0,0.0,0.0,0.0,0.0,0.0,0.0,0.0,0.0,0.0,0.0,0.0,0.0,0.0,0.0,0.0,0.0,0.0,0.0,0.0,0.0,0.0,0.0,0,0.0,,,5,Clinic,Government/Council,False,False,True
1101.0,673.0,Midlands,Mberengwa,29.9198093414,-20.48881,0.0,1998.0,Mberengwa,2,0.0,District Hospital,0.0,0.0,0.0,0.0,0.0,0.0,0.0,0.0,0.0,0.0,0.0,0.0,0.0,0.0,0.0,0.0,0.0,0.0,0.0,0.0,0.0,0.0,0.0,0.0,0.0,0.0,0.0,0,0.0,,,2,District Hospital,Government,False,False,True
1102.0,693.0,Midlands,Mberengwa,30.0538101196,-20.62342,0.0,1998.0,Mnene,3,0.0,Mission Hospital,0.0,0.0,0.0,0.0,0.0,0.0,0.0,0.0,0.0,0.0,0.0,0.0,0.0,0.0,0.0,0.0,0.0,0.0,0.0,0.0,0.0,0.0,0.0,0.0,0.0,0.0,0.0,0,0.0,,,3,Mission Hospital,Mission/Church,False,False,True
1103.0,700.0,Midlands,Mberengwa,30.3904705048,-20.71839,0.0,1998.0,Mponjani,5,0.0,Clinic,0.0,0.0,0.0,0.0,0.0,0.0,0.0,0.0,0.0,0.0,0.0,0.0,0.0,0.0,0.0,0.0,0.0,0.0,0.0,0.0,0.0,0.0,0.0,0.0,0.0,0.0,0.0,0,0.0,,,5,Clinic,Government/Council,False,False,True
1104.0,701.0,Midlands,Mberengwa,30.0220603943,-20.82161,0.0,1998.0,Mposi,5,0.0,Clinic,0.0,0.0,0.0,0.0,0.0,0.0,0.0,0.0,0.0,0.0,0.0,0.0,0.0,0.0,0.0,0.0,0.0,0.0,0.0,0.0,0.0,0.0,0.0,0.0,0.0,0.0,0.0,0,0.0,,,5,Clinic,Government/Council,False,False,True
1105.0,733.0,Midlands,Mberengwa,30.1403102875,-21.00736,0.0,1998.0,Muketi,5,0.0,Clinic,0.0,0.0,0.0,0.0,0.0,0.0,0.0,0.0,0.0,0.0,0.0,0.0,0.0,0.0,0.0,0.0,0.0,0.0,0.0,0.0,0.0,0.0,0.0,0.0,0.0,0.0,0.0,0,0.0,,,5,Clinic,Government/Council,False,False,True
1106.0,765.0,Midlands,Mberengwa,30.25756073,-20.60161,0.0,1998.0,Murongwe,6,0.0,Rural Health Centre,0.0,0.0,0.0,0.0,0.0,0.0,0.0,0.0,0.0,0.0,0.0,0.0,0.0,0.0,0.0,0.0,0.0,0.0,0.0,0.0,0.0,0.0,0.0,0.0,0.0,0.0,0.0,0,0.0,,,6,Rural Health Centre,Government,False,False,True
1107.0,783.0,Midlands,Mberengwa,30.2390594482,-20.92289,0.0,1998.0,Musume,3,0.0,Mission Hospital,0.0,0.0,0.0,0.0,0.0,0.0,0.0,0.0,0.0,0.0,0.0,0.0,0.0,0.0,0.0,0.0,0.0,0.0,0.0,0.0,0.0,0.0,0.0,0.0,0.0,0.0,0.0,0,0.0,,,3,Mission Hospital,Mission/Church,False,False,True
1108.0,814.0,Midlands,Mberengwa,29.7045001984,-20.77317,0.0,1998.0,Mwenezi,6,0.0,Rural Health Centre,0.0,0.0,0.0,0.0,0.0,0.0,0.0,0.0,0.0,0.0,0.0,0.0,0.0,0.0,0.0,0.0,0.0,0.0,0.0,0.0,0.0,0.0,0.0,0.0,0.0,0.0,0.0,0,0.0,,,6,Rural Health Centre,Government,False,False,True
1109.0,826.0,Midlands,Mberengwa,30.3549194336,-20.68572,0.0,1998.0,Negobe,5,0.0,Clinic,0.0,0.0,0.0,0.0,0.0,0.0,0.0,0.0,0.0,0.0,0.0,0.0,0.0,0.0,0.0,0.0,0.0,0.0,0.0,0.0,0.0,0.0,0.0,0.0,0.0,0.0,0.0,0,0.0,,,5,Clinic,Government/Council,False,False,True
1110.0,844.0,Midlands,Mberengwa,30.4211902618,-20.78594,0.0,1998.0,Ngungumbane,5,0.0,Clinic,0.0,0.0,0.0,0.0,0.0,0.0,0.0,0.0,0.0,0.0,0.0,0.0,0.0,0.0,0.0,0.0,0.0,0.0,0.0,0.0,0.0,0.0,0.0,0.0,0.0,0.0,0.0,0,0.0,,,5,Clinic,Government/Council,False,False,True
1111.0,1022.0,Midlands,Mberengwa,29.9356403351,-20.92094,0.0,1998.0,Sandawana,5,0.0,Clinic,0.0,0.0,0.0,0.0,0.0,0.0,0.0,0.0,0.0,0.0,0.0,0.0,0.0,0.0,0.0,0.0,0.0,0.0,0.0,0.0,0.0,0.0,0.0,0.0,0.0,0.0,0.0,0,0.0,,Clinic,5,Clinic,Government/Council,False,False,True
1112.0,1111.0,Midlands,Mberengwa,30.1359405518,-20.58678,0.0,1998.0,Svita,5,0.0,Clinic,0.0,0.0,0.0,0.0,0.0,0.0,0.0,0.0,0.0,0.0,0.0,0.0,0.0,0.0,0.0,0.0,0.0,0.0,0.0,0.0,0.0,0.0,0.0,0.0,0.0,0.0,0.0,0,0.0,,,5,Clinic,Government/Council,False,False,True
1113.0,1369.0,Midlands,Mberengwa,30.38104,-20.6077,809.0,2007.0,Buchwa,5,2003.0,Clinic,0.0,1.0,2.0,0.0,0.0,0.0,0.0,4.0,0.0,4.0,2482.0,47.0,1.0,1.0,1.0,0.0,1.0,0.0,0.0,1.0,0.0,0.0,0.0,1.0,0.0,1.0,0.0,0,0.0,,,5,Clinic,Government/Council,False,False,True
1114.0,1392.0,Mashonaland Central,Mbire,30.61864,-16.34884,0.0,2007.0,Chirunya,6,2001.0,Rural Health Centre,0.0,1.0,2.0,0.0,0.0,0.0,0.0,5.0,2.0,3.0,6543.0,75.0,1.0,0.0,1.0,1.0,0.0,1.0,1.0,1.0,1.0,1.0,0.0,1.0,0.0,1.0,0.0,1,0.0,,,6,Rural Health Centre,Government,False,False,True
1115.0,1393.0,Mashonaland Central,Mbire,30.5915,-16.08729,0.0,2007.0,Nyambudzi,5,0.0,Rural Health Centre,0.0,0.0,3.0,0.0,0.0,0.0,0.0,3.0,1.0,2.0,0.0,28.0,1.0,0.0,0.0,1.0,0.0,0.0,12.0,0.0,1.0,1.0,0.0,1.0,0.0,1.0,0.0,1,0.0,,,5,Rural Health Centre,Government/Council,False,False,True
1116.0,1397.0,Mashonaland Central,Mt Darwin,31.61568,-16.4288,0.0,2007.0,Mutasa,6,2005.0,Rural Health Centre,0.0,0.0,1.0,3.0,1.0,0.0,0.0,7.0,2.0,3.0,12039.0,100.0,1.0,0.0,0.0,1.0,0.0,0.0,0.0,0.0,1.0,1.0,0.0,1.0,0.0,1.0,0.0,1,0.0,,,6,Rural Health Centre,Government,False,False,True
1117.0,1398.0,Mashonaland Central,Mt Darwin,31.85968,-16.36914,0.0,2007.0,Bandimba,6,2006.0,Rural Health Centre,0.0,0.0,0.0,0.0,0.0,0.0,0.0,0.0,0.0,0.0,0.0,0.0,0.0,0.0,0.0,1.0,1.0,0.0,0.0,0.0,1.0,1.0,0.0,1.0,0.0,1.0,0.0,1,0.0,,,6,Rural Health Centre,Government,False,False,True
1118.0,1400.0,Mashonaland Central,Mt Darwin,31.57672,-16.77998,0.0,2007.0,ZRP,5,0.0,Clinic Private Clinic,0.0,0.0,2.0,0.0,0.0,0.0,0.0,0.0,0.0,0.0,329.0,2.0,0.0,0.0,1.0,0.0,1.0,0.0,0.0,1.0,0.0,0.0,1.0,1.0,1.0,0.0,0.0,0,0.0,,,5,Clinic Private Clinic,"Excluded - restricted access (prison/police, not public)",False,False,False
1119.0,64.0,Mashonaland Central,Mt Darwin,31.7872505188,-16.56939,0.0,1998.0,Bveke,8,0.0,New Not Open,0.0,0.0,0.0,0.0,0.0,0.0,0.0,0.0,0.0,0.0,0.0,0.0,0.0,0.0,0.0,0.0,0.0,0.0,0.0,0.0,0.0,0.0,0.0,0.0,0.0,0.0,0.0,0,0.0,,,8,New Not Open,Non-operational/Not yet open,False,True,False
1120.0,96.0,Mashonaland Central,Mt Darwin,31.6701507568,-16.61703,0.0,1998.0,Chawanda,5,0.0,Clinic,0.0,0.0,0.0,0.0,0.0,0.0,0.0,0.0,0.0,0.0,0.0,0.0,0.0,0.0,0.0,0.0,0.0,0.0,0.0,0.0,0.0,0.0,0.0,0.0,0.0,0.0,0.0,0,0.0,,Clinic,5,Clinic,Government/Council,False,False,True
1121.0,296.0,Mashonaland Central,Mt Darwin,31.5902194977,-16.56878,0.0,1998.0,Dotito,5,0.0,Clinic,0.0,0.0,0.0,0.0,0.0,0.0,0.0,0.0,0.0,0.0,0.0,0.0,0.0,0.0,0.0,0.0,0.0,0.0,0.0,0.0,0.0,0.0,0.0,0.0,0.0,0.0,0.0,0,0.0,,,5,Clinic,Government/Council,False,False,True
1122.0,473.0,Mashonaland Central,Mt Darwin,31.552520752,-16.31861,0.0,1998.0,Kaitano,5,0.0,Clinic,0.0,0.0,0.0,0.0,0.0,0.0,0.0,0.0,0.0,0.0,0.0,0.0,0.0,0.0,0.0,0.0,0.0,0.0,0.0,0.0,0.0,0.0,0.0,0.0,0.0,0.0,0.0,0,0.0,,,5,Clinic,Government/Council,False,False,True
1123.0,477.0,Mashonaland Central,Mt Darwin,31.785610199,-16.38361,0.0,1998.0,Kamutsenzere,5,0.0,Clinic,0.0,0.0,0.0,0.0,0.0,0.0,0.0,0.0,0.0,0.0,0.0,0.0,0.0,0.0,0.0,0.0,0.0,0.0,0.0,0.0,0.0,0.0,0.0,0.0,0.0,0.0,0.0,0,0.0,,,5,Clinic,Government/Council,False,False,True
1124.0,485.0,Mashonaland Central,Mt Darwin,31.8395500183,-16.65555,0.0,1998.0,Karanda,3,0.0,Mission Hospital,0.0,0.0,0.0,0.0,0.0,0.0,0.0,0.0,0.0,0.0,0.0,0.0,0.0,0.0,0.0,0.0,0.0,0.0,0.0,0.0,0.0,0.0,0.0,0.0,0.0,0.0,0.0,0,0.0,,,3,Mission Hospital,Mission/Church,False,False,True
1125.0,708.0,Mashonaland Central,Mt Darwin,31.5887203217,-16.77578,0.0,1998.0,Mt Darwin,2,0.0,District Hospital,0.0,0.0,0.0,0.0,0.0,0.0,0.0,0.0,0.0,0.0,0.0,0.0,0.0,0.0,0.0,0.0,0.0,0.0,0.0,0.0,0.0,0.0,0.0,0.0,0.0,0.0,0.0,0,0.0,,,2,District Hospital,Government,False,False,True
1126.0,739.0,Mashonaland Central,Mt Darwin,31.6518993378,-16.20028,0.0,1998.0,Mukumbura,5,0.0,Clinic,0.0,0.0,0.0,0.0,0.0,0.0,0.0,0.0,0.0,0.0,0.0,0.0,0.0,0.0,0.0,0.0,0.0,0.0,0.0,0.0,0.0,0.0,0.0,0.0,0.0,0.0,0.0,0,0.0,,,5,Clinic,Government/Council,False,False,True
1127.0,802.0,Mashonaland Central,Mt Darwin,31.5227203369,-16.60139,0.0,1998.0,Mutungagore,5,0.0,Clinic,0.0,0.0,0.0,0.0,0.0,0.0,0.0,0.0,0.0,0.0,0.0,0.0,0.0,0.0,0.0,0.0,0.0,0.0,0.0,0.0,0.0,0.0,0.0,0.0,0.0,0.0,0.0,0,0.0,,,5,Clinic,Government/Council,False,False,True
1128.0,830.0,Mashonaland Central,Mt Darwin,31.5001506805,-16.58956,0.0,1998.0,Nembire,5,0.0,Clinic,0.0,0.0,0.0,0.0,0.0,0.0,0.0,0.0,0.0,0.0,0.0,0.0,0.0,0.0,0.0,0.0,0.0,0.0,0.0,0.0,0.0,0.0,0.0,0.0,0.0,0.0,0.0,0,0.0,,,5,Clinic,Government/Council,False,False,True
1129.0,888.0,Mashonaland Central,Mt Darwin,31.8836898804,-16.70283,0.0,1998.0,Nyamahobobo,5,0.0,Clinic,0.0,0.0,0.0,0.0,0.0,0.0,0.0,0.0,0.0,0.0,0.0,0.0,0.0,0.0,0.0,0.0,0.0,0.0,0.0,0.0,0.0,0.0,0.0,0.0,0.0,0.0,0.0,0,0.0,,,5,Clinic,Government/Council,False,False,True
1130.0,944.0,Mashonaland Central,Mt Darwin,31.7713603973,-16.56711,0.0,1998.0,Pachanza,5,0.0,Clinic,0.0,0.0,0.0,0.0,0.0,0.0,0.0,0.0,0.0,0.0,0.0,0.0,0.0,0.0,0.0,0.0,0.0,0.0,0.0,0.0,0.0,0.0,0.0,0.0,0.0,0.0,0.0,0,0.0,,Clinic,5,Clinic,Government/Council,False,False,True
1131.0,953.0,Mashonaland Central,Mt Darwin,31.9003295898,-16.57581,0.0,1998.0,Pfunyanguwo,5,0.0,Clinic,0.0,0.0,0.0,0.0,0.0,0.0,0.0,0.0,0.0,0.0,0.0,0.0,0.0,0.0,0.0,0.0,0.0,0.0,0.0,0.0,0.0,0.0,0.0,0.0,0.0,0.0,0.0,0,0.0,,Clinic,5,Clinic,Government/Council,False,False,True
1132.0,1137.0,Mashonaland Central,Mt Darwin,31.5561103821,-16.82555,0.0,1998.0,Tsakare,5,0.0,Clinic,0.0,0.0,0.0,0.0,0.0,0.0,0.0,0.0,0.0,0.0,0.0,0.0,0.0,0.0,0.0,0.0,0.0,0.0,0.0,0.0,0.0,0.0,0.0,0.0,0.0,0.0,0.0,0,0.0,,,5,Clinic,Government/Council,False,False,True
1133.0,0.0,Mashonaland Central,Mt Darwin,31.339,-16.7034,0.0,2013.0,Chiburi ,,0.0, ZPS ,1.0,1.0,0.0,2.0,1.0,0.0,0.0,10.0,0.0,0.0,13597.0,0.0,1.0,0.0,1.0,0.0,1.0,0.0,0.0,0.0,0.0,0.0,0.0,0.0,0.0,0.0,0.0,1,0.0,,,,ZPS,Unspecified,False,False,True
1134.0,0.0,Mashonaland Central,Mt Darwin,31.6659,-16.7597,0.0,2013.0,Matope ,,0.0,Clinic,0.0,0.0,0.0,0.0,0.0,0.0,0.0,0.0,0.0,0.0,0.0,0.0,0.0,0.0,0.0,0.0,0.0,0.0,0.0,0.0,0.0,0.0,0.0,0.0,0.0,0.0,0.0,0,0.0,,,,Clinic,Unspecified,False,False,True
1135.0,0.0,Mashonaland Central,Mt Darwin,31.5761,-16.7799,0.0,2013.0,Mt Darwin, ZPS ,2005.0,Clinic,0.0,2.0,0.0,0.0,0.0,0.0,0.0,0.0,0.0,0.0,100.0,2.0,0.0,0.0,1.0,0.0,1.0,0.0,0.0,0.0,0.0,0.0,0.0,0.0,0.0,0.0,0.0,0,0.0,,,ZPS,Clinic,"Excluded - restricted access (prison/police, not public)",False,False,False
1136.0,0.0,Mashonaland Central,Mt Darwin,31.6157,-16.4287,0.0,2013.0,Mutasa ,,0.0,Clinic,0.0,0.0,0.0,0.0,0.0,0.0,0.0,0.0,0.0,0.0,0.0,0.0,0.0,0.0,0.0,0.0,0.0,0.0,0.0,0.0,0.0,0.0,0.0,0.0,0.0,0.0,0.0,0,0.0,,,,Clinic,Unspecified,False,False,True
1137.0,140.0,Mashonaland East,Mudzi,32.7895584106,-17.20656,0.0,1998.0,Chikwizo,5,0.0,Clinic,0.0,0.0,0.0,0.0,0.0,0.0,0.0,0.0,0.0,0.0,0.0,0.0,0.0,0.0,0.0,0.0,0.0,0.0,0.0,0.0,0.0,0.0,0.0,0.0,0.0,0.0,0.0,0,0.0,,Clinic,5,Clinic,Government/Council,False,False,True
1138.0,149.0,Mashonaland East,Mudzi,32.50730896,-16.96742,0.0,1998.0,Chimukoko,4,0.0,Rural Health Centre,0.0,0.0,0.0,0.0,0.0,0.0,0.0,0.0,0.0,0.0,0.0,0.0,0.0,0.0,0.0,0.0,0.0,0.0,0.0,0.0,0.0,0.0,0.0,0.0,0.0,0.0,0.0,0,0.0,,,4,Rural Health Centre,Government,False,False,True
1139.0,156.0,Mashonaland East,Mudzi,32.554309845,-16.86803,0.0,1998.0,Chingamuka,6,0.0,Rural Health Centre,0.0,0.0,0.0,0.0,0.0,0.0,0.0,0.0,0.0,0.0,0.0,0.0,0.0,0.0,0.0,0.0,0.0,0.0,0.0,0.0,0.0,0.0,0.0,0.0,0.0,0.0,0.0,0,0.0,,,6,Rural Health Centre,Government,False,False,True
1140.0,199.0,Mashonaland East,Mudzi,32.3582496643,-16.95819,0.0,1998.0,Chisvo,5,0.0,Clinic,0.0,0.0,0.0,0.0,0.0,0.0,0.0,0.0,0.0,0.0,0.0,0.0,0.0,0.0,0.0,0.0,0.0,0.0,0.0,0.0,0.0,0.0,0.0,0.0,0.0,0.0,0.0,0,0.0,,Clinic,5,Clinic,Government/Council,False,False,True
1141.0,220.0,Mashonaland East,Mudzi,32.2871398926,-17.00475,0.0,1998.0,Chiunye,6,0.0,Rural Health Centre,0.0,0.0,0.0,0.0,0.0,0.0,0.0,0.0,0.0,0.0,0.0,0.0,0.0,0.0,0.0,0.0,0.0,0.0,0.0,0.0,0.0,0.0,0.0,0.0,0.0,0.0,0.0,0,0.0,,,6,Rural Health Centre,Government,False,False,True
1142.0,268.0,Mashonaland East,Mudzi,32.7207489014,-16.95756,0.0,1998.0,Dendera,5,0.0,Clinic,0.0,0.0,0.0,0.0,0.0,0.0,0.0,0.0,0.0,0.0,0.0,0.0,0.0,0.0,0.0,0.0,0.0,0.0,0.0,0.0,0.0,0.0,0.0,0.0,0.0,0.0,0.0,0,0.0,,,5,Clinic,Government/Council,False,False,True
1143.0,360.0,Mashonaland East,Mudzi,32.8670005798,-17.18619,0.0,1998.0,Gozi,6,0.0,Rural Health Centre,0.0,0.0,0.0,0.0,0.0,0.0,0.0,0.0,0.0,0.0,0.0,0.0,0.0,0.0,0.0,0.0,0.0,0.0,0.0,0.0,0.0,0.0,0.0,0.0,0.0,0.0,0.0,0,0.0,,,6,Rural Health Centre,Government,False,False,True
1144.0,484.0,Mashonaland East,Mudzi,32.7521896362,-17.01956,0.0,1998.0,Kapotesa,6,0.0,Rural Health Centre,0.0,0.0,0.0,0.0,0.0,0.0,0.0,0.0,0.0,0.0,0.0,0.0,0.0,0.0,0.0,0.0,0.0,0.0,0.0,0.0,0.0,0.0,0.0,0.0,0.0,0.0,0.0,0,0.0,,,6,Rural Health Centre,Government,False,False,True
1145.0,502.0,Mashonaland East,Mudzi,32.6563606262,-16.90114,0.0,1998.0,Kondo,6,0.0,Rural Health Centre,0.0,0.0,0.0,0.0,0.0,0.0,0.0,0.0,0.0,0.0,0.0,0.0,0.0,0.0,0.0,0.0,0.0,0.0,0.0,0.0,0.0,0.0,0.0,0.0,0.0,0.0,0.0,0,0.0,,,6,Rural Health Centre,Government,False,False,True
1146.0,506.0,Mashonaland East,Mudzi,32.6728286743,-17.00811,0.0,1998.0,Kotwa,5,0.0,Clinic,0.0,0.0,0.0,0.0,0.0,0.0,0.0,0.0,0.0,0.0,0.0,0.0,0.0,0.0,0.0,0.0,0.0,0.0,0.0,0.0,0.0,0.0,0.0,0.0,0.0,0.0,0.0,0,0.0,,,5,Clinic,Government/Council,False,False,True
1147.0,507.0,Mashonaland East,Mudzi,32.6693611145,-16.98928,0.0,1998.0,Kotwa,2,0.0,District Hospital,0.0,0.0,0.0,0.0,0.0,0.0,0.0,0.0,0.0,0.0,0.0,0.0,0.0,0.0,0.0,0.0,0.0,0.0,0.0,0.0,0.0,0.0,0.0,0.0,0.0,0.0,0.0,0,0.0,,,2,District Hospital,Government,False,False,True
1148.0,567.0,Mashonaland East,Mudzi,32.6240310669,-17.28722,0.0,1998.0,Makaha,6,0.0,Rural Health Centre,0.0,0.0,0.0,0.0,0.0,0.0,0.0,0.0,0.0,0.0,0.0,0.0,0.0,0.0,0.0,0.0,0.0,0.0,0.0,0.0,0.0,0.0,0.0,0.0,0.0,0.0,0.0,0,0.0,,,6,Rural Health Centre,Government,False,False,True
1149.0,614.0,Mashonaland East,Mudzi,32.5702781677,-17.03969,0.0,1998.0,Masarakufa,6,0.0,Rural Health Centre,0.0,0.0,0.0,0.0,0.0,0.0,0.0,0.0,0.0,0.0,0.0,0.0,0.0,0.0,0.0,0.0,0.0,0.0,0.0,0.0,0.0,0.0,0.0,0.0,0.0,0.0,0.0,0,0.0,,,6,Rural Health Centre,Government,False,False,True
1150.0,619.0,Mashonaland East,Mudzi,32.2544708252,-17.10814,0.0,1998.0,Masenda,6,0.0,Rural Health Centre,0.0,0.0,0.0,0.0,0.0,0.0,0.0,0.0,0.0,0.0,0.0,0.0,0.0,0.0,0.0,0.0,0.0,0.0,0.0,0.0,0.0,0.0,0.0,0.0,0.0,0.0,0.0,0,0.0,,,6,Rural Health Centre,Government,False,False,True
1151.0,880.0,Mashonaland East,Mudzi,32.888168335,-16.81739,0.0,1998.0,Nyahuku,5,0.0,Clinic,0.0,0.0,0.0,0.0,0.0,0.0,0.0,0.0,0.0,0.0,0.0,0.0,0.0,0.0,0.0,0.0,0.0,0.0,0.0,0.0,0.0,0.0,0.0,0.0,0.0,0.0,0.0,0,0.0,,,5,Clinic,Government/Council,False,False,True
1152.0,891.0,Mashonaland East,Mudzi,32.5049705505,-16.87269,0.0,1998.0,Nyamanyora,6,0.0,Rural Health Centre,0.0,0.0,0.0,0.0,0.0,0.0,0.0,0.0,0.0,0.0,0.0,0.0,0.0,0.0,0.0,0.0,0.0,0.0,0.0,0.0,0.0,0.0,0.0,0.0,0.0,0.0,0.0,0,0.0,,,6,Rural Health Centre,Government,False,False,True
1153.0,892.0,Mashonaland East,Mudzi,32.8657188416,-16.96828,0.0,1998.0,Nyamapanda,5,0.0,Clinic,0.0,0.0,0.0,0.0,0.0,0.0,0.0,0.0,0.0,0.0,0.0,0.0,0.0,0.0,0.0,0.0,0.0,0.0,0.0,0.0,0.0,0.0,0.0,0.0,0.0,0.0,0.0,0,0.0,,,5,Clinic,Government/Council,False,False,True
1154.0,895.0,Mashonaland East,Mudzi,32.6553115845,-17.20389,0.0,1998.0,Nyamatawa,5,0.0,Clinic,0.0,0.0,0.0,0.0,0.0,0.0,0.0,0.0,0.0,0.0,0.0,0.0,0.0,0.0,0.0,0.0,0.0,0.0,0.0,0.0,0.0,0.0,0.0,0.0,0.0,0.0,0.0,0,0.0,,,5,Clinic,Government/Council,False,False,True
1155.0,907.0,Mashonaland East,Mudzi,32.3185005188,-17.07097,0.0,1998.0,Nyamukoho,5,0.0,Clinic,0.0,0.0,0.0,0.0,0.0,0.0,0.0,0.0,0.0,0.0,0.0,0.0,0.0,0.0,0.0,0.0,0.0,0.0,0.0,0.0,0.0,0.0,0.0,0.0,0.0,0.0,0.0,0,0.0,,,5,Clinic,Government/Council,False,False,True
1156.0,1050.0,Mashonaland East,Mudzi,32.4394989014,-17.00806,0.0,1998.0,Shinga,5,0.0,Clinic,0.0,0.0,0.0,0.0,0.0,0.0,0.0,0.0,0.0,0.0,0.0,0.0,0.0,0.0,0.0,0.0,0.0,0.0,0.0,0.0,0.0,0.0,0.0,0.0,0.0,0.0,0.0,0,0.0,,,5,Clinic,Government/Council,False,False,True
1157.0,1099.0,Mashonaland East,Mudzi,32.8059692383,-16.75703,0.0,1998.0,St. Pius,6,0.0,Rural Health Centre,0.0,0.0,0.0,0.0,0.0,0.0,0.0,0.0,0.0,0.0,0.0,0.0,0.0,0.0,0.0,0.0,0.0,0.0,0.0,0.0,0.0,0.0,0.0,0.0,0.0,0.0,0.0,0,0.0,,,6,Rural Health Centre,Government,False,False,True
1158.0,1107.0,Mashonaland East,Mudzi,32.4053916931,-17.17456,0.0,1998.0,Suswe,6,0.0,Rural Health Centre,0.0,0.0,0.0,0.0,0.0,0.0,0.0,0.0,0.0,0.0,0.0,0.0,0.0,0.0,0.0,0.0,0.0,0.0,0.0,0.0,0.0,0.0,0.0,0.0,0.0,0.0,0.0,0,0.0,,,6,Rural Health Centre,Government,False,False,True
1159.0,0.0,Mashonaland East,Mudzi,32.6729,-16.9917,0.0,2013.0,Kotwa ,,0.0,Clinic,0.0,0.0,0.0,2.0,0.0,0.0,0.0,3.0,0.0,0.0,16729.0,0.0,1.0,0.0,1.0,0.0,1.0,0.0,0.0,1.0,1.0,0.0,0.0,1.0,0.0,1.0,0.0,1,0.0,,,,Clinic,Unspecified,False,False,True
1160.0,0.0,Mashonaland East,Mudzi,32.4498,-17.1149,0.0,2013.0,Mudzi Camp,,0.0,Clinic,0.0,1.0,0.0,0.0,1.0,1.0,0.0,7.0,0.0,0.0,4000.0,32.0,0.0,0.0,1.0,0.0,1.0,0.0,0.0,1.0,0.0,0.0,0.0,1.0,1.0,0.0,0.0,0,0.0,,,,Clinic,Unspecified,False,False,True
1161.0,204.0,Mashonaland East,Murehwa,31.8865299225,-17.67478,0.0,1998.0,Chitate,6,0.0,Rural Health Centre,0.0,0.0,0.0,0.0,0.0,0.0,0.0,0.0,0.0,0.0,0.0,0.0,0.0,0.0,0.0,0.0,0.0,0.0,0.0,0.0,0.0,0.0,0.0,0.0,0.0,0.0,0.0,0,0.0,,,6,Rural Health Centre,Government,False,False,True
1162.0,212.0,Mashonaland East,Murehwa,31.8681907654,-17.52417,0.0,1998.0,Chitowa,5,0.0,Clinic,0.0,0.0,0.0,0.0,0.0,0.0,0.0,0.0,0.0,0.0,0.0,0.0,0.0,0.0,0.0,0.0,0.0,0.0,0.0,0.0,0.0,0.0,0.0,0.0,0.0,0.0,0.0,0,0.0,,Clinic,5,Clinic,Government/Council,False,False,True
1163.0,258.0,Mashonaland East,Murehwa,31.6860599518,-17.50764,0.0,1998.0,Dandara,5,0.0,Clinic,0.0,0.0,0.0,0.0,0.0,0.0,0.0,0.0,0.0,0.0,0.0,0.0,0.0,0.0,0.0,0.0,0.0,0.0,0.0,0.0,0.0,0.0,0.0,0.0,0.0,0.0,0.0,0,0.0,,,5,Clinic,Government/Council,False,False,True
1164.0,446.0,Mashonaland East,Murehwa,32.0895614624,-17.75797,0.0,1998.0,Jekwa,6,0.0,Rural Health Centre,0.0,0.0,0.0,0.0,0.0,0.0,0.0,0.0,0.0,0.0,0.0,0.0,0.0,0.0,0.0,0.0,0.0,0.0,0.0,0.0,0.0,0.0,0.0,0.0,0.0,0.0,0.0,0,0.0,,,6,Rural Health Centre,Government,False,False,True
1165.0,468.0,Mashonaland East,Murehwa,31.7369995117,-17.78822,0.0,1998.0,Kadzere,5,0.0,Clinic,0.0,0.0,0.0,0.0,0.0,0.0,0.0,0.0,0.0,0.0,0.0,0.0,0.0,0.0,0.0,0.0,0.0,0.0,0.0,0.0,0.0,0.0,0.0,0.0,0.0,0.0,0.0,0,0.0,,,5,Clinic,Government/Council,False,False,True
1166.0,542.0,Mashonaland East,Murehwa,31.8556098938,-18.15306,0.0,1998.0,Macheke,5,0.0,Clinic,0.0,0.0,0.0,0.0,0.0,0.0,0.0,0.0,0.0,0.0,0.0,0.0,0.0,0.0,0.0,0.0,0.0,0.0,0.0,0.0,0.0,0.0,0.0,0.0,0.0,0.0,0.0,0,0.0,,,5,Clinic,Government/Council,False,False,True
1167.0,545.0,Mashonaland East,Murehwa,31.6540298462,-17.47419,0.0,1998.0,Madamombe,6,0.0,Rural Health Centre,0.0,0.0,0.0,0.0,0.0,0.0,0.0,0.0,0.0,0.0,0.0,0.0,0.0,0.0,0.0,0.0,0.0,0.0,0.0,0.0,0.0,0.0,0.0,0.0,0.0,0.0,0.0,0,0.0,,,6,Rural Health Centre,Government,False,False,True
1168.0,1170.0,Mashonaland East,Murehwa,31.9340000153,-17.88836,0.0,1998.0,Waterloo,5,0.0,Clinic,0.0,0.0,0.0,0.0,0.0,0.0,0.0,0.0,0.0,0.0,0.0,0.0,0.0,0.0,0.0,0.0,0.0,0.0,0.0,0.0,0.0,0.0,0.0,0.0,0.0,0.0,0.0,0,0.0,,,5,Clinic,Government/Council,False,False,True
1169.0,744.0,Mashonaland East,Murehwa,31.5907802582,-17.89122,0.0,1998.0,Munamba,6,0.0,Rural Health Centre,0.0,0.0,0.0,0.0,0.0,0.0,0.0,0.0,0.0,0.0,0.0,0.0,0.0,0.0,0.0,0.0,0.0,0.0,0.0,0.0,0.0,0.0,0.0,0.0,0.0,0.0,0.0,0,0.0,,,6,Rural Health Centre,Government,False,False,True
1170.0,759.0,Mashonaland East,Murehwa,31.7876396179,-17.65783,0.0,1998.0,Murewa,2,0.0,District Hospital,0.0,0.0,0.0,0.0,0.0,0.0,0.0,0.0,0.0,0.0,0.0,0.0,0.0,0.0,0.0,0.0,0.0,0.0,0.0,0.0,0.0,0.0,0.0,0.0,0.0,0.0,0.0,0,0.0,,,2,District Hospital,Government,False,False,True
1171.0,852.0,Mashonaland East,Murehwa,31.934469223,-17.87206,0.0,1998.0,Nhowe,5,0.0,Clinic,0.0,0.0,0.0,0.0,0.0,0.0,0.0,0.0,0.0,0.0,0.0,0.0,0.0,0.0,0.0,0.0,0.0,0.0,0.0,0.0,0.0,0.0,0.0,0.0,0.0,0.0,0.0,0,0.0,,,5,Clinic,Government/Council,False,False,True
1172.0,853.0,Mashonaland East,Murehwa,31.9407501221,-17.85256,0.0,1998.0,Nhowe,3,0.0,Mission Hospital,0.0,0.0,0.0,0.0,0.0,0.0,0.0,0.0,0.0,0.0,0.0,0.0,0.0,0.0,0.0,0.0,0.0,0.0,0.0,0.0,0.0,0.0,0.0,0.0,0.0,0.0,0.0,0,0.0,,,3,Mission Hospital,Mission/Church,False,False,True
1173.0,909.0,Mashonaland East,Murehwa,31.61743927,-17.62108,0.0,1998.0,Nyamutumbu,5,0.0,Clinic,0.0,0.0,0.0,0.0,0.0,0.0,0.0,0.0,0.0,0.0,0.0,0.0,0.0,0.0,0.0,0.0,0.0,0.0,0.0,0.0,0.0,0.0,0.0,0.0,0.0,0.0,0.0,0,0.0,,,5,Clinic,Government/Council,False,False,True
1174.0,1038.0,Mashonaland East,Murehwa,31.6393108368,-17.87231,0.0,1998.0,Shambamuto,5,0.0,Clinic,0.0,0.0,0.0,0.0,0.0,0.0,0.0,0.0,0.0,0.0,0.0,0.0,0.0,0.0,0.0,0.0,0.0,0.0,0.0,0.0,0.0,0.0,0.0,0.0,0.0,0.0,0.0,0,0.0,,Clinic,5,Clinic,Government/Council,False,False,True
1175.0,1091.0,Mashonaland East,Murehwa,31.5858592987,-17.75058,0.0,1998.0,St Pauls Musami,3,0.0,Mission Hospital,0.0,0.0,0.0,0.0,0.0,0.0,0.0,0.0,0.0,0.0,0.0,0.0,0.0,0.0,0.0,0.0,0.0,0.0,0.0,0.0,0.0,0.0,0.0,0.0,0.0,0.0,0.0,0,0.0,,,3,Mission Hospital,Mission/Church,False,False,True
1176.0,1467.0,Mashonaland East,Murehwa,31.97012,-17.67149,0.0,2007.0,Wuyuwuyu,5,2006.0,Clinic,0.0,0.0,0.0,0.0,0.0,0.0,0.0,0.0,0.0,0.0,2000.0,27.0,0.0,0.0,0.0,0.0,0.0,0.0,7.0,0.0,1.0,0.0,0.0,1.0,0.0,1.0,0.0,0,0.0,under construction,Clinic,5,Clinic,Government/Council,False,False,True
1177.0,1468.0,Mashonaland East,Murehwa,31.80101,-18.10296,0.0,2007.0,Welcome Home Liden,5,2006.0,Clinic,0.0,0.0,0.0,0.0,0.0,0.0,0.0,3.0,0.0,3.0,2000.0,40.0,0.0,1.0,1.0,1.0,1.0,0.0,0.0,1.0,1.0,0.0,0.0,1.0,0.0,1.0,1.0,1,0.0,Farm House (Not yet functional),Clinic,5,Clinic,Government/Council,False,False,True
1178.0,1469.0,Mashonaland East,Murehwa,31.82746,-17.96305,0.0,2007.0,Craiglea,5,2003.0,Clinic,0.0,1.0,0.0,0.0,0.0,0.0,0.0,2.0,0.0,2.0,9000.0,20.0,0.0,0.0,1.0,0.0,1.0,0.0,0.0,1.0,1.0,0.0,0.0,1.0,0.0,1.0,0.0,1,0.0,,Clinic,5,Clinic,Government/Council,False,False,True
1179.0,1470.0,Mashonaland East,Murehwa,31.58967,-17.76112,0.0,2007.0,Nehoreka,7,2006.0,Private Clinic,0.0,1.0,1.0,0.0,0.0,0.0,0.0,4.0,0.0,4.0,4000.0,1.0,0.0,1.0,0.0,1.0,1.0,0.0,0.0,0.0,1.0,0.0,0.0,0.0,0.0,1.0,0.0,0,0.0,,,7,Private Clinic,Private,True,False,False
1180.0,1471.0,Mashonaland East,Murehwa,31.73656,-17.48069,0.0,2007.0,S T Parirenyatwa,6,2006.0,Rural Health Centre,0.0,1.0,0.0,0.0,0.0,0.0,0.0,1.0,0.0,1.0,4000.0,35.0,0.0,0.0,0.0,0.0,0.0,0.0,35.0,0.0,0.0,0.0,0.0,0.0,0.0,1.0,0.0,0,0.0,,,6,Rural Health Centre,Government,False,False,True
1181.0,1472.0,Mashonaland East,Murehwa,31.69831,-17.58456,0.0,2007.0,Ngwerume,5,2002.0,Clinic,0.0,0.0,0.0,0.0,0.0,0.0,0.0,1.0,1.0,0.0,6000.0,16.0,0.0,0.0,0.0,1.0,0.0,0.0,1.0,0.0,1.0,0.0,0.0,0.0,0.0,1.0,0.0,1,0.0,,Clinic,5,Clinic,Government/Council,False,False,True
1182.0,1473.0,Mashonaland East,Murehwa,31.69828,-17.88353,0.0,2007.0,Chizanga,5,2006.0,Clinic,0.0,0.0,0.0,0.0,0.0,0.0,0.0,0.0,0.0,0.0,2000.0,35.0,0.0,0.0,0.0,0.0,0.0,0.0,5.0,0.0,0.0,0.0,0.0,0.0,0.0,1.0,0.0,0,0.0,under construction,Clinic,5,Clinic,Government/Council,False,False,True
1183.0,1474.0,Mashonaland East,Murehwa,31.7877,-17.65589,0.0,2007.0,Prison,5,2000.0,Clinic,0.0,4.0,0.0,0.0,0.0,0.0,0.0,0.0,1.0,0.0,500.0,0.0,0.0,0.0,1.0,0.0,1.0,0.0,0.0,1.0,0.0,0.0,0.0,1.0,1.0,0.0,0.0,0,0.0,,Clinic,5,Clinic,Government/Council,False,False,True
1184.0,1475.0,Mashonaland East,Murehwa,31.78155,-17.55378,0.0,2007.0,Goso,5,2006.0,Clinic,0.0,1.0,1.0,0.0,0.0,0.0,0.0,1.0,0.0,1.0,2000.0,10.0,0.0,0.0,0.0,0.0,0.0,0.0,1.0,0.0,0.0,0.0,0.0,0.0,0.0,1.0,0.0,0,0.0,,Clinic,5,Clinic,Government/Council,False,False,True
1185.0,0.0,Mashonaland East,Murehwa,31.8661,-17.5234,0.0,2013.0,Chitowa 1,,2000.0,RHC,0.0,1.0,1.0,0.0,0.0,0.0,0.0,6.0,0.0,0.0,0.0,32.0,0.0,0.0,0.0,0.0,0.0,0.0,0.0,0.0,1.0,0.0,0.0,1.0,0.0,0.0,0.0,1,0.0,,,,RHC,Unspecified,False,False,True
1186.0,0.0,Mashonaland East,Murehwa,31.9116,-17.5988,0.0,2013.0,Chitowa 2 ,,2003.0,Clinic,0.0,0.0,1.0,2.0,0.0,0.0,0.0,0.0,0.0,0.0,807.0,16.0,0.0,0.0,1.0,0.0,0.0,0.0,0.0,0.0,1.0,0.0,0.0,1.0,0.0,1.0,0.0,1,0.0,,,,Clinic,Unspecified,False,False,True
1187.0,0.0,Mashonaland East,Murehwa,31.9716,-17.7698,0.0,2013.0,Dombwe ,,1981.0,RHC,0.0,0.0,1.0,2.0,1.0,0.0,0.0,6.0,0.0,0.0,4076.0,15.0,0.0,0.0,1.0,0.0,1.0,0.0,0.0,1.0,1.0,0.0,0.0,1.0,0.0,1.0,0.0,1,0.0,,,,RHC,Unspecified,False,False,True
1188.0,0.0,Mashonaland East,Murehwa,31.7797,-17.8838,0.0,2013.0,Kadenge ,,1985.0,RHC,0.0,2.0,0.0,0.0,0.0,0.0,0.0,0.0,0.0,0.0,6004.0,40.0,0.0,0.0,1.0,0.0,1.0,0.0,0.0,1.0,1.0,0.0,0.0,1.0,0.0,1.0,0.0,1,0.0,,,,RHC,Unspecified,False,False,True
1189.0,0.0,Mashonaland East,Murehwa,31.7326,-17.6268,0.0,2013.0,Kambarami ,,2009.0,Clinic,0.0,0.0,0.0,2.0,0.0,0.0,0.0,5.0,0.0,0.0,0.0,8.0,0.0,0.0,0.0,0.0,0.0,0.0,0.0,0.0,1.0,0.0,0.0,1.0,1.0,0.0,0.0,1,0.0,,,,Clinic,Unspecified,False,False,True
1190.0,0.0,Mashonaland East,Murehwa,31.7366,-17.4807,0.0,2013.0,Matututu ,,2003.0,RHC,0.0,0.0,1.0,0.0,0.0,0.0,0.0,8.0,0.0,0.0,4487.0,28.0,0.0,0.0,0.0,0.0,0.0,0.0,0.0,0.0,1.0,0.0,0.0,0.0,0.0,1.0,0.0,1,0.0,,,,RHC,Unspecified,False,False,True
1191.0,0.0,Mashonaland East,Murehwa,31.7346,-17.5402,0.0,2013.0,Muchinjike ,,0.0,RHC,0.0,1.0,0.0,0.0,0.0,0.0,0.0,1.0,0.0,0.0,3027.0,15.0,0.0,0.0,1.0,0.0,1.0,0.0,0.0,0.0,1.0,0.0,0.0,1.0,0.0,0.0,0.0,0,0.0,,,,RHC,Unspecified,False,False,True
1192.0,0.0,Mashonaland East,Murehwa,31.789,-17.6546,0.0,2013.0,Murehwa, ZRP ,0.0,Clinic,1.0,4.0,2.0,0.0,0.0,0.0,0.0,2.0,0.0,0.0,1916.0,3.0,0.0,0.0,1.0,0.0,1.0,0.0,0.0,1.0,0.0,0.0,0.0,1.0,0.0,1.0,0.0,0,0.0,,,ZRP,Clinic,"Excluded - restricted access (prison/police, not public)",False,False,False
1193.0,0.0,Mashonaland East,Murehwa,31.7801,-17.6415,0.0,2013.0,Murewa ,,1996.0,Poly Clinic,0.0,2.0,2.0,3.0,0.0,0.0,0.0,8.0,0.0,0.0,24393.0,2.0,0.0,0.0,1.0,0.0,1.0,0.0,0.0,1.0,1.0,0.0,0.0,1.0,0.0,1.0,1.0,1,0.0,,,,Poly Clinic,Unspecified,False,False,True
1194.0,0.0,Mashonaland East,Murehwa,32.0907,-17.8553,0.0,2013.0,Virginia Clinic,,0.0,Clinic,0.0,1.0,0.0,0.0,0.0,0.0,0.0,1.0,0.0,0.0,1392.0,24.0,0.0,0.0,0.0,0.0,1.0,0.0,0.0,0.0,1.0,0.0,0.0,1.0,1.0,0.0,1.0,1,0.0,,,,Clinic,Unspecified,False,False,True
1195.0,0.0,Mashonaland East,Murehwa,31.779,-17.6581,0.0,2013.0,Murewa OPD,,0.0,Clinic,3.0,2.0,0.0,39.0,4.0,2.0,5.0,130.0,0.0,0.0,195000.0,89.0,0.0,0.0,1.0,0.0,1.0,0.0,0.0,1.0,1.0,0.0,0.0,1.0,0.0,1.0,0.0,0,1.0,,,,Clinic,Unspecified,False,False,True
1196.0,19.0,Manicaland,Mutare,32.3514404297,-19.30542,0.0,1998.0,Bakorenhema,5,0.0,Gvt Clinic,0.0,0.0,0.0,0.0,0.0,0.0,0.0,0.0,0.0,0.0,0.0,0.0,0.0,0.0,0.0,0.0,0.0,0.0,0.0,0.0,0.0,0.0,0.0,0.0,0.0,0.0,0.0,0,0.0,,,5,Gvt Clinic,Government/Council,False,False,True
1197.0,34.0,Manicaland,Mutare,32.4892807007,-19.25094,0.0,1998.0,Berzerly Bridge,5,0.0,clinic,0.0,0.0,0.0,0.0,0.0,0.0,0.0,0.0,0.0,0.0,0.0,0.0,0.0,0.0,0.0,0.0,0.0,0.0,0.0,0.0,0.0,0.0,0.0,0.0,0.0,0.0,0.0,0,0.0,,,5,clinic,Government/Council,False,False,True
1198.0,61.0,Manicaland,Mutare,32.8068618774,-19.20719,0.0,1998.0,Burma Valley,5,0.0,clinic,0.0,0.0,0.0,0.0,0.0,0.0,0.0,0.0,0.0,0.0,0.0,0.0,0.0,0.0,0.0,0.0,0.0,0.0,0.0,0.0,0.0,0.0,0.0,0.0,0.0,0.0,0.0,0,0.0,,,5,clinic,Government/Council,False,False,True
1199.0,67.0,Manicaland,Mutare,32.8199386597,-19.05786,0.0,1998.0,Bvumba,7,0.0,Private Clinic,0.0,0.0,0.0,0.0,0.0,0.0,0.0,0.0,0.0,0.0,0.0,0.0,0.0,0.0,0.0,0.0,0.0,0.0,0.0,0.0,0.0,0.0,0.0,0.0,0.0,0.0,0.0,0,0.0,,,7,Private Clinic,Private,True,False,False
1200.0,69.0,Manicaland,Mutare,32.4355812073,-19.35569,0.0,1998.0,Bwizi,5,0.0,clinic,0.0,0.0,0.0,0.0,0.0,0.0,0.0,0.0,0.0,0.0,0.0,0.0,0.0,0.0,0.0,0.0,0.0,0.0,0.0,0.0,0.0,0.0,0.0,0.0,0.0,0.0,0.0,0,0.0,,,5,clinic,Government/Council,False,False,True
1201.0,109.0,Manicaland,Mutare,32.3373908997,-19.61906,0.0,1998.0,Chiadzwa,6,0.0,Rural Health Centre,0.0,0.0,0.0,0.0,0.0,0.0,0.0,0.0,0.0,0.0,0.0,0.0,0.0,0.0,0.0,0.0,0.0,0.0,0.0,0.0,0.0,0.0,0.0,0.0,0.0,0.0,0.0,0,0.0,,,6,Rural Health Centre,Government,False,False,True
1202.0,122.0,Manicaland,Mutare,32.641078949,-18.96889,0.0,1998.0,Chikanga,5,0.0,Clinic,0.0,0.0,0.0,0.0,0.0,0.0,0.0,0.0,0.0,0.0,0.0,0.0,0.0,0.0,0.0,0.0,0.0,0.0,0.0,0.0,0.0,0.0,0.0,0.0,0.0,0.0,0.0,0,0.0,,Clinic,5,Clinic,Government/Council,False,False,True
1203.0,137.0,Manicaland,Mutare,32.3067817688,-19.33714,0.0,1998.0,Chikwariro,3,0.0,Mission Hospital,0.0,0.0,0.0,0.0,0.0,0.0,0.0,0.0,0.0,0.0,0.0,0.0,0.0,0.0,0.0,0.0,0.0,0.0,0.0,0.0,0.0,0.0,0.0,0.0,0.0,0.0,0.0,0,0.0,,,3,Mission Hospital,Mission/Church,False,False,True
1204.0,174.0,Manicaland,Mutare,32.7040596008,-19.32369,0.0,1998.0,Chipendeke,6,0.0,Rural Health Centre,0.0,0.0,0.0,0.0,0.0,0.0,0.0,0.0,0.0,0.0,0.0,0.0,0.0,0.0,0.0,0.0,0.0,0.0,0.0,0.0,0.0,0.0,0.0,0.0,0.0,0.0,0.0,0,0.0,,,6,Rural Health Centre,Government,False,False,True
1205.0,175.0,Manicaland,Mutare,32.285358429,-19.17347,0.0,1998.0,Chipfatsura,5,0.0,Clinic,0.0,0.0,0.0,0.0,0.0,0.0,0.0,0.0,0.0,0.0,0.0,0.0,0.0,0.0,0.0,0.0,0.0,0.0,0.0,0.0,0.0,0.0,0.0,0.0,0.0,0.0,0.0,0,0.0,,Clinic,5,Clinic,Government/Council,False,False,True
1206.0,195.0,Manicaland,Mutare,32.4055595398,-19.603,0.0,1998.0,Chishingwi,5,0.0,Clinic,0.0,0.0,0.0,0.0,0.0,0.0,0.0,0.0,0.0,0.0,0.0,0.0,0.0,0.0,0.0,0.0,0.0,0.0,0.0,0.0,0.0,0.0,0.0,0.0,0.0,0.0,0.0,0,0.0,,Clinic,5,Clinic,Government/Council,False,False,True
1207.0,200.0,Manicaland,Mutare,32.4840316772,-19.12181,0.0,1998.0,Chitaka,5,0.0,clinic,0.0,0.0,0.0,0.0,0.0,0.0,0.0,0.0,0.0,0.0,0.0,0.0,0.0,0.0,0.0,0.0,0.0,0.0,0.0,0.0,0.0,0.0,0.0,0.0,0.0,0.0,0.0,0,0.0,,,5,clinic,Government/Council,False,False,True
1208.0,201.0,Manicaland,Mutare,32.6866111755,-19.13406,0.0,1998.0,Chitakatira,5,0.0,Gvt Clinic,0.0,0.0,0.0,0.0,0.0,0.0,0.0,0.0,0.0,0.0,0.0,0.0,0.0,0.0,0.0,0.0,0.0,0.0,0.0,0.0,0.0,0.0,0.0,0.0,0.0,0.0,0.0,0,0.0,,,5,Gvt Clinic,Government/Council,False,False,True
1209.0,210.0,Manicaland,Mutare,32.6231384277,-19.34144,0.0,1998.0,Chitora,8,0.0,Under Construction,0.0,0.0,0.0,0.0,0.0,0.0,0.0,0.0,0.0,0.0,0.0,0.0,0.0,0.0,0.0,0.0,0.0,0.0,0.0,0.0,0.0,0.0,0.0,0.0,0.0,0.0,0.0,0,0.0,,,8,Under Construction,Non-operational/Not yet open,False,True,False
1210.0,233.0,Manicaland,Mutare,32.2506408691,-19.03914,0.0,1998.0,Chiwere,6,0.0,Rural Health Centre,0.0,0.0,0.0,0.0,0.0,0.0,0.0,0.0,0.0,0.0,0.0,0.0,0.0,0.0,0.0,0.0,0.0,0.0,0.0,0.0,0.0,0.0,0.0,0.0,0.0,0.0,0.0,0,0.0,,,6,Rural Health Centre,Government,False,False,True
1211.0,242.0,Manicaland,Mutare,32.6707496643,-18.98767,0.0,1998.0,City Clinic,5,0.0,Clinic,0.0,0.0,0.0,0.0,0.0,0.0,0.0,0.0,0.0,0.0,0.0,0.0,0.0,0.0,0.0,0.0,0.0,0.0,0.0,0.0,0.0,0.0,0.0,0.0,0.0,0.0,0.0,0,0.0,,,5,Clinic,Government/Council,False,False,True
1212.0,259.0,Manicaland,Mutare,32.6001091003,-19.00678,0.0,1998.0,Dangamvura,5,0.0,Clinic,0.0,0.0,0.0,0.0,0.0,0.0,0.0,0.0,0.0,0.0,0.0,0.0,0.0,0.0,0.0,0.0,0.0,0.0,0.0,0.0,0.0,0.0,0.0,0.0,0.0,0.0,0.0,0,0.0,,,5,Clinic,Government/Council,False,False,True
1213.0,293.0,Manicaland,Mutare,32.5222206116,-19.07036,0.0,1998.0,Dora,5,0.0,clinic,0.0,0.0,0.0,0.0,0.0,0.0,0.0,0.0,0.0,0.0,0.0,0.0,0.0,0.0,0.0,0.0,0.0,0.0,0.0,0.0,0.0,0.0,0.0,0.0,0.0,0.0,0.0,0,0.0,,,5,clinic,Government/Council,False,False,True
1214.0,320.0,Manicaland,Mutare,32.6511383057,-19.03792,0.0,1998.0,Fernvalley,5,0.0,Clinic,0.0,0.0,0.0,0.0,0.0,0.0,0.0,0.0,0.0,0.0,0.0,0.0,0.0,0.0,0.0,0.0,0.0,0.0,0.0,0.0,0.0,0.0,0.0,0.0,0.0,0.0,0.0,0,0.0,,,5,Clinic,Government/Council,False,False,True
1215.0,324.0,Manicaland,Mutare,32.6524391174,-18.97078,0.0,1998.0,Florida,5,0.0,Clinic,0.0,0.0,0.0,0.0,0.0,0.0,0.0,0.0,0.0,0.0,0.0,0.0,0.0,0.0,0.0,0.0,0.0,0.0,0.0,0.0,0.0,0.0,0.0,0.0,0.0,0.0,0.0,0,0.0,,,5,Clinic,Government/Council,False,False,True
1216.0,378.0,Manicaland,Mutare,32.6181106567,-19.37139,0.0,1998.0,Gutaurare,6,0.0,Rural Health Centre,0.0,0.0,0.0,0.0,0.0,0.0,0.0,0.0,0.0,0.0,0.0,0.0,0.0,0.0,0.0,0.0,0.0,0.0,0.0,0.0,0.0,0.0,0.0,0.0,0.0,0.0,0.0,0,0.0,,,6,Rural Health Centre,Government,False,False,True
1217.0,395.0,Manicaland,Mutare,32.1725311279,-19.2565,0.0,1998.0,Gwindingwi,6,0.0,Rural Health Centre,0.0,0.0,0.0,0.0,0.0,0.0,0.0,0.0,0.0,0.0,0.0,0.0,0.0,0.0,0.0,0.0,0.0,0.0,0.0,0.0,0.0,0.0,0.0,0.0,0.0,0.0,0.0,0,0.0,,,6,Rural Health Centre,Government,False,False,True
1218.0,586.0,Manicaland,Mutare,32.6351394653,-19.28447,0.0,1998.0,Mambwere,5,0.0,clinic,0.0,0.0,0.0,0.0,0.0,0.0,0.0,0.0,0.0,0.0,0.0,0.0,0.0,0.0,0.0,0.0,0.0,0.0,0.0,0.0,0.0,0.0,0.0,0.0,0.0,0.0,0.0,0,0.0,,,5,clinic,Government/Council,False,False,True
1219.0,605.0,Manicaland,Mutare,32.2742500305,-19.25336,0.0,1998.0,Marange,4,0.0,Rural Hospital,0.0,0.0,0.0,0.0,0.0,0.0,0.0,0.0,0.0,0.0,0.0,0.0,0.0,0.0,0.0,0.0,0.0,0.0,0.0,0.0,0.0,0.0,0.0,0.0,0.0,0.0,0.0,0,0.0,,,4,Rural Hospital,Government,False,False,True
1220.0,618.0,Manicaland,Mutare,32.4243087769,-19.43903,0.0,1998.0,Masasi,5,0.0,clinic,0.0,0.0,0.0,0.0,0.0,0.0,0.0,0.0,0.0,0.0,0.0,0.0,0.0,0.0,0.0,0.0,0.0,0.0,0.0,0.0,0.0,0.0,0.0,0.0,0.0,0.0,0.0,0,0.0,,,5,clinic,Government/Council,False,False,True
1221.0,1190.0,Manicaland,Mutare,32.6234207153,-19.10036,0.0,1998.0,Zimunya,5,0.0,clinic,0.0,0.0,0.0,0.0,0.0,0.0,0.0,0.0,0.0,0.0,0.0,0.0,0.0,0.0,0.0,0.0,0.0,0.0,0.0,0.0,0.0,0.0,0.0,0.0,0.0,0.0,0.0,0,0.0,,,5,clinic,Government/Council,False,False,True
1222.0,1208.0,Manicaland,Mutare,32.1525802612,-19.22053,0.0,1998.0,Zumbare,5,0.0,clinic,0.0,0.0,0.0,0.0,0.0,0.0,0.0,0.0,0.0,0.0,0.0,0.0,0.0,0.0,0.0,0.0,0.0,0.0,0.0,0.0,0.0,0.0,0.0,0.0,0.0,0.0,0.0,0,0.0,,,5,clinic,Government/Council,False,False,True
1223.0,654.0,Manicaland,Mutare,32.2386894226,-19.50536,0.0,1998.0,Mavhiza,5,0.0,Clinic,0.0,0.0,0.0,0.0,0.0,0.0,0.0,0.0,0.0,0.0,0.0,0.0,0.0,0.0,0.0,0.0,0.0,0.0,0.0,0.0,0.0,0.0,0.0,0.0,0.0,0.0,0.0,0,0.0,,,5,Clinic,Government/Council,False,False,True
1224.0,712.0,Manicaland,Mutare,32.1358108521,-19.10497,0.0,1998.0,Mt Zuma,6,0.0,Rural Health Centre,0.0,0.0,0.0,0.0,0.0,0.0,0.0,0.0,0.0,0.0,0.0,0.0,0.0,0.0,0.0,0.0,0.0,0.0,0.0,0.0,0.0,0.0,0.0,0.0,0.0,0.0,0.0,0,0.0,,,6,Rural Health Centre,Government,False,False,True
1225.0,741.0,Manicaland,Mutare,32.3553581238,-19.52181,0.0,1998.0,Mukwada,5,0.0,clinic,0.0,0.0,0.0,0.0,0.0,0.0,0.0,0.0,0.0,0.0,0.0,0.0,0.0,0.0,0.0,0.0,0.0,0.0,0.0,0.0,0.0,0.0,0.0,0.0,0.0,0.0,0.0,0,0.0,,,5,clinic,Government/Council,False,False,True
1226.0,764.0,Manicaland,Mutare,32.556388855,-19.38897,0.0,1998.0,Muromo,6,0.0,Rural Health Centre,0.0,0.0,0.0,0.0,0.0,0.0,0.0,0.0,0.0,0.0,0.0,0.0,0.0,0.0,0.0,0.0,0.0,0.0,0.0,0.0,0.0,0.0,0.0,0.0,0.0,0.0,0.0,0,0.0,,,6,Rural Health Centre,Government,False,False,True
1227.0,776.0,Manicaland,Mutare,32.4408111572,-19.16811,0.0,1998.0,Mushunje,5,0.0,Clinic,0.0,0.0,0.0,0.0,0.0,0.0,0.0,0.0,0.0,0.0,0.0,0.0,0.0,0.0,0.0,0.0,0.0,0.0,0.0,0.0,0.0,0.0,0.0,0.0,0.0,0.0,0.0,0,0.0,,,5,Clinic,Government/Council,False,False,True
1228.0,788.0,Manicaland,Mutare,32.6704711914,-18.96972,0.0,1998.0,Mutare,1,0.0,Provincial Hospital,0.0,0.0,0.0,0.0,0.0,0.0,0.0,0.0,0.0,0.0,0.0,0.0,0.0,0.0,0.0,0.0,0.0,0.0,0.0,0.0,0.0,0.0,0.0,0.0,0.0,0.0,0.0,0,0.0,,,1,Provincial Hospital,Government,False,False,True
1229.0,876.0,Manicaland,Mutare,32.3687210083,-19.11756,0.0,1998.0,Nyagundi,6,0.0,Rural Health Centre,0.0,0.0,0.0,0.0,0.0,0.0,0.0,0.0,0.0,0.0,0.0,0.0,0.0,0.0,0.0,0.0,0.0,0.0,0.0,0.0,0.0,0.0,0.0,0.0,0.0,0.0,0.0,0,0.0,,,6,Rural Health Centre,Government,False,False,True
1230.0,897.0,Manicaland,Mutare,32.4168586731,-18.88764,0.0,1998.0,Nyamazura,6,0.0,Rural Health Centre,0.0,0.0,0.0,0.0,0.0,0.0,0.0,0.0,0.0,0.0,0.0,0.0,0.0,0.0,0.0,0.0,0.0,0.0,0.0,0.0,0.0,0.0,0.0,0.0,0.0,0.0,0.0,0,0.0,,,6,Rural Health Centre,Government,False,False,True
1231.0,936.0,Manicaland,Mutare,32.3712501526,-19.35089,0.0,1998.0,Nzvenga,5,0.0,clinic,0.0,0.0,0.0,0.0,0.0,0.0,0.0,0.0,0.0,0.0,0.0,0.0,0.0,0.0,0.0,0.0,0.0,0.0,0.0,0.0,0.0,0.0,0.0,0.0,0.0,0.0,0.0,0,0.0,,,5,clinic,Government/Council,False,False,True
1232.0,939.0,Manicaland,Mutare,32.3889694214,-18.96922,0.0,1998.0,Odzi,4,0.0,Rural Hosp.,0.0,0.0,0.0,0.0,0.0,0.0,0.0,0.0,0.0,0.0,0.0,0.0,0.0,0.0,0.0,0.0,0.0,0.0,0.0,0.0,0.0,0.0,0.0,0.0,0.0,0.0,0.0,0,0.0,,,4,Rural Hosp.,Government,False,False,True
1233.0,981.0,Manicaland,Mutare,32.6243591309,-19.16856,0.0,1998.0,Rowa,5,0.0,clinic,0.0,0.0,0.0,0.0,0.0,0.0,0.0,0.0,0.0,0.0,0.0,0.0,0.0,0.0,0.0,0.0,0.0,0.0,0.0,0.0,0.0,0.0,0.0,0.0,0.0,0.0,0.0,0,0.0,,,5,clinic,Government/Council,False,False,True
1234.0,1014.0,Manicaland,Mutare,32.6515617371,-18.98944,0.0,1998.0,Sakubva,2,0.0,District Hospital,0.0,0.0,0.0,0.0,0.0,0.0,0.0,0.0,0.0,0.0,0.0,0.0,0.0,0.0,0.0,0.0,0.0,0.0,0.0,0.0,0.0,0.0,0.0,0.0,0.0,0.0,0.0,0,0.0,,,2,District Hospital,Government,False,False,True
1235.0,1085.0,Manicaland,Mutare,32.3407211304,-19.42161,0.0,1998.0,St Andrews,3,0.0,Mission Hospital,0.0,0.0,0.0,0.0,0.0,0.0,0.0,0.0,0.0,0.0,0.0,0.0,0.0,0.0,0.0,0.0,0.0,0.0,0.0,0.0,0.0,0.0,0.0,0.0,0.0,0.0,0.0,0,0.0,,,3,Mission Hospital,Mission/Church,False,False,True
1236.0,1215.0,Manicaland,Mutare,32.191028595,-19.33794,0.0,1998.0,Zvipiripiri,5,0.0,Clinic,0.0,0.0,0.0,0.0,0.0,0.0,0.0,0.0,0.0,0.0,0.0,0.0,0.0,0.0,0.0,0.0,0.0,0.0,0.0,0.0,0.0,0.0,0.0,0.0,0.0,0.0,0.0,0,0.0,,,5,Clinic,Government/Council,False,False,True
1237.0,1451.0,Manicaland,Mutare,32.57973,-18.96491,0.0,2007.0,Prison Farm,5,2002.0,Clinic,0.0,8.0,1.0,0.0,1.0,0.0,0.0,0.0,0.0,0.0,900.0,12.0,0.0,1.0,1.0,0.0,1.0,0.0,0.0,1.0,0.0,0.0,0.0,0.0,0.0,1.0,0.0,0,0.0,Temporary Location Site for clinic to be located,Clinic,5,Clinic,Government/Council,False,False,True
1238.0,1452.0,Manicaland,Mutare,32.64739,-18.99012,0.0,2007.0,Sakubva Health Centre,4,1986.0,Hospital,0.0,17.0,0.0,0.0,0.0,1.0,0.0,20.0,20.0,0.0,69142.0,5.0,0.0,1.0,1.0,0.0,1.0,0.0,0.0,1.0,0.0,0.0,0.0,1.0,1.0,0.0,1.0,0,0.0,,,4,Hospital,Government,False,False,True
1239.0,1453.0,Manicaland,Mutare,32.62497,-18.99814,0.0,2007.0,St Joseph's,3,0.0,T.B Hospital,0.0,9.0,17.0,0.0,0.0,0.0,0.0,106.0,0.0,106.0,1616300.0,10.0,0.0,1.0,1.0,0.0,1.0,0.0,0.0,1.0,0.0,0.0,1.0,0.0,0.0,1.0,0.0,1,0.0,,,3,T.B Hospital,Mission/Church,False,False,True
1240.0,1454.0,Manicaland,Mutare,32.6393,-19.00022,0.0,2007.0,Quaggas Hoek,5,1947.0,Clinic,0.0,0.0,0.0,0.0,0.0,0.0,0.0,0.0,0.0,0.0,0.0,0.0,0.0,1.0,1.0,0.0,1.0,0.0,0.0,1.0,0.0,0.0,0.0,1.0,0.0,0.0,0.0,0,0.0,TB Clinic,Clinic,5,Clinic,Government/Council,False,False,True
1241.0,1414.0,Manicaland,Mutare,32.71035,-19.1165,0.0,2007.0,St Welburgh,3,1999.0,Mission Clinic,0.0,2.0,1.0,0.0,0.0,0.0,0.0,6.0,6.0,0.0,4273.0,27.0,0.0,0.0,0.0,1.0,1.0,0.0,0.0,1.0,1.0,1.0,0.0,0.0,0.0,1.0,1.0,1,0.0,,,3,Mission Clinic,Mission/Church,False,False,True
1242.0,1415.0,Manicaland,Mutare,32.62321,-19.32544,0.0,2007.0,Chitora,7,1999.0,Clinic,0.0,2.0,2.0,0.0,1.0,0.0,0.0,4.0,2.0,2.0,10000.0,55.0,0.0,0.0,1.0,0.0,0.0,1.0,15.0,1.0,1.0,1.0,0.0,1.0,0.0,1.0,1.0,1,0.0,,,7,Clinic,Private,True,False,False
1243.0,1416.0,Manicaland,Mutare,32.40403,-19.24827,0.0,2007.0,Matanda,7,1998.0,Rural Health Centre,0.0,1.0,1.0,1.0,1.0,0.0,0.0,11.0,2.0,9.0,8904.0,57.0,0.0,1.0,1.0,0.0,1.0,0.0,0.0,1.0,1.0,1.0,0.0,1.0,0.0,1.0,1.0,1,0.0,,,7,Rural Health Centre,Private,True,False,False
1244.0,1417.0,Manicaland,Mutare,32.36755,-18.97483,0.0,2007.0,ARDA Odzi,7,2004.0,Clinic,0.0,1.0,2.0,0.0,0.0,0.0,0.0,3.0,0.0,3.0,1000.0,35.0,0.0,1.0,1.0,0.0,1.0,0.0,0.0,1.0,1.0,1.0,1.0,1.0,0.0,1.0,1.0,0,0.0,,,7,Clinic,Private,True,False,False
1245.0,1418.0,Manicaland,Mutare,32.81328,-19.04207,0.0,2007.0,Vumba,7,1989.0,Clinic,0.0,1.0,1.0,0.0,0.0,0.0,0.0,0.0,0.0,0.0,1000.0,36.0,0.0,0.0,1.0,0.0,1.0,0.0,0.0,1.0,1.0,1.0,0.0,1.0,0.0,1.0,1.0,1,0.0,,,7,Clinic,Private,True,False,False
1246.0,1419.0,Manicaland,Mutare,32.6524391174,-18.97078,0.0,2007.0,Florida,5,0.0,Clinic,0.0,2.0,2.0,0.0,0.0,0.0,0.0,0.0,0.0,0.0,13062.0,10.0,0.0,1.0,1.0,0.0,1.0,0.0,0.0,1.0,0.0,0.0,0.0,1.0,1.0,0.0,0.0,0,0.0,,,5,Clinic,Government/Council,False,False,True
1247.0,1426.0,Manicaland,Mutare,32.28185,-18.87699,0.0,2007.0,Lee Kul,5,0.0,Clinic,0.0,2.0,0.0,0.0,0.0,0.0,0.0,0.0,0.0,0.0,6900.0,45.0,0.0,0.0,0.0,1.0,1.0,0.0,0.0,0.0,1.0,1.0,0.0,1.0,0.0,1.0,0.0,0,0.0,,,5,Clinic,Government/Council,False,False,True
1248.0,10.0,Manicaland,Mutasa,32.9671096802,-18.30217,0.0,1998.0,Arbourfoyle,7,0.0,Private Clinic,0.0,0.0,0.0,0.0,0.0,0.0,0.0,0.0,0.0,0.0,0.0,0.0,0.0,0.0,0.0,0.0,0.0,0.0,0.0,0.0,0.0,0.0,0.0,0.0,0.0,0.0,0.0,0,0.0,,,7,Private Clinic,Private,True,False,False
1249.0,48.0,Manicaland,Mutasa,32.60338974,-18.45428,0.0,1998.0,Bonda,3,0.0,Mission Hospital,0.0,0.0,0.0,0.0,0.0,0.0,0.0,0.0,0.0,0.0,0.0,0.0,0.0,0.0,0.0,0.0,0.0,0.0,0.0,0.0,0.0,0.0,0.0,0.0,0.0,0.0,0.0,0,0.0,,,3,Mission Hospital,Mission/Church,False,False,True
1250.0,95.0,Manicaland,Mutasa,33.0032196045,-18.23625,0.0,1998.0,Chavhanga,6,0.0,Rural Health Centre,0.0,0.0,0.0,0.0,0.0,0.0,0.0,0.0,0.0,0.0,0.0,0.0,0.0,0.0,0.0,0.0,0.0,0.0,0.0,0.0,0.0,0.0,0.0,0.0,0.0,0.0,0.0,0,0.0,,,6,Rural Health Centre,Government,False,False,True
1251.0,196.0,Manicaland,Mutasa,33.0021400452,-18.38981,0.0,1998.0,Chisuko,5,0.0,Council Clinic,0.0,0.0,0.0,0.0,0.0,0.0,0.0,0.0,0.0,0.0,0.0,0.0,0.0,0.0,0.0,0.0,0.0,0.0,0.0,0.0,0.0,0.0,0.0,0.0,0.0,0.0,0.0,0,0.0,,,5,Council Clinic,Government/Council,False,False,True
1252.0,209.0,Manicaland,Mutasa,32.7897491455,-18.55269,0.0,1998.0,Chitombo,5,0.0,Council Clinic,0.0,0.0,0.0,0.0,0.0,0.0,0.0,0.0,0.0,0.0,0.0,0.0,0.0,0.0,0.0,0.0,0.0,0.0,0.0,0.0,0.0,0.0,0.0,0.0,0.0,0.0,0.0,0,0.0,,,5,Council Clinic,Government/Council,False,False,True
1253.0,298.0,Manicaland,Mutasa,32.7067489624,-18.76931,0.0,1998.0,Drenane,5,0.0,Private-Border Timbers,0.0,0.0,0.0,0.0,0.0,0.0,0.0,0.0,0.0,0.0,0.0,0.0,0.0,0.0,0.0,0.0,0.0,0.0,0.0,0.0,0.0,0.0,0.0,0.0,0.0,0.0,0.0,0,0.0,,,5,Private-Border Timbers,Government/Council,False,False,True
1254.0,303.0,Manicaland,Mutasa,32.9681396484,-18.34042,0.0,1998.0,Eastern,7,0.0,Private-Tanganda,0.0,0.0,0.0,0.0,0.0,0.0,0.0,0.0,0.0,0.0,0.0,0.0,0.0,0.0,0.0,0.0,0.0,0.0,0.0,0.0,0.0,0.0,0.0,0.0,0.0,0.0,0.0,0,0.0,,,7,Private-Tanganda,Private,True,False,False
1255.0,304.0,Manicaland,Mutasa,32.9173583984,-18.35033,0.0,1998.0,Eastern Highlands1,7,0.0,Private-Tanganda,0.0,0.0,0.0,0.0,0.0,0.0,0.0,0.0,0.0,0.0,0.0,0.0,0.0,0.0,0.0,0.0,0.0,0.0,0.0,0.0,0.0,0.0,0.0,0.0,0.0,0.0,0.0,0,0.0,,,7,Private-Tanganda,Private,True,False,False
1256.0,305.0,Manicaland,Mutasa,32.9518089294,-18.35414,0.0,1998.0,Eastern Highlands5,7,0.0,Private-Tanganda,0.0,0.0,0.0,0.0,0.0,0.0,0.0,0.0,0.0,0.0,0.0,0.0,0.0,0.0,0.0,0.0,0.0,0.0,0.0,0.0,0.0,0.0,0.0,0.0,0.0,0.0,0.0,0,0.0,,,7,Private-Tanganda,Private,True,False,False
1257.0,323.0,Manicaland,Mutasa,32.6233596802,-18.93539,0.0,1998.0,Fitc,7,0.0,Private-Forestry,0.0,0.0,0.0,0.0,0.0,0.0,0.0,0.0,0.0,0.0,0.0,0.0,0.0,0.0,0.0,0.0,0.0,0.0,0.0,0.0,0.0,0.0,0.0,0.0,0.0,0.0,0.0,0,0.0,,,7,Private-Forestry,Private,True,False,False
1258.0,336.0,Manicaland,Mutasa,32.8178596497,-18.52333,0.0,1998.0,Gatsi,3,0.0,Mission Clinic,0.0,0.0,0.0,0.0,0.0,0.0,0.0,0.0,0.0,0.0,0.0,0.0,0.0,0.0,0.0,0.0,0.0,0.0,0.0,0.0,0.0,0.0,0.0,0.0,0.0,0.0,0.0,0,0.0,,,3,Mission Clinic,Mission/Church,False,False,True
1259.0,377.0,Manicaland,Mutasa,32.6529388428,-18.74136,0.0,1998.0,Guta,5,0.0,Council Clinic,0.0,0.0,0.0,0.0,0.0,0.0,0.0,0.0,0.0,0.0,0.0,0.0,0.0,0.0,0.0,0.0,0.0,0.0,0.0,0.0,0.0,0.0,0.0,0.0,0.0,0.0,0.0,0,0.0,,,5,Council Clinic,Government/Council,False,False,True
1260.0,399.0,Manicaland,Mutasa,32.4726104736,-18.60322,0.0,1998.0,Haparare,5,0.0,Council Clinic,0.0,0.0,0.0,0.0,0.0,0.0,0.0,0.0,0.0,0.0,0.0,0.0,0.0,0.0,0.0,0.0,0.0,0.0,0.0,0.0,0.0,0.0,0.0,0.0,0.0,0.0,0.0,0,0.0,,,5,Council Clinic,Government/Council,False,False,True
1261.0,401.0,Manicaland,Mutasa,32.8519706726,-18.49153,0.0,1998.0,Hauna,2,0.0,District Hospital,0.0,0.0,0.0,0.0,0.0,0.0,0.0,0.0,0.0,0.0,0.0,0.0,0.0,0.0,0.0,0.0,0.0,0.0,0.0,0.0,0.0,0.0,0.0,0.0,0.0,0.0,0.0,0,0.0,,,2,District Hospital,Government,False,False,True
1262.0,402.0,Manicaland,Mutasa,32.8508300781,-18.502,0.0,1998.0,Hauna,5,0.0,Clinic,0.0,0.0,0.0,0.0,0.0,0.0,0.0,0.0,0.0,0.0,0.0,0.0,0.0,0.0,0.0,0.0,0.0,0.0,0.0,0.0,0.0,0.0,0.0,0.0,0.0,0.0,0.0,0,0.0,,,5,Clinic,Government/Council,False,False,True
1263.0,414.0,Manicaland,Mutasa,32.7697486877,-18.60322,0.0,1998.0,Honde,3,0.0,Mission Hospital,0.0,0.0,0.0,0.0,0.0,0.0,0.0,0.0,0.0,0.0,0.0,0.0,0.0,0.0,0.0,0.0,0.0,0.0,0.0,0.0,0.0,0.0,0.0,0.0,0.0,0.0,0.0,0,0.0,,,3,Mission Hospital,Mission/Church,False,False,True
1264.0,458.0,Manicaland,Mutasa,32.702331543,-18.63772,0.0,1998.0,Jombe,5,0.0,Gvt Clinic,0.0,0.0,0.0,0.0,0.0,0.0,0.0,0.0,0.0,0.0,0.0,0.0,0.0,0.0,0.0,0.0,0.0,0.0,0.0,0.0,0.0,0.0,0.0,0.0,0.0,0.0,0.0,0,0.0,,,5,Gvt Clinic,Government/Council,False,False,True
1265.0,493.0,Manicaland,Mutasa,33.0345306396,-18.37128,0.0,1998.0,Katiyo,7,0.0,Private-Tanganda,0.0,0.0,0.0,0.0,0.0,0.0,0.0,0.0,0.0,0.0,0.0,0.0,0.0,0.0,0.0,0.0,0.0,0.0,0.0,0.0,0.0,0.0,0.0,0.0,0.0,0.0,0.0,0,0.0,,,7,Private-Tanganda,Private,True,False,False
1266.0,600.0,Manicaland,Mutasa,32.6521911621,-18.78369,0.0,1998.0,Mapara,5,0.0,Gvt Clinic,0.0,0.0,0.0,0.0,0.0,0.0,0.0,0.0,0.0,0.0,0.0,0.0,0.0,0.0,0.0,0.0,0.0,0.0,0.0,0.0,0.0,0.0,0.0,0.0,0.0,0.0,0.0,0,0.0,,,5,Gvt Clinic,Government/Council,False,False,True
1267.0,1194.0,Manicaland,Mutasa,32.9363594055,-18.38922,0.0,1998.0,Zindi,5,0.0,Clinic,0.0,0.0,0.0,0.0,0.0,0.0,0.0,0.0,0.0,0.0,0.0,0.0,0.0,0.0,0.0,0.0,0.0,0.0,0.0,0.0,0.0,0.0,0.0,0.0,0.0,0.0,0.0,0,0.0,,,5,Clinic,Government/Council,False,False,True
1268.0,1200.0,Manicaland,Mutasa,32.5877799988,-18.78931,0.0,1998.0,Zongoro,5,0.0,Council Clinic,0.0,0.0,0.0,0.0,0.0,0.0,0.0,0.0,0.0,0.0,0.0,0.0,0.0,0.0,0.0,0.0,0.0,0.0,0.0,0.0,0.0,0.0,0.0,0.0,0.0,0.0,0.0,0,0.0,,,5,Council Clinic,Government/Council,False,False,True
1269.0,698.0,Manicaland,Mutasa,32.6723594666,-18.67472,0.0,1998.0,Moyoweshumba,5,0.0,Council Clinic,0.0,0.0,0.0,0.0,0.0,0.0,0.0,0.0,0.0,0.0,0.0,0.0,0.0,0.0,0.0,0.0,0.0,0.0,0.0,0.0,0.0,0.0,0.0,0.0,0.0,0.0,0.0,0,0.0,,,5,Council Clinic,Government/Council,False,False,True
1270.0,709.0,Manicaland,Mutasa,32.5026397705,-18.75283,0.0,1998.0,Mt Jenya,5,0.0,Council Clinic,0.0,0.0,0.0,0.0,0.0,0.0,0.0,0.0,0.0,0.0,0.0,0.0,0.0,0.0,0.0,0.0,0.0,0.0,0.0,0.0,0.0,0.0,0.0,0.0,0.0,0.0,0.0,0,0.0,,,5,Council Clinic,Government/Council,False,False,True
1271.0,745.0,Manicaland,Mutasa,32.9895782471,-18.4225,0.0,1998.0,Mundeya,5,0.0,Clinic,0.0,0.0,0.0,0.0,0.0,0.0,0.0,0.0,0.0,0.0,0.0,0.0,0.0,0.0,0.0,0.0,0.0,0.0,0.0,0.0,0.0,0.0,0.0,0.0,0.0,0.0,0.0,0,0.0,,,5,Clinic,Government/Council,False,False,True
1272.0,754.0,Manicaland,Mutasa,32.8014717102,-18.57139,0.0,1998.0,Mupotedzi,5,0.0,Gvt Clinic,0.0,0.0,0.0,0.0,0.0,0.0,0.0,0.0,0.0,0.0,0.0,0.0,0.0,0.0,0.0,0.0,0.0,0.0,0.0,0.0,0.0,0.0,0.0,0.0,0.0,0.0,0.0,0,0.0,,,5,Gvt Clinic,Government/Council,False,False,True
1273.0,789.0,Manicaland,Mutasa,32.6539382935,-18.55447,0.0,1998.0,Mutasa,5,0.0,Council Clinic,0.0,0.0,0.0,0.0,0.0,0.0,0.0,0.0,0.0,0.0,0.0,0.0,0.0,0.0,0.0,0.0,0.0,0.0,0.0,0.0,0.0,0.0,0.0,0.0,0.0,0.0,0.0,0,0.0,,,5,Council Clinic,Government/Council,False,False,True
1274.0,839.0,Manicaland,Mutasa,32.8715286255,-18.58803,0.0,1998.0,Ngarura,5,0.0,Council clinic,0.0,0.0,0.0,0.0,0.0,0.0,0.0,0.0,0.0,0.0,0.0,0.0,0.0,0.0,0.0,0.0,0.0,0.0,0.0,0.0,0.0,0.0,0.0,0.0,0.0,0.0,0.0,0,0.0,,,5,Council clinic,Government/Council,False,False,True
1275.0,942.0,Manicaland,Mutasa,32.5880317688,-18.90747,0.0,1998.0,Old Mutare,3,0.0,Mission Hospital,0.0,0.0,0.0,0.0,0.0,0.0,0.0,0.0,0.0,0.0,0.0,0.0,0.0,0.0,0.0,0.0,0.0,0.0,0.0,0.0,0.0,0.0,0.0,0.0,0.0,0.0,0.0,0,0.0,,,3,Mission Hospital,Mission/Church,False,False,True
1276.0,971.0,Manicaland,Mutasa,32.6721382141,-18.871,0.0,1998.0,Red Wing,7,0.0,Private-Mine,0.0,0.0,0.0,0.0,0.0,0.0,0.0,0.0,0.0,0.0,0.0,0.0,0.0,0.0,0.0,0.0,0.0,0.0,0.0,0.0,0.0,0.0,0.0,0.0,0.0,0.0,0.0,0,0.0,,,7,Private-Mine,Private,True,False,False
1277.0,984.0,Manicaland,Mutasa,32.8747787476,-18.48797,0.0,1998.0,Ruda,5,0.0,Clinic,0.0,0.0,0.0,0.0,0.0,0.0,0.0,0.0,0.0,0.0,0.0,0.0,0.0,0.0,0.0,0.0,0.0,0.0,0.0,0.0,0.0,0.0,0.0,0.0,0.0,0.0,0.0,0,0.0,,Clinic,5,Clinic,Government/Council,False,False,True
1278.0,989.0,Manicaland,Mutasa,32.8565597534,-18.63775,0.0,1998.0,Rupinda,6,0.0,Rural Health Centre,0.0,0.0,0.0,0.0,0.0,0.0,0.0,0.0,0.0,0.0,0.0,0.0,0.0,0.0,0.0,0.0,0.0,0.0,0.0,0.0,0.0,0.0,0.0,0.0,0.0,0.0,0.0,0,0.0,,,6,Rural Health Centre,Government,False,False,True
1279.0,1009.0,Manicaland,Mutasa,32.5582809448,-18.50056,0.0,1998.0,Sadziwa,5,0.0,Council Clinic,0.0,0.0,0.0,0.0,0.0,0.0,0.0,0.0,0.0,0.0,0.0,0.0,0.0,0.0,0.0,0.0,0.0,0.0,0.0,0.0,0.0,0.0,0.0,0.0,0.0,0.0,0.0,0,0.0,,,5,Council Clinic,Government/Council,False,False,True
1280.0,1011.0,Manicaland,Mutasa,33.0028610229,-18.32481,0.0,1998.0,Sagambe,5,0.0,Council Clinic,0.0,0.0,0.0,0.0,0.0,0.0,0.0,0.0,0.0,0.0,0.0,0.0,0.0,0.0,0.0,0.0,0.0,0.0,0.0,0.0,0.0,0.0,0.0,0.0,0.0,0.0,0.0,0,0.0,,,5,Council Clinic,Government/Council,False,False,True
1281.0,1012.0,Manicaland,Mutasa,32.8202781677,-18.55569,0.0,1998.0,Sahumani,5,0.0,Council Clinic,0.0,0.0,0.0,0.0,0.0,0.0,0.0,0.0,0.0,0.0,0.0,0.0,0.0,0.0,0.0,0.0,0.0,0.0,0.0,0.0,0.0,0.0,0.0,0.0,0.0,0.0,0.0,0,0.0,,,5,Council Clinic,Government/Council,False,False,True
1282.0,1015.0,Manicaland,Mutasa,32.6556091309,-18.60747,0.0,1998.0,Sakupwanya,5,0.0,Council Clinic,0.0,0.0,0.0,0.0,0.0,0.0,0.0,0.0,0.0,0.0,0.0,0.0,0.0,0.0,0.0,0.0,0.0,0.0,0.0,0.0,0.0,0.0,0.0,0.0,0.0,0.0,0.0,0,0.0,,,5,Council Clinic,Government/Council,False,False,True
1283.0,1017.0,Manicaland,Mutasa,32.755279541,-18.53369,0.0,1998.0,Samanga,5,0.0,Council clinic,0.0,0.0,0.0,0.0,0.0,0.0,0.0,0.0,0.0,0.0,0.0,0.0,0.0,0.0,0.0,0.0,0.0,0.0,0.0,0.0,0.0,0.0,0.0,0.0,0.0,0.0,0.0,0,0.0,,,5,Council clinic,Government/Council,False,False,True
1284.0,1018.0,Manicaland,Mutasa,32.7843093872,-18.62308,0.0,1998.0,Samaringa,5,0.0,Council clinic,0.0,0.0,0.0,0.0,0.0,0.0,0.0,0.0,0.0,0.0,0.0,0.0,0.0,0.0,0.0,0.0,0.0,0.0,0.0,0.0,0.0,0.0,0.0,0.0,0.0,0.0,0.0,0,0.0,,,5,Council clinic,Government/Council,False,False,True
1285.0,1029.0,Manicaland,Mutasa,32.6576385498,-18.53556,0.0,1998.0,Selbourne,7,0.0,Private-Waltle Company,0.0,0.0,0.0,0.0,0.0,0.0,0.0,0.0,0.0,0.0,0.0,0.0,0.0,0.0,0.0,0.0,0.0,0.0,0.0,0.0,0.0,0.0,0.0,0.0,0.0,0.0,0.0,0,0.0,,,7,Private-Waltle Company,Private,True,False,False
1286.0,1046.0,Manicaland,Mutasa,32.8048095703,-18.77103,0.0,1998.0,Sheba,7,0.0,Private-Border Timbers,0.0,0.0,0.0,0.0,0.0,0.0,0.0,0.0,0.0,0.0,0.0,0.0,0.0,0.0,0.0,0.0,0.0,0.0,0.0,0.0,0.0,0.0,0.0,0.0,0.0,0.0,0.0,0,0.0,,,7,Private-Border Timbers,Private,True,False,False
1287.0,1047.0,Manicaland,Mutasa,32.5363616943,-18.64078,0.0,1998.0,Sherukuru,6,0.0,Rural Health Centre,0.0,0.0,0.0,0.0,0.0,0.0,0.0,0.0,0.0,0.0,0.0,0.0,0.0,0.0,0.0,0.0,0.0,0.0,0.0,0.0,0.0,0.0,0.0,0.0,0.0,0.0,0.0,0,0.0,,,6,Rural Health Centre,Government,False,False,True
1288.0,1086.0,Manicaland,Mutasa,32.6554985046,-18.87431,0.0,1998.0,St Augustines,3,0.0,Mission Clinic,0.0,0.0,0.0,0.0,0.0,0.0,0.0,0.0,0.0,0.0,0.0,0.0,0.0,0.0,0.0,0.0,0.0,0.0,0.0,0.0,0.0,0.0,0.0,0.0,0.0,0.0,0.0,0,0.0,,,3,Mission Clinic,Mission/Church,False,False,True
1289.0,1087.0,Manicaland,Mutasa,32.4735298157,-18.50311,0.0,1998.0,St Barbaras,3,0.0,Mission Hospitals,0.0,0.0,0.0,0.0,0.0,0.0,0.0,0.0,0.0,0.0,0.0,0.0,0.0,0.0,0.0,0.0,0.0,0.0,0.0,0.0,0.0,0.0,0.0,0.0,0.0,0.0,0.0,0,0.0,,,3,Mission Hospitals,Mission/Church,False,False,True
1290.0,1092.0,Manicaland,Mutasa,32.9399681091,-18.45806,0.0,1998.0,St Peter's Mandeya,3,0.0,Mission Hospital,0.0,0.0,0.0,0.0,0.0,0.0,0.0,0.0,0.0,0.0,0.0,0.0,0.0,0.0,0.0,0.0,0.0,0.0,0.0,0.0,0.0,0.0,0.0,0.0,0.0,0.0,0.0,0,0.0,,,3,Mission Hospital,Mission/Church,False,False,True
1291.0,1103.0,Manicaland,Mutasa,32.821811676,-18.74047,0.0,1998.0,Stapleford,7,0.0,Private-Forestry,0.0,0.0,0.0,0.0,0.0,0.0,0.0,0.0,0.0,0.0,0.0,0.0,0.0,0.0,0.0,0.0,0.0,0.0,0.0,0.0,0.0,0.0,0.0,0.0,0.0,0.0,0.0,0,0.0,,,7,Private-Forestry,Private,True,False,False
1292.0,1135.0,Manicaland,Mutasa,32.4730300903,-18.43531,0.0,1998.0,Triashill,3,0.0,Mission Hospitals,0.0,0.0,0.0,0.0,0.0,0.0,0.0,0.0,0.0,0.0,0.0,0.0,0.0,0.0,0.0,0.0,0.0,0.0,0.0,0.0,0.0,0.0,0.0,0.0,0.0,0.0,0.0,0,0.0,,,3,Mission Hospitals,Mission/Church,False,False,True
1293.0,1142.0,Manicaland,Mutasa,32.6032485962,-18.68836,0.0,1998.0,Tsonzo,4,0.0,Rural Hospital,0.0,0.0,0.0,0.0,0.0,0.0,0.0,0.0,0.0,0.0,0.0,0.0,0.0,0.0,0.0,0.0,0.0,0.0,0.0,0.0,0.0,0.0,0.0,0.0,0.0,0.0,0.0,0,0.0,,,4,Rural Hospital,Government,False,False,True
1294.0,1444.0,Manicaland,Mutasa,32.57098,-18.57828,0.0,2007.0,Chinamasa,6,2000.0,Rural Health Centre,0.0,1.0,1.0,0.0,0.0,0.0,0.0,2.0,1.0,1.0,2501.0,18.0,0.0,1.0,0.0,1.0,0.0,0.0,12.0,0.0,1.0,1.0,0.0,1.0,0.0,1.0,1.0,1,0.0,,,6,Rural Health Centre,Government,False,False,True
1295.0,1445.0,Manicaland,Mutasa,32.54691,-18.90384,0.0,2007.0,Premier,5,2004.0,Clinic,0.0,1.0,1.0,0.0,1.0,0.0,0.0,3.0,1.0,2.0,2590.0,68.0,0.0,0.0,1.0,0.0,1.0,0.0,0.0,1.0,1.0,1.0,0.0,1.0,0.0,1.0,0.0,0,0.0,,Clinic,5,Clinic,Government/Council,False,False,True
1296.0,1446.0,Manicaland,Mutasa,32.70662,-18.76903,0.0,2007.0,Drennan,7,0.0,Clinic,0.0,1.0,1.0,0.0,0.0,0.0,0.0,0.0,0.0,0.0,400.0,0.0,1.0,0.0,1.0,0.0,1.0,0.0,0.0,1.0,1.0,1.0,0.0,1.0,0.0,1.0,1.0,1,0.0,,Clinic,7,Clinic,Private,True,False,False
1297.0,1447.0,Manicaland,Mutasa,32.75301,-18.74492,0.0,2007.0,Dunsinane,7,2003.0,Clinic,0.0,1.0,1.0,0.0,0.0,0.0,0.0,0.0,0.0,0.0,912.0,100.0,1.0,1.0,1.0,0.0,1.0,0.0,0.0,1.0,1.0,1.0,0.0,1.0,0.0,1.0,1.0,1,0.0,,Clinic,7,Clinic,Private,True,False,False
1298.0,1449.0,Manicaland,Mutasa,32.72091,-18.91068,0.0,2007.0,Imbeza,7,0.0,Clinic,0.0,1.0,1.0,0.0,0.0,0.0,0.0,0.0,0.0,0.0,2956.0,40.0,0.0,0.0,0.0,0.0,1.0,0.0,0.0,0.0,0.0,0.0,0.0,0.0,0.0,0.0,0.0,0,0.0,,Clinic,7,Clinic,Private,True,False,False
1299.0,1439.0,Manicaland,Mutasa,32.91599,-18.34948,0.0,2007.0,EHPL 1,5,0.0,Clinic,0.0,1.0,4.0,0.0,0.0,0.0,0.0,6.0,2.0,4.0,2427.0,25.0,1.0,1.0,1.0,0.0,1.0,1.0,0.0,1.0,0.0,0.0,0.0,0.0,0.0,1.0,1.0,1,0.0,,Clinic,5,Clinic,Government/Council,False,False,True
1300.0,1440.0,Manicaland,Mutasa,32.96527,-18.32585,0.0,2007.0,EHPL 6,5,1970.0,Clinic,0.0,1.0,4.0,0.0,0.0,0.0,0.0,3.0,1.0,2.0,4579.0,0.0,0.0,1.0,1.0,0.0,1.0,0.0,0.0,1.0,0.0,0.0,0.0,1.0,0.0,1.0,1.0,1,0.0,,,5,Clinic,Government/Council,False,False,True
1301.0,1442.0,Manicaland,Mutasa,32.95193,-18.34585,0.0,2007.0,EHPL 5,5,0.0,Clinic,0.0,0.0,3.0,0.0,0.0,0.0,0.0,8.0,0.0,8.0,0.0,25.0,0.0,1.0,1.0,0.0,1.0,0.0,0.0,1.0,0.0,0.0,0.0,0.0,0.0,1.0,0.0,1,0.0,,,5,Clinic,Government/Council,False,False,True
1302.0,1443.0,Manicaland,Mutasa,32.65771,-18.53106,0.0,2007.0,Nyanga Pines,5,1998.0,Clinic,0.0,2.0,7.0,0.0,0.0,0.0,0.0,6.0,1.0,5.0,1872.0,13.0,1.0,1.0,1.0,0.0,1.0,0.0,0.0,1.0,0.0,0.0,0.0,1.0,0.0,1.0,1.0,1,0.0,,,5,Clinic,Government/Council,False,False,True
1303.0,90.0,Mashonaland East,Mutoko,32.1536102295,-17.17356,0.0,1998.0,Charewa,6,0.0,Rural Health Centre,0.0,0.0,0.0,0.0,0.0,0.0,0.0,0.0,0.0,0.0,0.0,0.0,0.0,0.0,0.0,0.0,0.0,0.0,0.0,0.0,0.0,0.0,0.0,0.0,0.0,0.0,0.0,0,0.0,,,6,Rural Health Centre,Government,False,False,True
1304.0,151.0,Mashonaland East,Mutoko,32.1051902771,-17.23619,0.0,1998.0,Chindenga,6,0.0,Rural Health Centre,0.0,0.0,0.0,0.0,0.0,0.0,0.0,0.0,0.0,0.0,0.0,0.0,0.0,0.0,0.0,0.0,0.0,0.0,0.0,0.0,0.0,0.0,0.0,0.0,0.0,0.0,0.0,0,0.0,,,6,Rural Health Centre,Government,False,False,True
1305.0,419.0,Mashonaland East,Mutoko,32.1555595398,-17.56853,0.0,1998.0,Hoyuyu 1,6,0.0,Rural Health Centre,0.0,0.0,0.0,0.0,0.0,0.0,0.0,0.0,0.0,0.0,0.0,0.0,0.0,0.0,0.0,0.0,0.0,0.0,0.0,0.0,0.0,0.0,0.0,0.0,0.0,0.0,0.0,0,0.0,,,6,Rural Health Centre,Government,False,False,True
1306.0,420.0,Mashonaland East,Mutoko,32.251499176,-17.76861,0.0,1998.0,Hoyuyu 2,6,0.0,Rural Health Centre,0.0,0.0,0.0,0.0,0.0,0.0,0.0,0.0,0.0,0.0,0.0,0.0,0.0,0.0,0.0,0.0,0.0,0.0,0.0,0.0,0.0,0.0,0.0,0.0,0.0,0.0,0.0,0,0.0,,,6,Rural Health Centre,Government,False,False,True
1307.0,496.0,Mashonaland East,Mutoko,32.1546897888,-17.40781,0.0,1998.0,Katsukunya,6,0.0,Rural Health Centre,0.0,0.0,0.0,0.0,0.0,0.0,0.0,0.0,0.0,0.0,0.0,0.0,0.0,0.0,0.0,0.0,0.0,0.0,0.0,0.0,0.0,0.0,0.0,0.0,0.0,0.0,0.0,0,0.0,,,6,Rural Health Centre,Government,False,False,True
1308.0,497.0,Mashonaland East,Mutoko,32.3528900146,-17.21972,0.0,1998.0,Kawewe,6,0.0,Rural Health Centre,0.0,0.0,0.0,0.0,0.0,0.0,0.0,0.0,0.0,0.0,0.0,0.0,0.0,0.0,0.0,0.0,0.0,0.0,0.0,0.0,0.0,0.0,0.0,0.0,0.0,0.0,0.0,0,0.0,,,6,Rural Health Centre,Government,False,False,True
1309.0,514.0,Mashonaland East,Mutoko,32.0202789307,-17.62114,0.0,1998.0,Kushinga,6,0.0,Rural Health Centre,0.0,0.0,0.0,0.0,0.0,0.0,0.0,0.0,0.0,0.0,0.0,0.0,0.0,0.0,0.0,0.0,0.0,0.0,0.0,0.0,0.0,0.0,0.0,0.0,0.0,0.0,0.0,0,0.0,,,6,Rural Health Centre,Government,False,False,True
1310.0,525.0,Mashonaland East,Mutoko,32.3898582458,-17.35572,0.0,1998.0,Louisa Guidotte,3,0.0,Mission Hospital,0.0,0.0,0.0,0.0,0.0,0.0,0.0,0.0,0.0,0.0,0.0,0.0,0.0,0.0,0.0,0.0,0.0,0.0,0.0,0.0,0.0,0.0,0.0,0.0,0.0,0.0,0.0,0,0.0,,,3,Mission Hospital,Mission/Church,False,False,True
1311.0,578.0,Mashonaland East,Mutoko,32.4716110229,-17.26753,0.0,1998.0,Makosa,4,0.0,Rural Hospital,0.0,0.0,0.0,0.0,0.0,0.0,0.0,0.0,0.0,0.0,0.0,0.0,0.0,0.0,0.0,0.0,0.0,0.0,0.0,0.0,0.0,0.0,0.0,0.0,0.0,0.0,0.0,0,0.0,,,4,Rural Hospital,Government,False,False,True
1312.0,638.0,Mashonaland East,Mutoko,32.4370803833,-17.55014,0.0,1998.0,Matedza,6,0.0,Rural Health Centre,0.0,0.0,0.0,0.0,0.0,0.0,0.0,0.0,0.0,0.0,0.0,0.0,0.0,0.0,0.0,0.0,0.0,0.0,0.0,0.0,0.0,0.0,0.0,0.0,0.0,0.0,0.0,0,0.0,,,6,Rural Health Centre,Government,False,False,True
1313.0,793.0,Mashonaland East,Mutoko,32.2535591125,-17.41978,0.0,1998.0,Mutemwa Lep.,5,0.0,Clinic,0.0,0.0,0.0,0.0,0.0,0.0,0.0,0.0,0.0,0.0,0.0,0.0,0.0,0.0,0.0,0.0,0.0,0.0,0.0,0.0,0.0,0.0,0.0,0.0,0.0,0.0,0.0,0,0.0,,,5,Clinic,Government/Council,False,False,True
1314.0,798.0,Mashonaland East,Mutoko,32.238609314,-17.42342,0.0,1998.0,Mutoko,2,0.0,District Hospital,0.0,0.0,0.0,0.0,0.0,0.0,0.0,0.0,0.0,0.0,0.0,0.0,0.0,0.0,0.0,0.0,0.0,0.0,0.0,0.0,0.0,0.0,0.0,0.0,0.0,0.0,0.0,0,0.0,,,2,District Hospital,Government,False,False,True
1315.0,910.0,Mashonaland East,Mutoko,32.3560295105,-17.63819,0.0,1998.0,Nyamuzizi,6,0.0,Rural Health Centre,0.0,0.0,0.0,0.0,0.0,0.0,0.0,0.0,0.0,0.0,0.0,0.0,0.0,0.0,0.0,0.0,0.0,0.0,0.0,0.0,0.0,0.0,0.0,0.0,0.0,0.0,0.0,0,0.0,,,6,Rural Health Centre,Government,False,False,True
1316.0,911.0,Mashonaland East,Mutoko,32.2541885376,-17.25403,0.0,1998.0,Nyamuzuwe,4,0.0,Rural Hospital,0.0,0.0,0.0,0.0,0.0,0.0,0.0,0.0,0.0,0.0,0.0,0.0,0.0,0.0,0.0,0.0,0.0,0.0,0.0,0.0,0.0,0.0,0.0,0.0,0.0,0.0,0.0,0,0.0,,,4,Rural Hospital,Government,False,False,True
1317.0,935.0,Mashonaland East,Mutoko,32.1371116638,-17.66817,0.0,1998.0,Nzira,6,0.0,Rural Health Centre,0.0,0.0,0.0,0.0,0.0,0.0,0.0,0.0,0.0,0.0,0.0,0.0,0.0,0.0,0.0,0.0,0.0,0.0,0.0,0.0,0.0,0.0,0.0,0.0,0.0,0.0,0.0,0,0.0,,,6,Rural Health Centre,Government,False,False,True
1318.0,1457.0,Mashonaland East,Mutoko,32.62211,-17.45294,0.0,2007.0,Chidye,5,2006.0,Rural Health Centre,0.0,0.0,0.0,0.0,0.0,0.0,0.0,0.0,0.0,0.0,3000.0,71.0,0.0,0.0,0.0,0.0,0.0,0.0,25.0,0.0,1.0,0.0,0.0,0.0,0.0,1.0,0.0,0,0.0,Under construction,,5,Rural Health Centre,Government/Council,False,False,True
1319.0,1458.0,Mashonaland East,Mutoko,32.31187,-17.14878,0.0,2007.0,Madimutsa,5,2006.0,Rural Health Centre,0.0,0.0,0.0,0.0,0.0,0.0,0.0,4.0,1.0,0.0,2000.0,37.0,0.0,0.0,0.0,1.0,0.0,0.0,9.0,0.0,1.0,0.0,0.0,1.0,0.0,1.0,0.0,0,0.0,Under construction,,5,Rural Health Centre,Government/Council,False,False,True
1320.0,1459.0,Mashonaland East,Mutoko,32.2507,-17.39984,0.0,2007.0,Chikondoma,5,2006.0,Clinic,0.0,0.0,0.0,0.0,0.0,0.0,0.0,3.0,1.0,0.0,15000.0,1.0,0.0,0.0,1.0,0.0,1.0,0.0,0.0,1.0,0.0,0.0,0.0,0.0,1.0,0.0,0.0,0,0.0,Under construction,Clinic,5,Clinic,Government/Council,False,False,True
1321.0,1460.0,Mashonaland East,Mutoko,32.26708,-17.17914,0.0,2007.0,Kawazva,5,2001.0,Clinic,0.0,1.0,1.0,0.0,0.0,0.0,0.0,5.0,1.0,4.0,4000.0,40.0,0.0,0.0,0.0,1.0,0.0,0.0,10.0,0.0,1.0,0.0,0.0,1.0,0.0,1.0,0.0,1,0.0,,Clinic,5,Clinic,Government/Council,False,False,True
1322.0,1461.0,Mashonaland East,Mutoko,32.27008,-17.41193,0.0,2007.0,Tony Yeatman,7,2000.0,Clinic,1.0,2.0,1.0,0.0,0.0,0.0,0.0,4.0,0.0,4.0,500.0,3.0,0.0,1.0,1.0,1.0,1.0,0.0,0.0,1.0,0.0,0.0,0.0,1.0,0.0,1.0,0.0,0,0.0,,Clinic,7,Clinic,Private,True,False,False
1323.0,1462.0,Mashonaland East,Mutoko,31.96282,-17.49227,0.0,2007.0,Nyadire Resettlement,6,1987.0,Rural Health Centre,0.0,1.0,1.0,0.0,0.0,0.0,0.0,3.0,1.0,2.0,8000.0,12.0,0.0,0.0,1.0,0.0,0.0,0.0,10.0,1.0,1.0,0.0,0.0,0.0,0.0,0.0,0.0,1,0.0,,,6,Rural Health Centre,Government,False,False,True
1324.0,0.0,Mashonaland East,Mutoko,32.48,-17.3735,0.0,2013.0,Kapondoro,,1984.0, RHC,0.0,1.0,0.0,2.0,1.0,0.0,0.0,8.0,0.0,0.0,11390.0,46.0,0.0,0.0,0.0,0.0,1.0,0.0,0.0,0.0,1.0,0.0,0.0,1.0,0.0,1.0,0.0,1,0.0,,,,RHC,Unspecified,False,False,True
1325.0,0.0,Mashonaland East,Mutoko,32.3095,-17.2546,0.0,2013.0,Kowo ,,2000.0,Clinic,0.0,0.0,1.0,2.0,0.0,0.0,0.0,7.0,0.0,0.0,4901.0,22.0,0.0,0.0,0.0,0.0,1.0,0.0,0.0,0.0,1.0,0.0,0.0,1.0,0.0,1.0,0.0,1,0.0,,,,Clinic,Unspecified,False,False,True
1326.0,0.0,Mashonaland East,Mutoko,32.27,-17.4119,0.0,2013.0,Mother of Peace,,0.0,Clinic,0.0,0.0,1.0,2.0,0.0,0.0,0.0,7.0,0.0,0.0,4565.0,6.0,0.0,0.0,1.0,0.0,1.0,0.0,0.0,1.0,1.0,0.0,0.0,1.0,0.0,1.0,0.0,1,0.0,,,,Clinic,Unspecified,False,False,True
1327.0,0.0,Mashonaland East,Mutoko,32.3947,-17.4282,0.0,2013.0,Mushimbo,,1984.0, RHC,0.0,1.0,1.0,1.0,1.0,0.0,0.0,0.0,0.0,0.0,5120.0,26.0,0.0,0.0,0.0,0.0,0.0,0.0,0.0,0.0,1.0,0.0,0.0,1.0,0.0,1.0,0.0,1,0.0,,,,RHC,Unspecified,False,False,True
1328.0,0.0,Mashonaland East,Mutoko,32.2192,-17.4088,0.0,2013.0,Mutoko ,Prison ,0.0,Clinic,0.0,5.0,1.0,0.0,0.0,1.0,0.0,2.0,0.0,0.0,600.0,5.0,0.0,0.0,1.0,0.0,1.0,0.0,0.0,1.0,1.0,0.0,0.0,1.0,0.0,1.0,0.0,0,0.0,,,Prison,Clinic,"Excluded - restricted access (prison/police, not public)",False,False,False
1329.0,0.0,Mashonaland East,Mutoko,32.025,-17.422,0.0,2013.0,Nyadire ,Mission,0.0, Hosp,2.0,16.0,21.0,16.0,1.0,1.0,3.0,2500.0,0.0,0.0,20000.0,25.0,0.0,0.0,1.0,0.0,1.0,0.0,0.0,1.0,1.0,0.0,0.0,1.0,0.0,1.0,0.0,1,0.0,,,Mission,Hosp,Mission/Church,False,False,True
1330.0,0.0,Mashonaland East,Mutoko,31.9627,-17.4923,0.0,2013.0,Nyadiri,,0.0, RHC,0.0,2.0,1.0,2.0,0.0,0.0,0.0,9.0,0.0,0.0,8433.0,20.0,0.0,0.0,1.0,0.0,1.0,0.0,0.0,1.0,1.0,0.0,0.0,1.0,0.0,1.0,0.0,1,0.0,,,,RHC,Unspecified,False,False,True
1331.0,144.0,Masvingo,Mwenezi,30.5061092377,-20.94306,0.0,1998.0,Chimbudzi,5,0.0,Clinic,0.0,0.0,0.0,0.0,0.0,0.0,0.0,0.0,0.0,0.0,0.0,0.0,0.0,0.0,0.0,0.0,0.0,0.0,0.0,0.0,0.0,0.0,0.0,0.0,0.0,0.0,0.0,0,0.0,,Clinic,5,Clinic,Government/Council,False,False,True
1332.0,186.0,Masvingo,Mwenezi,30.1800003052,-21.11611,0.0,1998.0,Chirindi,5,0.0,Clinic,0.0,0.0,0.0,0.0,0.0,0.0,0.0,0.0,0.0,0.0,0.0,0.0,0.0,0.0,0.0,0.0,0.0,0.0,0.0,0.0,0.0,0.0,0.0,0.0,0.0,0.0,0.0,0,0.0,,Clinic,5,Clinic,Government/Council,False,False,True
1333.0,237.0,Masvingo,Mwenezi,30.5725002289,-21.13972,0.0,1998.0,Chizumba,5,0.0,Clinic,0.0,0.0,0.0,0.0,0.0,0.0,0.0,0.0,0.0,0.0,0.0,0.0,0.0,0.0,0.0,0.0,0.0,0.0,0.0,0.0,0.0,0.0,0.0,0.0,0.0,0.0,0.0,0,0.0,,Clinic,5,Clinic,Government/Council,False,False,True
1334.0,280.0,Masvingo,Mwenezi,30.5386104584,-21.19056,0.0,1998.0,Dine,5,0.0,Clinic,0.0,0.0,0.0,0.0,0.0,0.0,0.0,0.0,0.0,0.0,0.0,0.0,0.0,0.0,0.0,0.0,0.0,0.0,0.0,0.0,0.0,0.0,0.0,0.0,0.0,0.0,0.0,0,0.0,,,5,Clinic,Government/Council,False,False,True
1335.0,529.0,Masvingo,Mwenezi,30.7816696167,-20.8975,0.0,1998.0,Lundi,5,0.0,Clinic,0.0,0.0,0.0,0.0,0.0,0.0,0.0,0.0,0.0,0.0,0.0,0.0,0.0,0.0,0.0,0.0,0.0,0.0,0.0,0.0,0.0,0.0,0.0,0.0,0.0,0.0,0.0,0,0.0,,,5,Clinic,Government/Council,False,False,True
1336.0,604.0,Masvingo,Mwenezi,30.3158302307,-21.14583,0.0,1998.0,Maranda,5,0.0,Clinic,0.0,0.0,0.0,0.0,0.0,0.0,0.0,0.0,0.0,0.0,0.0,0.0,0.0,0.0,0.0,0.0,0.0,0.0,0.0,0.0,0.0,0.0,0.0,0.0,0.0,0.0,0.0,0,0.0,,,5,Clinic,Government/Council,False,False,True
1337.0,643.0,Masvingo,Mwenezi,30.4861106873,-20.75028,0.0,1998.0,Matibi,3,0.0,Mission Hospital,0.0,0.0,0.0,0.0,0.0,0.0,0.0,0.0,0.0,0.0,0.0,0.0,0.0,0.0,0.0,0.0,0.0,0.0,0.0,0.0,0.0,0.0,0.0,0.0,0.0,0.0,0.0,0,0.0,,,3,Mission Hospital,Mission/Church,False,False,True
1338.0,663.0,Masvingo,Mwenezi,30.3052806854,-21.04639,0.0,1998.0,Mazetese,5,0.0,Clinic,0.0,0.0,0.0,0.0,0.0,0.0,0.0,0.0,0.0,0.0,0.0,0.0,0.0,0.0,0.0,0.0,0.0,0.0,0.0,0.0,0.0,0.0,0.0,0.0,0.0,0.0,0.0,0,0.0,,,5,Clinic,Government/Council,False,False,True
1339.0,678.0,Masvingo,Mwenezi,30.6261100769,-21.36028,0.0,1998.0,MDC,5,0.0,Clinic,0.0,0.0,0.0,0.0,0.0,0.0,0.0,0.0,0.0,0.0,0.0,0.0,0.0,0.0,0.0,0.0,0.0,0.0,0.0,0.0,0.0,0.0,0.0,0.0,0.0,0.0,0.0,0,0.0,,,5,Clinic,Government/Council,False,False,True
1340.0,743.0,Masvingo,Mwenezi,30.0591697693,-21.21417,0.0,1998.0,Mulelesi,5,0.0,Clinic,0.0,0.0,0.0,0.0,0.0,0.0,0.0,0.0,0.0,0.0,0.0,0.0,0.0,0.0,0.0,0.0,0.0,0.0,0.0,0.0,0.0,0.0,0.0,0.0,0.0,0.0,0.0,0,0.0,,,5,Clinic,Government/Council,False,False,True
1341.0,748.0,Masvingo,Mwenezi,30.5247192383,-21.30167,0.0,1998.0,Munyanyi,5,0.0,Clinic,0.0,0.0,0.0,0.0,0.0,0.0,0.0,0.0,0.0,0.0,0.0,0.0,0.0,0.0,0.0,0.0,0.0,0.0,0.0,0.0,0.0,0.0,0.0,0.0,0.0,0.0,0.0,0,0.0,,,5,Clinic,Government/Council,False,False,True
1342.0,766.0,Masvingo,Mwenezi,30.4244403839,-21.05917,0.0,1998.0,Murove,5,0.0,Clinic,0.0,0.0,0.0,0.0,0.0,0.0,0.0,0.0,0.0,0.0,0.0,0.0,0.0,0.0,0.0,0.0,0.0,0.0,0.0,0.0,0.0,0.0,0.0,0.0,0.0,0.0,0.0,0,0.0,,,5,Clinic,Government/Council,False,False,True
1343.0,772.0,Masvingo,Mwenezi,30.5838909149,-21.07639,0.0,1998.0,Mushava,5,0.0,Clinic,0.0,0.0,0.0,0.0,0.0,0.0,0.0,0.0,0.0,0.0,0.0,0.0,0.0,0.0,0.0,0.0,0.0,0.0,0.0,0.0,0.0,0.0,0.0,0.0,0.0,0.0,0.0,0,0.0,,,5,Clinic,Government/Council,False,False,True
1344.0,813.0,Masvingo,Mwenezi,30.7000007629,-21.41417,0.0,1998.0,Mwenezi,5,0.0,Clinic,0.0,0.0,0.0,0.0,0.0,0.0,0.0,0.0,0.0,0.0,0.0,0.0,0.0,0.0,0.0,0.0,0.0,0.0,0.0,0.0,0.0,0.0,0.0,0.0,0.0,0.0,0.0,0,0.0,,,5,Clinic,Government/Council,False,False,True
1345.0,828.0,Masvingo,Mwenezi,30.6027793884,-20.82833,0.0,1998.0,Nehanda,5,0.0,Clinic,0.0,0.0,0.0,0.0,0.0,0.0,0.0,0.0,0.0,0.0,0.0,0.0,0.0,0.0,0.0,0.0,0.0,0.0,0.0,0.0,0.0,0.0,0.0,0.0,0.0,0.0,0.0,0,0.0,,,5,Clinic,Government/Council,False,False,True
1346.0,835.0,Masvingo,Mwenezi,30.6466693878,-20.94083,0.0,1998.0,Neshuro,2,0.0,District Hospital,0.0,0.0,0.0,0.0,0.0,0.0,0.0,0.0,0.0,0.0,0.0,0.0,0.0,0.0,0.0,0.0,0.0,0.0,0.0,0.0,0.0,0.0,0.0,0.0,0.0,0.0,0.0,0,0.0,,,2,District Hospital,Government,False,False,True
1347.0,1000.0,Masvingo,Mwenezi,30.7294406891,-21.23778,0.0,1998.0,Rutenga,5,0.0,Clinic,0.0,0.0,0.0,0.0,0.0,0.0,0.0,0.0,0.0,0.0,0.0,0.0,0.0,0.0,0.0,0.0,0.0,0.0,0.0,0.0,0.0,0.0,0.0,0.0,0.0,0.0,0.0,0,0.0,,Clinic,5,Clinic,Government/Council,False,False,True
1348.0,1001.0,Masvingo,Mwenezi,30.7433300018,-21.25361,0.0,1998.0,Rutenga RWS,7,0.0,Railways-clinic,0.0,0.0,0.0,0.0,0.0,0.0,0.0,0.0,0.0,0.0,0.0,0.0,0.0,0.0,0.0,0.0,0.0,0.0,0.0,0.0,0.0,0.0,0.0,0.0,0.0,0.0,0.0,0,0.0,,,7,Railways-clinic,Private,True,False,False
1349.0,1324.0,Masvingo,Mwenezi,30.26423,-21.23095,0.0,2007.0,Boterere,6,2000.0,Rural Health Centre,0.0,1.0,1.0,0.0,0.0,0.0,0.0,6.0,3.0,3.0,6384.0,74.0,1.0,0.0,0.0,1.0,0.0,1.0,0.0,0.0,1.0,1.0,0.0,1.0,0.0,0.0,0.0,1,1.0,,,6,Rural Health Centre,Government,False,False,True
1350.0,1325.0,Masvingo,Mwenezi,30.39756,-21.20691,0.0,2007.0,Marinda,6,2005.0,Rural Health Centre,0.0,0.0,0.0,0.0,0.0,0.0,0.0,6.0,2.0,4.0,6112.0,56.0,0.0,1.0,1.0,1.0,0.0,0.0,0.0,1.0,1.0,1.0,0.0,1.0,0.0,1.0,0.0,0,0.0,,,6,Rural Health Centre,Government,False,False,True
1351.0,1296.0,Masvingo,Mwenezi,30.89483,-20.96429,516.0,2007.0,Petronella,8,0.0,Rural Health Centre(not operational),0.0,0.0,0.0,0.0,0.0,0.0,0.0,0.0,0.0,0.0,0.0,0.0,0.0,0.0,0.0,0.0,0.0,0.0,0.0,0.0,0.0,0.0,0.0,0.0,0.0,0.0,0.0,0,0.0,,,8,Rural Health Centre(not operational),Non-operational/Not yet open,False,True,False
1352.0,1297.0,Masvingo,Mwenezi,30.81042,-21.08266,534.0,2007.0,Maryvale,8,0.0,Rural Health Centre(not operating),0.0,0.0,0.0,0.0,0.0,0.0,0.0,0.0,0.0,0.0,0.0,0.0,0.0,0.0,0.0,0.0,0.0,0.0,0.0,0.0,0.0,0.0,0.0,0.0,0.0,0.0,0.0,0,0.0,,,8,Rural Health Centre(not operating),Non-operational/Not yet open,False,True,False
1353.0,252.0,Matebeleland North,Nkayi,28.6666698456,-18.79722,0.0,1998.0,Dakamela,4,0.0,Rural Hospital,0.0,0.0,0.0,0.0,0.0,0.0,0.0,0.0,0.0,0.0,0.0,0.0,0.0,0.0,0.0,0.0,0.0,0.0,0.0,0.0,0.0,0.0,0.0,0.0,0.0,0.0,0.0,0,0.0,,,4,Rural Hospital,Government,False,False,True
1354.0,317.0,Matebeleland North,Nkayi,28.8858299255,-18.91583,0.0,1998.0,Fanison,6,0.0,Rural Health Centre,0.0,0.0,0.0,0.0,0.0,0.0,0.0,0.0,0.0,0.0,0.0,0.0,0.0,0.0,0.0,0.0,0.0,0.0,0.0,0.0,0.0,0.0,0.0,0.0,0.0,0.0,0.0,0,0.0,,,6,Rural Health Centre,Government,False,False,True
1355.0,382.0,Matebeleland North,Nkayi,28.9677791595,-19.21444,0.0,1998.0,Guwe,6,0.0,Rural Health Centre,0.0,0.0,0.0,0.0,0.0,0.0,0.0,0.0,0.0,0.0,0.0,0.0,0.0,0.0,0.0,0.0,0.0,0.0,0.0,0.0,0.0,0.0,0.0,0.0,0.0,0.0,0.0,0,0.0,,,6,Rural Health Centre,Government,False,False,True
1356.0,391.0,Matebeleland North,Nkayi,28.7088909149,-18.66306,0.0,1998.0,Gwelutshena,6,0.0,Rural Health Centre,0.0,0.0,0.0,0.0,0.0,0.0,0.0,0.0,0.0,0.0,0.0,0.0,0.0,0.0,0.0,0.0,0.0,0.0,0.0,0.0,0.0,0.0,0.0,0.0,0.0,0.0,0.0,0,0.0,,,6,Rural Health Centre,Government,False,False,True
1357.0,1182.0,Matebeleland North,Nkayi,28.773059845,-19.07,0.0,1998.0,Zenka,6,0.0,Rural Health Centre,0.0,0.0,0.0,0.0,0.0,0.0,0.0,0.0,0.0,0.0,0.0,0.0,0.0,0.0,0.0,0.0,0.0,0.0,0.0,0.0,0.0,0.0,0.0,0.0,0.0,0.0,0.0,0,0.0,,,6,Rural Health Centre,Government,False,False,True
1358.0,1197.0,Matebeleland North,Nkayi,28.9880599976,-19.07778,0.0,1998.0,Zinyangeni,6,0.0,Rural Health Centre,0.0,0.0,0.0,0.0,0.0,0.0,0.0,0.0,0.0,0.0,0.0,0.0,0.0,0.0,0.0,0.0,0.0,0.0,0.0,0.0,0.0,0.0,0.0,0.0,0.0,0.0,0.0,0,0.0,,,6,Rural Health Centre,Government,False,False,True
1359.0,640.0,Matebeleland North,Nkayi,28.9572200775,-18.66917,0.0,1998.0,Mateme,6,0.0,Rural Health Centre,0.0,0.0,0.0,0.0,0.0,0.0,0.0,0.0,0.0,0.0,0.0,0.0,0.0,0.0,0.0,0.0,0.0,0.0,0.0,0.0,0.0,0.0,0.0,0.0,0.0,0.0,0.0,0,0.0,,,6,Rural Health Centre,Government,False,False,True
1360.0,676.0,Matebeleland North,Nkayi,28.4416694641,-18.94889,0.0,1998.0,Mbuma,3,0.0,Mission Hospital,0.0,0.0,0.0,0.0,0.0,0.0,0.0,0.0,0.0,0.0,0.0,0.0,0.0,0.0,0.0,0.0,0.0,0.0,0.0,0.0,0.0,0.0,0.0,0.0,0.0,0.0,0.0,0,0.0,,,3,Mission Hospital,Mission/Church,False,False,True
1361.0,836.0,Matebeleland North,Nkayi,28.8116703033,-18.72778,0.0,1998.0,Nesigwe,6,0.0,Rural Health Centre,0.0,0.0,0.0,0.0,0.0,0.0,0.0,0.0,0.0,0.0,0.0,0.0,0.0,0.0,0.0,0.0,0.0,0.0,0.0,0.0,0.0,0.0,0.0,0.0,0.0,0.0,0.0,0,0.0,,,6,Rural Health Centre,Government,False,False,True
1362.0,845.0,Matebeleland North,Nkayi,28.3797206879,-18.57667,0.0,1998.0,Ngwaladi,4,0.0,Rural Hospital,0.0,0.0,0.0,0.0,0.0,0.0,0.0,0.0,0.0,0.0,0.0,0.0,0.0,0.0,0.0,0.0,0.0,0.0,0.0,0.0,0.0,0.0,0.0,0.0,0.0,0.0,0.0,0,0.0,,,4,Rural Hospital,Government,False,False,True
1363.0,856.0,Matebeleland North,Nkayi,28.8913898468,-19.00056,0.0,1998.0,Nkayi,2,0.0,District Hospital,0.0,0.0,0.0,0.0,0.0,0.0,0.0,0.0,0.0,0.0,0.0,0.0,0.0,0.0,0.0,0.0,0.0,0.0,0.0,0.0,0.0,0.0,0.0,0.0,0.0,0.0,0.0,0,0.0,,,2,District Hospital,Government,False,False,True
1364.0,1028.0,Matebeleland North,Nkayi,28.4613895416,-18.67028,0.0,1998.0,Sebumane,5,0.0,Clinic,0.0,0.0,0.0,0.0,0.0,0.0,0.0,0.0,0.0,0.0,0.0,0.0,0.0,0.0,0.0,0.0,0.0,0.0,0.0,0.0,0.0,0.0,0.0,0.0,0.0,0.0,0.0,0,0.0,,Clinic,5,Clinic,Government/Council,False,False,True
1365.0,1035.0,Matebeleland North,Nkayi,28.7124996185,-18.955,0.0,1998.0,Sesame,5,0.0,Clinic,0.0,0.0,0.0,0.0,0.0,0.0,0.0,0.0,0.0,0.0,0.0,0.0,0.0,0.0,0.0,0.0,0.0,0.0,0.0,0.0,0.0,0.0,0.0,0.0,0.0,0.0,0.0,0,0.0,,Clinic,5,Clinic,Government/Council,False,False,True
1366.0,1065.0,Matebeleland North,Nkayi,28.4874992371,-18.7825,0.0,1998.0,Sikobokobo,5,0.0,Clinic,0.0,0.0,0.0,0.0,0.0,0.0,0.0,0.0,0.0,0.0,0.0,0.0,0.0,0.0,0.0,0.0,0.0,0.0,0.0,0.0,0.0,0.0,0.0,0.0,0.0,0.0,0.0,0,0.0,,,5,Clinic,Government/Council,False,False,True
1367.0,1076.0,Matebeleland North,Nkayi,28.3513908386,-18.74306,0.0,1998.0,Sivalo,6,0.0,Rural Health Centre,0.0,0.0,0.0,0.0,0.0,0.0,0.0,0.0,0.0,0.0,0.0,0.0,0.0,0.0,0.0,0.0,0.0,0.0,0.0,0.0,0.0,0.0,0.0,0.0,0.0,0.0,0.0,0,0.0,,,6,Rural Health Centre,Government,False,False,True
1368.0,15.0,Manicaland,Nyanga,32.7869682312,-17.46947,0.0,1998.0,Avilla,3,0.0,Mission Hospital,0.0,0.0,0.0,0.0,0.0,0.0,0.0,0.0,0.0,0.0,0.0,0.0,0.0,0.0,0.0,0.0,0.0,0.0,0.0,0.0,0.0,0.0,0.0,0.0,0.0,0.0,0.0,0,0.0,,,3,Mission Hospital,Mission/Church,False,False,True
1369.0,208.0,Manicaland,Nyanga,32.9842185974,-17.79064,0.0,1998.0,Chitindo,5,0.0,Council Clinic,0.0,0.0,0.0,0.0,0.0,0.0,0.0,0.0,0.0,0.0,0.0,0.0,0.0,0.0,0.0,0.0,0.0,0.0,0.0,0.0,0.0,0.0,0.0,0.0,0.0,0.0,0.0,0,0.0,,,5,Council Clinic,Government/Council,False,False,True
1370.0,231.0,Manicaland,Nyanga,31.5718593597,-17.15781,0.0,1998.0,Chiwarira,5,0.0,Council Clinic,0.0,0.0,0.0,0.0,0.0,0.0,0.0,0.0,0.0,0.0,0.0,0.0,0.0,0.0,0.0,0.0,0.0,0.0,0.0,0.0,0.0,0.0,0.0,0.0,0.0,0.0,0.0,0,0.0,,,5,Council Clinic,Government/Council,False,False,True
1371.0,284.0,Manicaland,Nyanga,32.4380302429,-18.35139,0.0,1998.0,Dombo,6,0.0,Rural Health Centre,0.0,0.0,0.0,0.0,0.0,0.0,0.0,0.0,0.0,0.0,0.0,0.0,0.0,0.0,0.0,0.0,0.0,0.0,0.0,0.0,0.0,0.0,0.0,0.0,0.0,0.0,0.0,0,0.0,,,6,Rural Health Centre,Government,False,False,True
1372.0,307.0,Manicaland,Nyanga,32.7895584106,-17.60311,0.0,1998.0,Elim,3,0.0,Mission Hospital,0.0,0.0,0.0,0.0,0.0,0.0,0.0,0.0,0.0,0.0,0.0,0.0,0.0,0.0,0.0,0.0,0.0,0.0,0.0,0.0,0.0,0.0,0.0,0.0,0.0,0.0,0.0,0,0.0,,,3,Mission Hospital,Mission/Church,False,False,True
1373.0,313.0,Manicaland,Nyanga,32.7022209167,-18.3835,0.0,1998.0,Erin,7,0.0,Forestry-Private,0.0,0.0,0.0,0.0,0.0,0.0,0.0,0.0,0.0,0.0,0.0,0.0,0.0,0.0,0.0,0.0,0.0,0.0,0.0,0.0,0.0,0.0,0.0,0.0,0.0,0.0,0.0,0,0.0,,,7,Forestry-Private,Private,True,False,False
1374.0,325.0,Manicaland,Nyanga,32.9907493591,-17.33472,0.0,1998.0,Fombe,5,0.0,Council Clinic,0.0,0.0,0.0,0.0,0.0,0.0,0.0,0.0,0.0,0.0,0.0,0.0,0.0,0.0,0.0,0.0,0.0,0.0,0.0,0.0,0.0,0.0,0.0,0.0,0.0,0.0,0.0,0,0.0,,,5,Council Clinic,Government/Council,False,False,True
1375.0,330.0,Manicaland,Nyanga,32.9547195435,-18.10139,0.0,1998.0,Gairezi,5,0.0,Council Clinic,0.0,0.0,0.0,0.0,0.0,0.0,0.0,0.0,0.0,0.0,0.0,0.0,0.0,0.0,0.0,0.0,0.0,0.0,0.0,0.0,0.0,0.0,0.0,0.0,0.0,0.0,0.0,0,0.0,,,5,Council Clinic,Government/Council,False,False,True
1376.0,357.0,Manicaland,Nyanga,32.6731910706,-17.71917,0.0,1998.0,Gotekote,6,0.0,Rural Health Centre,0.0,0.0,0.0,0.0,0.0,0.0,0.0,0.0,0.0,0.0,0.0,0.0,0.0,0.0,0.0,0.0,0.0,0.0,0.0,0.0,0.0,0.0,0.0,0.0,0.0,0.0,0.0,0,0.0,,,6,Rural Health Centre,Government,False,False,True
1377.0,475.0,Manicaland,Nyanga,32.8679695129,-17.78936,0.0,1998.0,Kambudzi,8,0.0,Conucil Not Open,0.0,0.0,0.0,0.0,0.0,0.0,0.0,0.0,0.0,0.0,0.0,0.0,0.0,0.0,0.0,0.0,0.0,0.0,0.0,0.0,0.0,0.0,0.0,0.0,0.0,0.0,0.0,0,0.0,,,8,Conucil Not Open,Non-operational/Not yet open,False,True,False
1378.0,644.0,Manicaland,Nyanga,32.9238586426,-17.57161,0.0,1998.0,Matize,6,0.0,Rural Health Centre,0.0,0.0,0.0,0.0,0.0,0.0,0.0,0.0,0.0,0.0,0.0,0.0,0.0,0.0,0.0,0.0,0.0,0.0,0.0,0.0,0.0,0.0,0.0,0.0,0.0,0.0,0.0,0,0.0,,,6,Rural Health Centre,Government,False,False,True
1379.0,710.0,Manicaland,Nyanga,32.7357788086,-17.97469,0.0,1998.0,Mt Mellary,4,0.0,Mission Hospital,0.0,0.0,0.0,0.0,0.0,0.0,0.0,0.0,0.0,0.0,0.0,0.0,0.0,0.0,0.0,0.0,0.0,0.0,0.0,0.0,0.0,0.0,0.0,0.0,0.0,0.0,0.0,0,0.0,,,4,Mission Hospital,Government,False,False,True
1380.0,874.0,Manicaland,Nyanga,32.9217185974,-17.75789,0.0,1998.0,Nyadowa,5,0.0,Council Clinic,0.0,0.0,0.0,0.0,0.0,0.0,0.0,0.0,0.0,0.0,0.0,0.0,0.0,0.0,0.0,0.0,0.0,0.0,0.0,0.0,0.0,0.0,0.0,0.0,0.0,0.0,0.0,0,0.0,,,5,Council Clinic,Government/Council,False,False,True
1381.0,875.0,Manicaland,Nyanga,32.9311103821,-18.18917,0.0,1998.0,Nyafaru,5,0.0,Council Clinic,0.0,0.0,0.0,0.0,0.0,0.0,0.0,0.0,0.0,0.0,0.0,0.0,0.0,0.0,0.0,0.0,0.0,0.0,0.0,0.0,0.0,0.0,0.0,0.0,0.0,0.0,0.0,0,0.0,,,5,Council Clinic,Government/Council,False,False,True
1382.0,893.0,Manicaland,Nyanga,32.9536094666,-17.8625,0.0,1998.0,Nyamaropa,5,0.0,Council Clinic,0.0,0.0,0.0,0.0,0.0,0.0,0.0,0.0,0.0,0.0,0.0,0.0,0.0,0.0,0.0,0.0,0.0,0.0,0.0,0.0,0.0,0.0,0.0,0.0,0.0,0.0,0.0,0,0.0,,,5,Council Clinic,Government/Council,False,False,True
1383.0,905.0,Manicaland,Nyanga,32.5583305359,-17.75681,0.0,1998.0,Nyamombe,6,0.0,Rural Health Centre,0.0,0.0,0.0,0.0,0.0,0.0,0.0,0.0,0.0,0.0,0.0,0.0,0.0,0.0,0.0,0.0,0.0,0.0,0.0,0.0,0.0,0.0,0.0,0.0,0.0,0.0,0.0,0,0.0,,,6,Rural Health Centre,Government,False,False,True
1384.0,912.0,Manicaland,Nyanga,32.7575302124,-18.22828,0.0,1998.0,Nyanga,2,0.0,District Hospital,0.0,0.0,0.0,0.0,0.0,0.0,0.0,0.0,0.0,0.0,0.0,0.0,0.0,0.0,0.0,0.0,0.0,0.0,0.0,0.0,0.0,0.0,0.0,0.0,0.0,0.0,0.0,0,0.0,,,2,District Hospital,Government,False,False,True
1385.0,916.0,Manicaland,Nyanga,32.785358429,-18.02061,0.0,1998.0,Nyangui,7,0.0,Forestry-Private,0.0,0.0,0.0,0.0,0.0,0.0,0.0,0.0,0.0,0.0,0.0,0.0,0.0,0.0,0.0,0.0,0.0,0.0,0.0,0.0,0.0,0.0,0.0,0.0,0.0,0.0,0.0,0,0.0,,,7,Forestry-Private,Private,True,False,False
1386.0,921.0,Manicaland,Nyanga,32.6575012207,-18.2235,0.0,1998.0,Nyarumvurwe,6,0.0,Rural Health Centre,0.0,0.0,0.0,0.0,0.0,0.0,0.0,0.0,0.0,0.0,0.0,0.0,0.0,0.0,0.0,0.0,0.0,0.0,0.0,0.0,0.0,0.0,0.0,0.0,0.0,0.0,0.0,0,0.0,,,6,Rural Health Centre,Government,False,False,True
1387.0,923.0,Manicaland,Nyanga,32.6720314026,-18.01797,0.0,1998.0,Nyatate,5,0.0,Council clinic,0.0,0.0,0.0,0.0,0.0,0.0,0.0,0.0,0.0,0.0,0.0,0.0,0.0,0.0,0.0,0.0,0.0,0.0,0.0,0.0,0.0,0.0,0.0,0.0,0.0,0.0,0.0,0,0.0,,,5,Council clinic,Government/Council,False,False,True
1388.0,925.0,Manicaland,Nyanga,32.6550292969,-17.84089,0.0,1998.0,Nyautate,6,0.0,Rural Health Centre,0.0,0.0,0.0,0.0,0.0,0.0,0.0,0.0,0.0,0.0,0.0,0.0,0.0,0.0,0.0,0.0,0.0,0.0,0.0,0.0,0.0,0.0,0.0,0.0,0.0,0.0,0.0,0,0.0,,,6,Rural Health Centre,Government,False,False,True
1389.0,972.0,Manicaland,Nyanga,32.8849983215,-17.86889,0.0,1998.0,Regina Coeli,3,0.0,Mission Hospital,0.0,0.0,0.0,0.0,0.0,0.0,0.0,0.0,0.0,0.0,0.0,0.0,0.0,0.0,0.0,0.0,0.0,0.0,0.0,0.0,0.0,0.0,0.0,0.0,0.0,0.0,0.0,0,0.0,,,3,Mission Hospital,Mission/Church,False,False,True
1390.0,983.0,Manicaland,Nyanga,32.5539703369,-18.11878,0.0,1998.0,Ruchera,6,0.0,Rural Health Centre,0.0,0.0,0.0,0.0,0.0,0.0,0.0,0.0,0.0,0.0,0.0,0.0,0.0,0.0,0.0,0.0,0.0,0.0,0.0,0.0,0.0,0.0,0.0,0.0,0.0,0.0,0.0,0,0.0,,,6,Rural Health Centre,Government,False,False,True
1391.0,1020.0,Manicaland,Nyanga,32.9713897705,-17.71872,0.0,1998.0,Samvure,5,0.0,Council Clinic,0.0,0.0,0.0,0.0,0.0,0.0,0.0,0.0,0.0,0.0,0.0,0.0,0.0,0.0,0.0,0.0,0.0,0.0,0.0,0.0,0.0,0.0,0.0,0.0,0.0,0.0,0.0,0,0.0,,,5,Council Clinic,Government/Council,False,False,True
1392.0,1126.0,Manicaland,Nyanga,32.8838882446,-18.0175,0.0,1998.0,Tombo,5,0.0,Council Clinic,0.0,0.0,0.0,0.0,0.0,0.0,0.0,0.0,0.0,0.0,0.0,0.0,0.0,0.0,0.0,0.0,0.0,0.0,0.0,0.0,0.0,0.0,0.0,0.0,0.0,0.0,0.0,0,0.0,,,5,Council Clinic,Government/Council,False,False,True
1393.0,1455.0,Manicaland,Nyanga,32.75299,-18.4579,0.0,2007.0,Mutarazi,7,1998.0,Clinic,0.0,1.0,1.0,0.0,0.0,0.0,0.0,0.0,0.0,0.0,500.0,44.0,0.0,1.0,1.0,0.0,1.0,0.0,0.0,1.0,1.0,1.0,0.0,1.0,0.0,1.0,0.0,0,0.0,,Clinic,7,Clinic,Private,True,False,False
1394.0,1432.0,Manicaland,Nyanga,32.70164,-18.32787,0.0,2007.0,Claremont,7,0.0,Clinic,0.0,2.0,0.0,0.0,0.0,0.0,0.0,0.0,0.0,0.0,0.0,0.0,0.0,1.0,1.0,0.0,1.0,0.0,0.0,1.0,1.0,1.0,0.0,1.0,0.0,1.0,1.0,1,0.0,,Clinic,7,Clinic,Private,True,False,False
1395.0,1433.0,Manicaland,Nyanga,32.54565,-18.3711,0.0,2007.0,Spring Valley,5,2005.0,Clinic,0.0,1.0,0.0,0.0,0.0,0.0,0.0,2.0,0.0,2.0,3200.0,45.0,0.0,0.0,0.0,1.0,1.0,0.0,0.0,0.0,1.0,1.0,0.0,1.0,0.0,1.0,0.0,0,0.0,,Clinic,5,Clinic,Government/Council,False,False,True
1396.0,1441.0,Manicaland,Nyanga,32.6735,-18.30215,0.0,2007.0,Aberfoyle,5,1970.0,Clinic,0.0,0.0,2.0,0.0,0.0,0.0,0.0,2.0,1.0,1.0,888.0,20.0,1.0,1.0,1.0,0.0,1.0,0.0,0.0,1.0,1.0,1.0,0.0,0.0,0.0,1.0,1.0,1,0.0,,,5,Clinic,Government/Council,False,False,True
1397.0,60.0,Mashonaland Central,Rushinga,32.0678215027,-16.56635,0.0,1998.0,Bungwe,5,0.0,Clinic,0.0,0.0,0.0,0.0,0.0,0.0,0.0,0.0,0.0,0.0,0.0,0.0,0.0,0.0,0.0,0.0,0.0,0.0,0.0,0.0,0.0,0.0,0.0,0.0,0.0,0.0,0.0,0,0.0,,Clinic,5,Clinic,Government/Council,False,False,True
1398.0,142.0,Mashonaland Central,Rushinga,32.5653686523,-16.65597,0.0,1998.0,Chimandau,5,0.0,Clinic,0.0,0.0,0.0,0.0,0.0,0.0,0.0,0.0,0.0,0.0,0.0,0.0,0.0,0.0,0.0,0.0,0.0,0.0,0.0,0.0,0.0,0.0,0.0,0.0,0.0,0.0,0.0,0,0.0,,Clinic,5,Clinic,Government/Council,False,False,True
1399.0,147.0,Mashonaland Central,Rushinga,32.1290512085,-16.63128,0.0,1998.0,Chimhanda,5,0.0,Clinic,0.0,0.0,0.0,0.0,0.0,0.0,0.0,0.0,0.0,0.0,0.0,0.0,0.0,0.0,0.0,0.0,0.0,0.0,0.0,0.0,0.0,0.0,0.0,0.0,0.0,0.0,0.0,0,0.0,,Clinic,5,Clinic,Government/Council,False,False,True
1400.0,612.0,Mashonaland Central,Rushinga,32.5296287537,-16.67677,0.0,1998.0,Mary Mount,3,0.0,Mission Hospital,0.0,0.0,0.0,0.0,0.0,0.0,0.0,0.0,0.0,0.0,0.0,0.0,0.0,0.0,0.0,0.0,0.0,0.0,0.0,0.0,0.0,0.0,0.0,0.0,0.0,0.0,0.0,0,0.0,,,3,Mission Hospital,Mission/Church,False,False,True
1401.0,666.0,Mashonaland Central,Rushinga,32.2770309448,-16.75513,0.0,1998.0,Mazowe,5,0.0,Clinic,0.0,0.0,0.0,0.0,0.0,0.0,0.0,0.0,0.0,0.0,0.0,0.0,0.0,0.0,0.0,0.0,0.0,0.0,0.0,0.0,0.0,0.0,0.0,0.0,0.0,0.0,0.0,0,0.0,,,5,Clinic,Government/Council,False,False,True
1402.0,736.0,Mashonaland Central,Rushinga,32.2987289429,-16.61053,0.0,1998.0,Mukonde,5,0.0,Clinic,0.0,0.0,0.0,0.0,0.0,0.0,0.0,0.0,0.0,0.0,0.0,0.0,0.0,0.0,0.0,0.0,0.0,0.0,0.0,0.0,0.0,0.0,0.0,0.0,0.0,0.0,0.0,0,0.0,,,5,Clinic,Government/Council,False,False,True
1403.0,737.0,Mashonaland Central,Rushinga,32.6561012268,-16.65855,0.0,1998.0,Mukosa,5,0.0,Clinic,0.0,0.0,0.0,0.0,0.0,0.0,0.0,0.0,0.0,0.0,0.0,0.0,0.0,0.0,0.0,0.0,0.0,0.0,0.0,0.0,0.0,0.0,0.0,0.0,0.0,0.0,0.0,0,0.0,,,5,Clinic,Government/Council,False,False,True
1404.0,849.0,Mashonaland Central,Rushinga,32.1656188965,-16.57892,0.0,1998.0,Nhawa,5,0.0,Clinic,0.0,0.0,0.0,0.0,0.0,0.0,0.0,0.0,0.0,0.0,0.0,0.0,0.0,0.0,0.0,0.0,0.0,0.0,0.0,0.0,0.0,0.0,0.0,0.0,0.0,0.0,0.0,0,0.0,,,5,Clinic,Government/Council,False,False,True
1405.0,896.0,Mashonaland Central,Rushinga,32.1097297668,-16.73908,0.0,1998.0,Nyamatikiti,5,0.0,Clinic,0.0,0.0,0.0,0.0,0.0,0.0,0.0,0.0,0.0,0.0,0.0,0.0,0.0,0.0,0.0,0.0,0.0,0.0,0.0,0.0,0.0,0.0,0.0,0.0,0.0,0.0,0.0,0,0.0,,,5,Clinic,Government/Council,False,False,True
1406.0,990.0,Mashonaland Central,Rushinga,32.182849884,-16.62985,0.0,1998.0,Rusambo,5,0.0,Clinic,0.0,0.0,0.0,0.0,0.0,0.0,0.0,0.0,0.0,0.0,0.0,0.0,0.0,0.0,0.0,0.0,0.0,0.0,0.0,0.0,0.0,0.0,0.0,0.0,0.0,0.0,0.0,0,0.0,,Clinic,5,Clinic,Government/Council,False,False,True
1407.0,992.0,Mashonaland Central,Rushinga,32.0215301514,-16.63225,0.0,1998.0,Rushinga,5,0.0,Clinic,0.0,0.0,0.0,0.0,0.0,0.0,0.0,0.0,0.0,0.0,0.0,0.0,0.0,0.0,0.0,0.0,0.0,0.0,0.0,0.0,0.0,0.0,0.0,0.0,0.0,0.0,0.0,0,0.0,,Clinic,5,Clinic,Government/Council,False,False,True
1408.0,0.0,Mashonaland Central,Rushinga,32.1282,-16.6383,0.0,2013.0,Chimnda,,0.0,Clinic,0.0,0.0,0.0,4.0,1.0,0.0,0.0,3.0,0.0,0.0,6998.0,2.0,0.0,0.0,1.0,0.0,0.0,0.0,0.0,0.0,0.0,0.0,0.0,0.0,0.0,0.0,0.0,1,0.0,,,,Clinic,Unspecified,False,False,True
1409.0,1.0,Mashonaland East,Seke,31.0385303497,-18.35294,0.0,1998.0,Acton Ronolds,6,0.0,Rural Health Centre,0.0,0.0,0.0,0.0,0.0,0.0,0.0,0.0,0.0,0.0,0.0,0.0,0.0,0.0,0.0,0.0,0.0,0.0,0.0,0.0,0.0,0.0,0.0,0.0,0.0,0.0,0.0,0,0.0,,,6,Rural Health Centre,Government,False,False,True
1410.0,9.0,Mashonaland East,Seke,30.9410591125,-17.94144,0.0,1998.0,Arbo Acres,5,0.0,Clinic,0.0,0.0,0.0,0.0,0.0,0.0,0.0,0.0,0.0,0.0,0.0,0.0,0.0,0.0,0.0,0.0,0.0,0.0,0.0,0.0,0.0,0.0,0.0,0.0,0.0,0.0,0.0,0,0.0,,,5,Clinic,Government/Council,False,False,True
1411.0,28.0,Mashonaland East,Seke,30.8557796478,-18.25661,0.0,1998.0,Beatrice,4,0.0,Rural Hospital,0.0,0.0,0.0,0.0,0.0,0.0,0.0,0.0,0.0,0.0,0.0,0.0,0.0,0.0,0.0,0.0,0.0,0.0,0.0,0.0,0.0,0.0,0.0,0.0,0.0,0.0,0.0,0,0.0,,,4,Rural Hospital,Government,False,False,True
1412.0,88.0,Mashonaland East,Seke,31.3364391327,-18.17086,0.0,1998.0,Charakupa,5,0.0,Clinic,0.0,0.0,0.0,0.0,0.0,0.0,0.0,0.0,0.0,0.0,0.0,0.0,0.0,0.0,0.0,0.0,0.0,0.0,0.0,0.0,0.0,0.0,0.0,0.0,0.0,0.0,0.0,0,0.0,,Clinic,5,Clinic,Government/Council,False,False,True
1413.0,217.0,Mashonaland East,Seke,31.0716400146,-18.01744,0.0,1998.0,Chitungwiza,1,0.0,General Hospital,0.0,0.0,0.0,0.0,0.0,0.0,0.0,0.0,0.0,0.0,0.0,0.0,0.0,0.0,0.0,0.0,0.0,0.0,0.0,0.0,0.0,0.0,0.0,0.0,0.0,0.0,0.0,0,0.0,,,1,General Hospital,Government,False,False,True
1414.0,272.0,Mashonaland East,Seke,31.0363292694,-17.95647,0.0,1998.0,Derbyshire,5,0.0,Clinic,0.0,0.0,0.0,0.0,0.0,0.0,0.0,0.0,0.0,0.0,0.0,0.0,0.0,0.0,0.0,0.0,0.0,0.0,0.0,0.0,0.0,0.0,0.0,0.0,0.0,0.0,0.0,0,0.0,,,5,Clinic,Government/Council,False,False,True
1415.0,342.0,Mashonaland East,Seke,30.950220108,-18.02458,0.0,1998.0,Gilston,5,0.0,Clinic,0.0,0.0,0.0,0.0,0.0,0.0,0.0,0.0,0.0,0.0,0.0,0.0,0.0,0.0,0.0,0.0,0.0,0.0,0.0,0.0,0.0,0.0,0.0,0.0,0.0,0.0,0.0,0,0.0,,,5,Clinic,Government/Council,False,False,True
1416.0,460.0,Mashonaland East,Seke,31.1346702576,-18.05411,0.0,1998.0,Jonasi,5,0.0,Clinic,0.0,0.0,0.0,0.0,0.0,0.0,0.0,0.0,0.0,0.0,0.0,0.0,0.0,0.0,0.0,0.0,0.0,0.0,0.0,0.0,0.0,0.0,0.0,0.0,0.0,0.0,0.0,0,0.0,,,5,Clinic,Government/Council,False,False,True
1417.0,512.0,Mashonaland East,Seke,31.2219696045,-18.07236,0.0,1998.0,Kunaka,4,0.0,Rural Hospital,0.0,0.0,0.0,0.0,0.0,0.0,0.0,0.0,0.0,0.0,0.0,0.0,0.0,0.0,0.0,0.0,0.0,0.0,0.0,0.0,0.0,0.0,0.0,0.0,0.0,0.0,0.0,0,0.0,,,4,Rural Hospital,Government,False,False,True
1418.0,520.0,Mashonaland East,Seke,30.9002494812,-18.06819,0.0,1998.0,Lanark,5,0.0,Clinic,0.0,0.0,0.0,0.0,0.0,0.0,0.0,0.0,0.0,0.0,0.0,0.0,0.0,0.0,0.0,0.0,0.0,0.0,0.0,0.0,0.0,0.0,0.0,0.0,0.0,0.0,0.0,0,0.0,,,5,Clinic,Government/Council,False,False,True
1419.0,570.0,Mashonaland East,Seke,31.4016399384,-18.20086,0.0,1998.0,Makanyazingwa,5,0.0,Clinic,0.0,0.0,0.0,0.0,0.0,0.0,0.0,0.0,0.0,0.0,0.0,0.0,0.0,0.0,0.0,0.0,0.0,0.0,0.0,0.0,0.0,0.0,0.0,0.0,0.0,0.0,0.0,0,0.0,,,5,Clinic,Government/Council,False,False,True
1420.0,616.0,Mashonaland East,Seke,31.1033306122,-18.41806,0.0,1998.0,Masasa,6,0.0,Rural Health Centre,0.0,0.0,0.0,0.0,0.0,0.0,0.0,0.0,0.0,0.0,0.0,0.0,0.0,0.0,0.0,0.0,0.0,0.0,0.0,0.0,0.0,0.0,0.0,0.0,0.0,0.0,0.0,0,0.0,,,6,Rural Health Centre,Government,False,False,True
1421.0,724.0,Mashonaland East,Seke,31.019859314,-18.29,0.0,1998.0,Muda,5,0.0,Clinic,0.0,0.0,0.0,0.0,0.0,0.0,0.0,0.0,0.0,0.0,0.0,0.0,0.0,0.0,0.0,0.0,0.0,0.0,0.0,0.0,0.0,0.0,0.0,0.0,0.0,0.0,0.0,0,0.0,,,5,Clinic,Government/Council,False,False,True
1422.0,975.0,Mashonaland East,Seke,30.9504394531,-18.48839,0.0,1998.0,Ringa,6,0.0,Rural Health Centre,0.0,0.0,0.0,0.0,0.0,0.0,0.0,0.0,0.0,0.0,0.0,0.0,0.0,0.0,0.0,0.0,0.0,0.0,0.0,0.0,0.0,0.0,0.0,0.0,0.0,0.0,0.0,0,0.0,,,6,Rural Health Centre,Government,False,False,True
1423.0,0.0,Mashonaland East,Seke,31.1271,-17.8795,0.0,2013.0,Epworth  ,Mission,1972.0,Poly Clinic,0.0,5.0,4.0,0.0,0.0,0.0,0.0,8.0,0.0,0.0,53947.0,30.0,0.0,0.0,1.0,0.0,1.0,0.0,0.0,1.0,1.0,0.0,1.0,0.0,1.0,0.0,1.0,1,0.0,,,Mission,Poly Clinic,Mission/Church,False,False,True
1424.0,0.0,Mashonaland East,Seke,31.1395,-17.8994,0.0,2013.0,Epworth ,,0.0,Mission Clinic,,23.0,15.0,3.0,1.0,1.0,1.0,43.0,,,53947.0,20.0,,,1.0,,1.0,,0.0,1.0,1.0,,,1.0,1.0,,1.0,1,0.0,,,,Mission Clinic,Unspecified,False,False,True
1425.0,0.0,Mashonaland East,Seke,30.8036,-18.0727,0.0,2013.0,Marirangwe ,,0.0,Clinic,0.0,1.0,2.0,2.0,1.0,0.0,0.0,6.0,0.0,0.0,1091.0,40.0,0.0,0.0,1.0,0.0,1.0,0.0,0.0,1.0,1.0,0.0,0.0,1.0,1.0,0.0,0.0,1,0.0,,,,Clinic,Unspecified,False,False,True
1426.0,0.0,Mashonaland East,Seke,31.2097,-18.1457,0.0,2013.0,Zhakata ,,0.0,RHC,0.0,2.0,1.0,1.0,1.0,0.0,0.0,9.0,0.0,0.0,4918.0,0.0,0.0,0.0,0.0,0.0,1.0,0.0,0.0,0.0,1.0,0.0,0.0,1.0,0.0,1.0,1.0,1,0.0,,,,RHC,Unspecified,False,False,True
1427.0,0.0,Mashonaland East,Seke,31.1565,-17.8848,0.0,2013.0,Overspill,,2011.0,Satellite Clinic,1.0,18.0,5.0,0.0,1.0,2.0,0.0,13.0,0.0,0.0,53947.0,20.0,1.0,0.0,1.0,0.0,1.0,0.0,0.0,1.0,1.0,0.0,1.0,0.0,1.0,0.0,1.0,1,0.0,,,,Satellite Clinic,Unspecified,False,False,True
1428.0,0.0,Mashonaland East,Seke,31.3212,-18.0801,0.0,2013.0,Bromley,,0.0,Clinic,0.0,0.0,0.0,0.0,0.0,0.0,0.0,0.0,0.0,0.0,0.0,0.0,0.0,0.0,0.0,0.0,0.0,0.0,0.0,0.0,0.0,0.0,0.0,0.0,0.0,0.0,0.0,0,0.0,,,,Clinic,Unspecified,False,False,True
1429.0,78.0,Mashonaland Central,Shamva,31.6033592224,-17.02592,0.0,1998.0,Chakonda,5,0.0,Clinic,0.0,0.0,0.0,0.0,0.0,0.0,0.0,0.0,0.0,0.0,0.0,0.0,0.0,0.0,0.0,0.0,0.0,0.0,0.0,0.0,0.0,0.0,0.0,0.0,0.0,0.0,0.0,0,0.0,,Clinic,5,Clinic,Government/Council,False,False,True
1430.0,113.0,Mashonaland Central,Shamva,31.566860199,-17.08352,0.0,1998.0,Chidembo,5,0.0,Clinic,0.0,0.0,0.0,0.0,0.0,0.0,0.0,0.0,0.0,0.0,0.0,0.0,0.0,0.0,0.0,0.0,0.0,0.0,0.0,0.0,0.0,0.0,0.0,0.0,0.0,0.0,0.0,0,0.0,,Clinic,5,Clinic,Government/Council,False,False,True
1431.0,120.0,Mashonaland Central,Shamva,31.5505199432,-16.87733,0.0,1998.0,Chihuri,5,0.0,Clinic,0.0,0.0,0.0,0.0,0.0,0.0,0.0,0.0,0.0,0.0,0.0,0.0,0.0,0.0,0.0,0.0,0.0,0.0,0.0,0.0,0.0,0.0,0.0,0.0,0.0,0.0,0.0,0,0.0,,Clinic,5,Clinic,Government/Council,False,False,True
1432.0,152.0,Mashonaland Central,Shamva,31.5279502869,-16.97833,0.0,1998.0,Chindunduma,5,0.0,Clinic,0.0,0.0,0.0,0.0,0.0,0.0,0.0,0.0,0.0,0.0,0.0,0.0,0.0,0.0,0.0,0.0,0.0,0.0,0.0,0.0,0.0,0.0,0.0,0.0,0.0,0.0,0.0,0,0.0,,Clinic,5,Clinic,Government/Council,False,False,True
1433.0,194.0,Mashonaland Central,Shamva,31.6002197266,-17.20986,0.0,1998.0,Chishapa,5,0.0,Clinic,0.0,0.0,0.0,0.0,0.0,0.0,0.0,0.0,0.0,0.0,0.0,0.0,0.0,0.0,0.0,0.0,0.0,0.0,0.0,0.0,0.0,0.0,0.0,0.0,0.0,0.0,0.0,0,0.0,,Clinic,5,Clinic,Government/Council,False,False,True
1434.0,353.0,Mashonaland Central,Shamva,31.5166702271,-16.91667,0.0,1998.0,Goora,5,0.0,Clinic,0.0,0.0,0.0,0.0,0.0,0.0,0.0,0.0,0.0,0.0,0.0,0.0,0.0,0.0,0.0,0.0,0.0,0.0,0.0,0.0,0.0,0.0,0.0,0.0,0.0,0.0,0.0,0,0.0,,,5,Clinic,Government/Council,False,False,True
1435.0,552.0,Mashonaland Central,Shamva,31.6559696198,-17.06192,0.0,1998.0,Madziva Mine,5,0.0,Clinic,0.0,0.0,0.0,0.0,0.0,0.0,0.0,0.0,0.0,0.0,0.0,0.0,0.0,0.0,0.0,0.0,0.0,0.0,0.0,0.0,0.0,0.0,0.0,0.0,0.0,0.0,0.0,0,0.0,,,5,Clinic,Government/Council,False,False,True
1436.0,554.0,Mashonaland Central,Shamva,31.5387802124,-16.92558,0.0,1998.0,Madziwa,5,0.0,Clinic,0.0,0.0,0.0,0.0,0.0,0.0,0.0,0.0,0.0,0.0,0.0,0.0,0.0,0.0,0.0,0.0,0.0,0.0,0.0,0.0,0.0,0.0,0.0,0.0,0.0,0.0,0.0,0,0.0,,,5,Clinic,Government/Council,False,False,True
1437.0,555.0,Mashonaland Central,Shamva,31.6582794189,-17.06986,0.0,1998.0,Madziwa,7,0.0,Mine Clinic,0.0,0.0,0.0,0.0,0.0,0.0,0.0,0.0,0.0,0.0,0.0,0.0,0.0,0.0,0.0,0.0,0.0,0.0,0.0,0.0,0.0,0.0,0.0,0.0,0.0,0.0,0.0,0,0.0,,,7,Mine Clinic,Private,True,False,False
1438.0,1166.0,Mashonaland Central,Shamva,31.5703601837,-17.30539,0.0,1998.0,Wadzanai,5,0.0,Clinic,0.0,0.0,0.0,0.0,0.0,0.0,0.0,0.0,0.0,0.0,0.0,0.0,0.0,0.0,0.0,0.0,0.0,0.0,0.0,0.0,0.0,0.0,0.0,0.0,0.0,0.0,0.0,0,0.0,,,5,Clinic,Government/Council,False,False,True
1439.0,1039.0,Mashonaland Central,Shamva,31.5715293884,-17.29208,0.0,1998.0,Shamva,5,0.0,Clinic,0.0,0.0,0.0,0.0,0.0,0.0,0.0,0.0,0.0,0.0,0.0,0.0,0.0,0.0,0.0,0.0,0.0,0.0,0.0,0.0,0.0,0.0,0.0,0.0,0.0,0.0,0.0,0,0.0,,Clinic,5,Clinic,Government/Council,False,False,True
1440.0,1040.0,Mashonaland Central,Shamva,31.5701694489,-17.32711,0.0,1998.0,Shamva,4,0.0,District Hospital,0.0,0.0,0.0,0.0,0.0,0.0,0.0,0.0,0.0,0.0,0.0,0.0,0.0,0.0,0.0,0.0,0.0,0.0,0.0,0.0,0.0,0.0,0.0,0.0,0.0,0.0,0.0,0,0.0,,,4,District Hospital,Government,False,False,True
1441.0,1041.0,Mashonaland Central,Shamva,31.6576900482,-17.25022,0.0,1998.0,Shamva,7,0.0,Farm Health Clinic,0.0,0.0,0.0,0.0,0.0,0.0,0.0,0.0,0.0,0.0,0.0,0.0,0.0,0.0,0.0,0.0,0.0,0.0,0.0,0.0,0.0,0.0,0.0,0.0,0.0,0.0,0.0,0,0.0,,,7,Farm Health Clinic,Private,True,False,False
1442.0,1042.0,Mashonaland Central,Shamva,31.568769455,-17.31627,0.0,1998.0,Shamva Gold Mine,5,0.0,Clinic,0.0,0.0,0.0,0.0,0.0,0.0,0.0,0.0,0.0,0.0,0.0,0.0,0.0,0.0,0.0,0.0,0.0,0.0,0.0,0.0,0.0,0.0,0.0,0.0,0.0,0.0,0.0,0,0.0,,Clinic,5,Clinic,Government/Council,False,False,True
1443.0,1115.0,Mashonaland Central,Shamva,31.5181503296,-17.32889,0.0,1998.0,Tafuna,5,0.0,Clinic,0.0,0.0,0.0,0.0,0.0,0.0,0.0,0.0,0.0,0.0,0.0,0.0,0.0,0.0,0.0,0.0,0.0,0.0,0.0,0.0,0.0,0.0,0.0,0.0,0.0,0.0,0.0,0,0.0,,,5,Clinic,Government/Council,False,False,True
1444.0,1217.0,Mashonaland Central,Shamva,31.6621494293,-16.91072,0.0,1998.0,Zvomanyanga,5,0.0,Clinic,0.0,0.0,0.0,0.0,0.0,0.0,0.0,0.0,0.0,0.0,0.0,0.0,0.0,0.0,0.0,0.0,0.0,0.0,0.0,0.0,0.0,0.0,0.0,0.0,0.0,0.0,0.0,0,0.0,,,5,Clinic,Government/Council,False,False,True
1445.0,1401.0,Mashonaland Central,Shamva,31.41414,-16.9515,0.0,2007.0,Nyamaruro,6,2004.0,Rural Health Centre,0.0,2.0,1.0,1.0,0.0,0.0,0.0,3.0,3.0,0.0,5805.0,0.0,0.0,0.0,0.0,1.0,1.0,0.0,0.0,0.0,1.0,1.0,0.0,1.0,0.0,1.0,0.0,1,0.0,,,6,Rural Health Centre,Government,False,False,True
1446.0,1402.0,Mashonaland Central,Shamva,31.51339,-17.04933,0.0,2007.0,Nyamaropa,6,2006.0,Rural Health Centre,0.0,0.0,0.0,0.0,0.0,0.0,0.0,0.0,0.0,0.0,0.0,20.0,0.0,0.0,1.0,0.0,1.0,0.0,0.0,1.0,1.0,1.0,0.0,1.0,0.0,1.0,0.0,0,0.0,under construction,,6,Rural Health Centre,Government,False,False,True
1447.0,1403.0,Mashonaland Central,Shamva,31.61624,-17.02528,0.0,2007.0,Takawira,6,2005.0,Rural Health Centre,0.0,2.0,1.0,0.0,1.0,0.0,0.0,8.0,2.0,6.0,5954.0,36.0,0.0,0.0,1.0,0.0,1.0,0.0,0.0,1.0,1.0,1.0,0.0,0.0,1.0,1.0,0.0,1,0.0,,,6,Rural Health Centre,Government,False,False,True
1448.0,1404.0,Mashonaland Central,Shamva,31.65505,-17.06193,0.0,2007.0,Madziva Teacher's College,6,2006.0,Rural Health Centre,0.0,1.0,0.0,0.0,0.0,0.0,0.0,0.0,0.0,0.0,600.0,30.0,0.0,1.0,1.0,0.0,1.0,0.0,0.0,1.0,0.0,0.0,0.0,1.0,1.0,0.0,0.0,0,0.0,,,6,Rural Health Centre,Government,False,False,True
1449.0,0.0,Mashonaland Central,Shamva,31.6578,-16.9344,0.0,2013.0,Mupfurudzi,,0.0,Rural Health Centre,0.0,0.0,0.0,3.0,0.0,0.0,0.0,8.0,0.0,0.0,5834.0,40.0,1.0,0.0,1.0,0.0,1.0,0.0,0.0,0.0,0.0,0.0,0.0,0.0,0.0,0.0,0.0,1,0.0,,,,Rural Health Centre,Unspecified,False,False,True
1450.0,0.0,Mashonaland Central,Shamva,31.4909,-17.3739,0.0,2013.0,mliti ,,0.0,Clinic,0.0,0.0,0.0,0.0,0.0,0.0,0.0,0.0,0.0,0.0,0.0,0.0,0.0,0.0,0.0,0.0,0.0,0.0,0.0,0.0,0.0,0.0,0.0,0.0,0.0,0.0,0.0,0,0.0,,,,Clinic,Unspecified,False,False,True
1451.0,0.0,Mashonaland Central,Shamva,31.6841,-17.2431,0.0,2013.0,chipoli ,,0.0,Clinic,1.0,1.0,0.0,1.0,0.0,0.0,0.0,10.0,0.0,0.0,5568.0,0.0,0.0,0.0,1.0,0.0,1.0,0.0,0.0,1.0,1.0,0.0,0.0,1.0,0.0,1.0,1.0,0,0.0,,,,Clinic,Unspecified,False,False,True
1452.0,21.0,Midlands,Shurugwi,30.2696895599,-19.97475,0.0,1998.0,Banga,5,0.0,Clinic,0.0,0.0,0.0,0.0,0.0,0.0,0.0,0.0,0.0,0.0,0.0,0.0,0.0,0.0,0.0,0.0,0.0,0.0,0.0,0.0,0.0,0.0,0.0,0.0,0.0,0.0,0.0,0,0.0,,Clinic,5,Clinic,Government/Council,False,False,True
1453.0,125.0,Midlands,Shurugwi,30.3025302887,-19.81733,0.0,1998.0,Chikato,6,0.0,Rural Health Centre,0.0,0.0,0.0,0.0,0.0,0.0,0.0,0.0,0.0,0.0,0.0,0.0,0.0,0.0,0.0,0.0,0.0,0.0,0.0,0.0,0.0,0.0,0.0,0.0,0.0,0.0,0.0,0,0.0,,,6,Rural Health Centre,Government,False,False,True
1454.0,189.0,Midlands,Shurugwi,30.1033096313,-19.67347,0.0,1998.0,Chironde,5,0.0,Clinic,0.0,0.0,0.0,0.0,0.0,0.0,0.0,0.0,0.0,0.0,0.0,0.0,0.0,0.0,0.0,0.0,0.0,0.0,0.0,0.0,0.0,0.0,0.0,0.0,0.0,0.0,0.0,0,0.0,,Clinic,5,Clinic,Government/Council,False,False,True
1455.0,211.0,Midlands,Shurugwi,30.3389701843,-19.57206,0.0,1998.0,Chitora,6,0.0,Rural Health Centre,0.0,0.0,0.0,0.0,0.0,0.0,0.0,0.0,0.0,0.0,0.0,0.0,0.0,0.0,0.0,0.0,0.0,0.0,0.0,0.0,0.0,0.0,0.0,0.0,0.0,0.0,0.0,0,0.0,,,6,Rural Health Centre,Government,False,False,True
1456.0,370.0,Midlands,Shurugwi,30.083360672,-19.88494,0.0,1998.0,Gundura,5,0.0,Clinic,0.0,0.0,0.0,0.0,0.0,0.0,0.0,0.0,0.0,0.0,0.0,0.0,0.0,0.0,0.0,0.0,0.0,0.0,0.0,0.0,0.0,0.0,0.0,0.0,0.0,0.0,0.0,0,0.0,,,5,Clinic,Government/Council,False,False,True
1457.0,386.0,Midlands,Shurugwi,30.3890304565,-19.78753,0.0,1998.0,Gwanza,6,0.0,Rural Health Centre,0.0,0.0,0.0,0.0,0.0,0.0,0.0,0.0,0.0,0.0,0.0,0.0,0.0,0.0,0.0,0.0,0.0,0.0,0.0,0.0,0.0,0.0,0.0,0.0,0.0,0.0,0.0,0,0.0,,,6,Rural Health Centre,Government,False,False,True
1458.0,398.0,Midlands,Shurugwi,30.167640686,-19.65592,0.0,1998.0,Hanke,5,0.0,Clinic,0.0,0.0,0.0,0.0,0.0,0.0,0.0,0.0,0.0,0.0,0.0,0.0,0.0,0.0,0.0,0.0,0.0,0.0,0.0,0.0,0.0,0.0,0.0,0.0,0.0,0.0,0.0,0,0.0,,,5,Clinic,Government/Council,False,False,True
1459.0,455.0,Midlands,Shurugwi,30.287109375,-19.68503,0.0,1998.0,Jobolinko,5,0.0,Clinic,0.0,0.0,0.0,0.0,0.0,0.0,0.0,0.0,0.0,0.0,0.0,0.0,0.0,0.0,0.0,0.0,0.0,0.0,0.0,0.0,0.0,0.0,0.0,0.0,0.0,0.0,0.0,0,0.0,,,5,Clinic,Government/Council,False,False,True
1460.0,606.0,Midlands,Shurugwi,30.019329071,-19.87072,0.0,1998.0,Marishongwe,6,0.0,Rural Health Centre,0.0,0.0,0.0,0.0,0.0,0.0,0.0,0.0,0.0,0.0,0.0,0.0,0.0,0.0,0.0,0.0,0.0,0.0,0.0,0.0,0.0,0.0,0.0,0.0,0.0,0.0,0.0,0,0.0,,,6,Rural Health Centre,Government,False,False,True
1461.0,1209.0,Midlands,Shurugwi,30.1359405518,-19.80181,0.0,1998.0,Zvamabande,6,0.0,Rural Hospital,0.0,0.0,0.0,0.0,0.0,0.0,0.0,0.0,0.0,0.0,0.0,0.0,0.0,0.0,0.0,0.0,0.0,0.0,0.0,0.0,0.0,0.0,0.0,0.0,0.0,0.0,0.0,0,0.0,,,6,Rural Hospital,Government,False,False,True
1462.0,664.0,Midlands,Shurugwi,30.2564201355,-19.8555,0.0,1998.0,Mazibisa,5,0.0,Clinic,0.0,0.0,0.0,0.0,0.0,0.0,0.0,0.0,0.0,0.0,0.0,0.0,0.0,0.0,0.0,0.0,0.0,0.0,0.0,0.0,0.0,0.0,0.0,0.0,0.0,0.0,0.0,0,0.0,,,5,Clinic,Government/Council,False,False,True
1463.0,850.0,Midlands,Shurugwi,30.2201900482,-19.61906,0.0,1998.0,Nhema,5,0.0,Clinic,0.0,0.0,0.0,0.0,0.0,0.0,0.0,0.0,0.0,0.0,0.0,0.0,0.0,0.0,0.0,0.0,0.0,0.0,0.0,0.0,0.0,0.0,0.0,0.0,0.0,0.0,0.0,0,0.0,,,5,Clinic,Government/Council,False,False,True
1464.0,948.0,Midlands,Shurugwi,30.0408306122,-19.93808,0.0,1998.0,Pakame,5,0.0,Clinic,0.0,0.0,0.0,0.0,0.0,0.0,0.0,0.0,0.0,0.0,0.0,0.0,0.0,0.0,0.0,0.0,0.0,0.0,0.0,0.0,0.0,0.0,0.0,0.0,0.0,0.0,0.0,0,0.0,,Clinic,5,Clinic,Government/Council,False,False,True
1465.0,978.0,Midlands,Shurugwi,30.3081092834,-19.75194,0.0,1998.0,Rockford,5,0.0,Clinic,0.0,0.0,0.0,0.0,0.0,0.0,0.0,0.0,0.0,0.0,0.0,0.0,0.0,0.0,0.0,0.0,0.0,0.0,0.0,0.0,0.0,0.0,0.0,0.0,0.0,0.0,0.0,0,0.0,,Clinic,5,Clinic,Government/Council,False,False,True
1466.0,994.0,Midlands,Shurugwi,30.136220932,-19.90139,0.0,1998.0,Rusike,5,0.0,Clinic,0.0,0.0,0.0,0.0,0.0,0.0,0.0,0.0,0.0,0.0,0.0,0.0,0.0,0.0,0.0,0.0,0.0,0.0,0.0,0.0,0.0,0.0,0.0,0.0,0.0,0.0,0.0,0,0.0,,Clinic,5,Clinic,Government/Council,False,False,True
1467.0,1056.0,Midlands,Shurugwi,30.0011692047,-19.67286,0.0,1998.0,Shurugwi,2,0.0,District Hospital,0.0,0.0,0.0,0.0,0.0,0.0,0.0,0.0,0.0,0.0,0.0,0.0,0.0,0.0,0.0,0.0,0.0,0.0,0.0,0.0,0.0,0.0,0.0,0.0,0.0,0.0,0.0,0,0.0,,,2,District Hospital,Government,False,False,True
1468.0,1109.0,Midlands,Shurugwi,30.2543296814,-19.57464,0.0,1998.0,Svika,5,0.0,Clinic,0.0,0.0,0.0,0.0,0.0,0.0,0.0,0.0,0.0,0.0,0.0,0.0,0.0,0.0,0.0,0.0,0.0,0.0,0.0,0.0,0.0,0.0,0.0,0.0,0.0,0.0,0.0,0,0.0,,,5,Clinic,Government/Council,False,False,True
1469.0,1117.0,Midlands,Shurugwi,30.3057498932,-19.88975,0.0,1998.0,Tana,6,0.0,Rural Health Centre,0.0,0.0,0.0,0.0,0.0,0.0,0.0,0.0,0.0,0.0,0.0,0.0,0.0,0.0,0.0,0.0,0.0,0.0,0.0,0.0,0.0,0.0,0.0,0.0,0.0,0.0,0.0,0,0.0,,,6,Rural Health Centre,Government,False,False,True
1470.0,1128.0,Midlands,Shurugwi,30.2076091766,-19.72044,0.0,1998.0,Tongogara,5,0.0,Clinic,0.0,0.0,0.0,0.0,0.0,0.0,0.0,0.0,0.0,0.0,0.0,0.0,0.0,0.0,0.0,0.0,0.0,0.0,0.0,0.0,0.0,0.0,0.0,0.0,0.0,0.0,0.0,0,0.0,,,5,Clinic,Government/Council,False,False,True
1471.0,1210.0,Midlands,Shurugwi,30.2211704254,-19.5565,0.0,1998.0,Zvarota,6,0.0,Rural Health Centre,0.0,0.0,0.0,0.0,0.0,0.0,0.0,0.0,0.0,0.0,0.0,0.0,0.0,0.0,0.0,0.0,0.0,0.0,0.0,0.0,0.0,0.0,0.0,0.0,0.0,0.0,0.0,0,0.0,,,6,Rural Health Centre,Government,False,False,True
1472.0,1315.0,Midlands,Shurugwi,29.81333,-19.95071,1212.0,2007.0,Dorset,5,2006.0,Clinic,0.0,0.0,0.0,1.0,0.0,0.0,0.0,8.0,1.0,7.0,0.0,100.0,0.0,0.0,0.0,1.0,0.0,0.0,0.0,0.0,1.0,0.0,0.0,1.0,0.0,1.0,0.0,0,0.0,,,5,Clinic,Government/Council,False,False,True
1473.0,1355.0,Midlands,Shurugwi,30.01086,-19.71792,1357.0,2007.0,Peak Mine,7,1945.0,Clinic,0.0,2.0,1.0,0.0,0.0,0.0,0.0,2.0,0.0,2.0,500.0,14.0,0.0,1.0,1.0,0.0,1.0,0.0,0.0,1.0,0.0,0.0,1.0,0.0,1.0,0.0,1.0,0,0.0,,,7,Clinic,Private,True,False,False
1474.0,1356.0,Midlands,Shurugwi,29.99334,-19.65205,1509.0,2007.0,Chrome Mines,7,1980.0,Hospital,3.0,20.0,2.0,0.0,0.0,1.0,0.0,55.0,4.0,51.0,4000.0,35.0,1.0,1.0,1.0,0.0,1.0,0.0,0.0,1.0,0.0,0.0,0.0,1.0,1.0,0.0,1.0,0,1.0,,,7,Hospital,Private,True,False,False
1475.0,1357.0,Midlands,Shurugwi,30.00893,-19.67355,1432.0,2007.0,Ironsides,7,1980.0,Clinic,0.0,2.0,0.0,0.0,0.0,0.0,0.0,1.0,0.0,1.0,0.0,6.0,0.0,1.0,1.0,0.0,1.0,0.0,0.0,1.0,0.0,0.0,0.0,0.0,0.0,0.0,1.0,0,0.0,,,7,Clinic,Private,True,False,False
1476.0,1358.0,Midlands,Shurugwi,29.99906,-19.67596,1423.0,2007.0,Makusha,5,2001.0,Clinic,0.0,2.0,2.0,1.0,0.0,0.0,0.0,1.0,1.0,0.0,16800.0,1.0,0.0,1.0,1.0,0.0,1.0,0.0,0.0,1.0,0.0,0.0,0.0,1.0,1.0,0.0,0.0,0,0.0,,,5,Clinic,Government/Council,False,False,True
1477.0,39.0,Matebeleland North,Tsholotsho,27.8119392395,-20.1,0.0,1998.0,Bubude,5,0.0,Clinic,0.0,0.0,0.0,0.0,0.0,0.0,0.0,0.0,0.0,0.0,0.0,0.0,0.0,0.0,0.0,0.0,0.0,0.0,0.0,0.0,0.0,0.0,0.0,0.0,0.0,0.0,0.0,0,0.0,,Clinic,5,Clinic,Government/Council,False,False,True
1478.0,452.0,Matebeleland North,Tsholotsho,27.738609314,-19.49333,0.0,1998.0,Jimila,5,0.0,Clinic,0.0,0.0,0.0,0.0,0.0,0.0,0.0,0.0,0.0,0.0,0.0,0.0,0.0,0.0,0.0,0.0,0.0,0.0,0.0,0.0,0.0,0.0,0.0,0.0,0.0,0.0,0.0,0,0.0,,,5,Clinic,Government/Council,False,False,True
1479.0,482.0,Matebeleland North,Tsholotsho,27.5174999237,-19.26056,0.0,1998.0,Kapane,8,0.0,Not Open,0.0,0.0,0.0,0.0,0.0,0.0,0.0,0.0,0.0,0.0,0.0,0.0,0.0,0.0,0.0,0.0,0.0,0.0,0.0,0.0,0.0,0.0,0.0,0.0,0.0,0.0,0.0,0,0.0,,,8,Not Open,Non-operational/Not yet open,False,True,False
1480.0,550.0,Matebeleland North,Tsholotsho,27.5080604553,-19.77528,0.0,1998.0,Madlamombe,5,0.0,Clinic,0.0,0.0,0.0,0.0,0.0,0.0,0.0,0.0,0.0,0.0,0.0,0.0,0.0,0.0,0.0,0.0,0.0,0.0,0.0,0.0,0.0,0.0,0.0,0.0,0.0,0.0,0.0,0,0.0,,,5,Clinic,Government/Council,False,False,True
1481.0,572.0,Matebeleland North,Tsholotsho,27.1919403076,-17.94944,0.0,1998.0,Makaza,5,0.0,Clinic,0.0,0.0,0.0,0.0,0.0,0.0,0.0,0.0,0.0,0.0,0.0,0.0,0.0,0.0,0.0,0.0,0.0,0.0,0.0,0.0,0.0,0.0,0.0,0.0,0.0,0.0,0.0,0,0.0,,,5,Clinic,Government/Council,False,False,True
1482.0,691.0,Matebeleland North,Tsholotsho,27.6674995422,-19.15111,0.0,1998.0,Mlagisa,6,0.0,Rural Health centre,0.0,0.0,0.0,0.0,0.0,0.0,0.0,0.0,0.0,0.0,0.0,0.0,0.0,0.0,0.0,0.0,0.0,0.0,0.0,0.0,0.0,0.0,0.0,0.0,0.0,0.0,0.0,0,0.0,,,6,Rural Health centre,Government,False,False,True
1483.0,719.0,Matebeleland North,Tsholotsho,27.0886096954,-18.35889,0.0,1998.0,Mtshayeli,5,0.0,Clinic,0.0,0.0,0.0,0.0,0.0,0.0,0.0,0.0,0.0,0.0,0.0,0.0,0.0,0.0,0.0,0.0,0.0,0.0,0.0,0.0,0.0,0.0,0.0,0.0,0.0,0.0,0.0,0,0.0,,,5,Clinic,Government/Council,False,False,True
1484.0,858.0,Matebeleland North,Tsholotsho,27.8886108398,-20.10056,0.0,1998.0,Nkunzi,6,0.0,Rural Health centre,0.0,0.0,0.0,0.0,0.0,0.0,0.0,0.0,0.0,0.0,0.0,0.0,0.0,0.0,0.0,0.0,0.0,0.0,0.0,0.0,0.0,0.0,0.0,0.0,0.0,0.0,0.0,0,0.0,,,6,Rural Health centre,Government,False,False,True
1485.0,949.0,Matebeleland North,Tsholotsho,27.571390152,-19.46944,0.0,1998.0,Panedziba,5,0.0,Clinic,0.0,0.0,0.0,0.0,0.0,0.0,0.0,0.0,0.0,0.0,0.0,0.0,0.0,0.0,0.0,0.0,0.0,0.0,0.0,0.0,0.0,0.0,0.0,0.0,0.0,0.0,0.0,0,0.0,,Clinic,5,Clinic,Government/Council,False,False,True
1486.0,964.0,Matebeleland North,Tsholotsho,27.0913906097,-19.59306,0.0,1998.0,Pumula,3,0.0,Mission Hospital,0.0,0.0,0.0,0.0,0.0,0.0,0.0,0.0,0.0,0.0,0.0,0.0,0.0,0.0,0.0,0.0,0.0,0.0,0.0,0.0,0.0,0.0,0.0,0.0,0.0,0.0,0.0,0,0.0,,,3,Mission Hospital,Mission/Church,False,False,True
1487.0,1075.0,Matebeleland North,Tsholotsho,27.6550006866,-19.28667,0.0,1998.0,Sipepa,4,0.0,Rural Hospital,0.0,0.0,0.0,0.0,0.0,0.0,0.0,0.0,0.0,0.0,0.0,0.0,0.0,0.0,0.0,0.0,0.0,0.0,0.0,0.0,0.0,0.0,0.0,0.0,0.0,0.0,0.0,0,0.0,,,4,Rural Hospital,Government,False,False,True
1488.0,1079.0,Matebeleland North,Tsholotsho,27.0841693878,-19.39889,0.0,1998.0,Sodaka,6,0.0,Rural Health centre,0.0,0.0,0.0,0.0,0.0,0.0,0.0,0.0,0.0,0.0,0.0,0.0,0.0,0.0,0.0,0.0,0.0,0.0,0.0,0.0,0.0,0.0,0.0,0.0,0.0,0.0,0.0,0,0.0,,,6,Rural Health centre,Government,False,False,True
1489.0,1114.0,Matebeleland North,Tsholotsho,27.7527809143,-19.76694,0.0,1998.0,T. Urban,5,0.0,Clinic,0.0,0.0,0.0,0.0,0.0,0.0,0.0,0.0,0.0,0.0,0.0,0.0,0.0,0.0,0.0,0.0,0.0,0.0,0.0,0.0,0.0,0.0,0.0,0.0,0.0,0.0,0.0,0,0.0,,,5,Clinic,Government/Council,False,False,True
1490.0,1141.0,Matebeleland North,Tsholotsho,27.755279541,-19.77278,0.0,1998.0,Tsholotsho,2,0.0,District Hospital,0.0,0.0,0.0,0.0,0.0,0.0,0.0,0.0,0.0,0.0,0.0,0.0,0.0,0.0,0.0,0.0,0.0,0.0,0.0,0.0,0.0,0.0,0.0,0.0,0.0,0.0,0.0,0,0.0,,,2,District Hospital,Government,False,False,True
1491.0,1294.0,Matebeleland North,Tsholotsho,27.27332,-19.45289,989.0,2007.0,Bemba,7,2006.0,Conucil Not Open,0.0,0.0,0.0,0.0,0.0,0.0,0.0,0.0,0.0,0.0,2000.0,20.0,0.0,0.0,0.0,0.0,0.0,0.0,0.0,0.0,0.0,0.0,0.0,0.0,0.0,0.0,0.0,0,0.0,Awaiting Opening,,7,Conucil Not Open,Non-operational/Not yet open,False,True,False
1492.0,1295.0,Matebeleland North,Tsholotsho,27.35356,-19.78716,1012.0,2007.0,Sikente,5,2003.0,Clinic,0.0,0.0,2.0,2.0,0.0,0.0,0.0,3.0,1.0,2.0,4736.0,45.0,1.0,0.0,0.0,1.0,0.0,1.0,0.0,1.0,1.0,0.0,0.0,1.0,0.0,1.0,1.0,0,0.0,Shortage of Drugs,,5,Clinic,Government/Council,False,False,True
1493.0,1292.0,Matebeleland North,Tsholotsho,27.80185,-20.0903,1246.0,2007.0,Chefunye,8,2006.0,Council Clinic(Construction),0.0,0.0,0.0,0.0,0.0,0.0,0.0,0.0,0.0,0.0,0.0,0.0,0.0,0.0,0.0,0.0,0.0,0.0,0.0,0.0,0.0,0.0,0.0,0.0,0.0,0.0,0.0,0,0.0,Under construction,,8,Council Clinic(Construction),Non-operational/Not yet open,False,True,False
1494.0,1293.0,Matebeleland North,Tsholotsho,27.18993,-19.48617,0.0,2007.0,Samahuru,7,2006.0,Clinic,0.0,0.0,0.0,0.0,0.0,0.0,0.0,0.0,0.0,0.0,0.0,0.0,0.0,0.0,0.0,0.0,0.0,0.0,0.0,0.0,0.0,0.0,0.0,0.0,0.0,0.0,0.0,0,0.0,Complete awaiting opening,Clinic,7,Clinic,Private,True,False,False
1495.0,1300.0,Matebeleland North,Tsholotsho,27.64581,-19.93546,1123.0,2007.0,Makaza,6,1986.0,Rural Health Centre,0.0,0.0,0.0,0.0,0.0,0.0,0.0,0.0,0.0,0.0,0.0,0.0,0.0,0.0,0.0,0.0,0.0,0.0,0.0,0.0,0.0,0.0,0.0,0.0,0.0,0.0,0.0,0,0.0,,,6,Rural Health Centre,Government,False,False,True
1496.0,0.0,Matebeleland North,Tsholotsho,27.406,-19.4999,0.0,2013.0,Dlamini,0,0.0,council clinic,0.0,0.0,0.0,0.0,0.0,0.0,0.0,0.0,0.0,0.0,0.0,0.0,0.0,0.0,0.0,0.0,0.0,0.0,0.0,0.0,0.0,0.0,0.0,0.0,0.0,0.0,0.0,0,0.0,,,0,council clinic,Unspecified,False,False,True
1497.0,0.0,Matebeleland North,Tsholotsho,27.7239,-20.043,0.0,2013.0,Shaba,0,2011.0,council clinic,0.0,0.0,0.0,0.0,0.0,0.0,0.0,0.0,0.0,0.0,0.0,0.0,0.0,0.0,0.0,0.0,0.0,0.0,0.0,0.0,0.0,0.0,0.0,0.0,0.0,0.0,0.0,0,0.0,,,0,council clinic,Unspecified,False,False,True
1498.0,37.0,Matebeleland North,Umguza,28.8016700745,-20.01194,0.0,1998.0,Bhekeni,6,0.0,Rural Health Centre,0.0,0.0,0.0,0.0,0.0,0.0,0.0,0.0,0.0,0.0,0.0,0.0,0.0,0.0,0.0,0.0,0.0,0.0,0.0,0.0,0.0,0.0,0.0,0.0,0.0,0.0,0.0,0,0.0,,,6,Rural Health Centre,Government,False,False,True
1499.0,243.0,Matebeleland North,Umguza,28.6949996948,-20.11028,0.0,1998.0,Clay Products,5,0.0,Private Clinic,0.0,0.0,0.0,0.0,0.0,0.0,0.0,0.0,0.0,0.0,0.0,0.0,0.0,0.0,0.0,0.0,0.0,0.0,0.0,0.0,0.0,0.0,0.0,0.0,0.0,0.0,0.0,0,0.0,,,5,Private Clinic,Government/Council,False,False,True
1500.0,316.0,Matebeleland North,Umguza,28.7000007629,-20.09917,0.0,1998.0,Fair bridge,5,0.0,Clinic,0.0,0.0,0.0,0.0,0.0,0.0,0.0,0.0,0.0,0.0,0.0,0.0,0.0,0.0,0.0,0.0,0.0,0.0,0.0,0.0,0.0,0.0,0.0,0.0,0.0,0.0,0.0,0,0.0,,,5,Clinic,Government/Council,False,False,True
1501.0,322.0,Matebeleland North,Umguza,28.8941707611,-19.9675,0.0,1998.0,Fingo,5,0.0,Clinic,0.0,0.0,0.0,0.0,0.0,0.0,0.0,0.0,0.0,0.0,0.0,0.0,0.0,0.0,0.0,0.0,0.0,0.0,0.0,0.0,0.0,0.0,0.0,0.0,0.0,0.0,0.0,0,0.0,,,5,Clinic,Government/Council,False,False,True
1502.0,428.0,Matebeleland North,Umguza,28.0741691589,-19.66111,0.0,1998.0,Igusi,5,0.0,Clinic,0.0,0.0,0.0,0.0,0.0,0.0,0.0,0.0,0.0,0.0,0.0,0.0,0.0,0.0,0.0,0.0,0.0,0.0,0.0,0.0,0.0,0.0,0.0,0.0,0.0,0.0,0.0,0,0.0,,,5,Clinic,Government/Council,False,False,True
1503.0,435.0,Matebeleland North,Umguza,28.3272209167,-19.49306,0.0,1998.0,Insuza,6,0.0,Rural Health centre,0.0,0.0,0.0,0.0,0.0,0.0,0.0,0.0,0.0,0.0,0.0,0.0,0.0,0.0,0.0,0.0,0.0,0.0,0.0,0.0,0.0,0.0,0.0,0.0,0.0,0.0,0.0,0,0.0,,,6,Rural Health centre,Government,False,False,True
1504.0,867.0,Matebeleland North,Umguza,28.8455600739,-19.97944,0.0,1998.0,Ntabazinduna,5,0.0,Clinic,0.0,0.0,0.0,0.0,0.0,0.0,0.0,0.0,0.0,0.0,0.0,0.0,0.0,0.0,0.0,0.0,0.0,0.0,0.0,0.0,0.0,0.0,0.0,0.0,0.0,0.0,0.0,0,0.0,,,5,Clinic,Government/Council,False,False,True
1505.0,890.0,Matebeleland North,Umguza,28.2655601501,-19.85889,0.0,1998.0,Nyamandlovu,4,0.0,Hospital,0.0,0.0,0.0,0.0,0.0,0.0,0.0,0.0,0.0,0.0,0.0,0.0,0.0,0.0,0.0,0.0,0.0,0.0,0.0,0.0,0.0,0.0,0.0,0.0,0.0,0.0,0.0,0,0.0,,,4,Hospital,Government,False,False,True
1506.0,957.0,Matebeleland North,Umguza,28.576669693,-20.15528,0.0,1998.0,PMD,9,0.0,Matebeleland North,0.0,0.0,0.0,0.0,0.0,0.0,0.0,0.0,0.0,0.0,0.0,0.0,0.0,0.0,0.0,0.0,0.0,0.0,0.0,0.0,0.0,0.0,0.0,0.0,0.0,0.0,0.0,0,0.0,,,9,Matebeleland North,Admin office (not a facility),False,True,False
1507.0,1149.0,Matebeleland North,Umguza,28.6849994659,-20.11861,0.0,1998.0,Unicem,7,0.0,Private Clinic,0.0,0.0,0.0,0.0,0.0,0.0,0.0,0.0,0.0,0.0,0.0,0.0,0.0,0.0,0.0,0.0,0.0,0.0,0.0,0.0,0.0,0.0,0.0,0.0,0.0,0.0,0.0,0,0.0,,,7,Private Clinic,Private,True,False,False
1508.0,1290.0,Matebeleland North,Umguza,28.41426,-19.73884,1153.0,2007.0,Redwood,5,2006.0,Clinic,0.0,0.0,0.0,0.0,0.0,0.0,0.0,0.0,0.0,0.0,7600.0,52.0,0.0,0.0,0.0,0.0,0.0,0.0,0.0,0.0,0.0,0.0,0.0,0.0,0.0,0.0,0.0,0,0.0,Complete -Opening long overdue,Clinic,5,Clinic,Government/Council,False,False,True
1509.0,1291.0,Matebeleland North,Umguza,28.006,-19.9121,1132.0,2007.0,Muntu,5,2004.0,Clinic,0.0,1.0,1.0,1.0,0.0,0.0,0.0,5.0,4.0,1.0,428.0,35.0,0.0,1.0,1.0,0.0,1.0,0.0,0.0,1.0,1.0,0.0,0.0,1.0,1.0,0.0,0.0,1,0.0,1. Accomodation problems 2.Water engine problems,Clinic,5,Clinic,Government/Council,False,False,True
1510.0,0.0,Matebeleland North,Umguza,28.3289,-19.4938,0.0,2013.0,Mbembesi,0,0.0,Rural Health Centre,0.0,0.0,0.0,0.0,0.0,0.0,0.0,0.0,0.0,0.0,0.0,0.0,0.0,0.0,0.0,0.0,0.0,0.0,0.0,0.0,0.0,0.0,0.0,0.0,0.0,0.0,0.0,0,0.0,,,0,Rural Health Centre,Unspecified,False,False,True
1511.0,0.0,Matebeleland North,Umguza,28.1923,-19.9487,0.0,2013.0,T.G Silundika,0,0.0,Rural Health Centre,0.0,0.0,0.0,0.0,0.0,0.0,0.0,0.0,0.0,0.0,0.0,0.0,0.0,0.0,0.0,0.0,0.0,0.0,0.0,0.0,0.0,0.0,0.0,0.0,0.0,0.0,0.0,0,0.0,,,0,Rural Health Centre,Unspecified,False,False,True
1512.0,0.0,Matebeleland North,Umguza,28.0553,-19.9505,0.0,2013.0,St. James ,0,1999.0,Mission Clinic,0.0,0.0,0.0,0.0,0.0,0.0,0.0,0.0,0.0,0.0,0.0,0.0,0.0,0.0,0.0,0.0,0.0,0.0,0.0,0.0,0.0,0.0,0.0,0.0,0.0,0.0,0.0,0,0.0,,,0,Mission Clinic,Unspecified,False,False,True
1513.0,0.0,Matebeleland North,Umguza,28.0059,-19.912,0.0,2013.0,Muntu,0,2003.0,Rural Health Centre,0.0,0.0,0.0,0.0,0.0,0.0,0.0,0.0,0.0,0.0,0.0,0.0,0.0,0.0,0.0,0.0,0.0,0.0,0.0,0.0,0.0,0.0,0.0,0.0,0.0,0.0,0.0,0,0.0,,,0,Rural Health Centre,Unspecified,False,False,True
1514.0,0.0,Matebeleland North,Umguza,28.399,-20.0654,0.0,2013.0,Khami D Clinic,0,0.0,Prison Clinic,0.0,0.0,0.0,0.0,0.0,0.0,0.0,0.0,0.0,0.0,0.0,0.0,0.0,0.0,0.0,0.0,0.0,0.0,0.0,0.0,0.0,0.0,0.0,0.0,0.0,0.0,0.0,0,0.0,,,0,Prison Clinic,Unspecified,False,False,True
1515.0,0.0,Matebeleland North,Umguza,28.3926,-20.0617,0.0,2013.0,Khami Medium Clinic,0,0.0,Prison Clinic,0.0,0.0,0.0,0.0,0.0,0.0,0.0,0.0,0.0,0.0,0.0,0.0,0.0,0.0,0.0,0.0,0.0,0.0,0.0,0.0,0.0,0.0,0.0,0.0,0.0,0.0,0.0,0,0.0,,,0,Prison Clinic,Unspecified,False,False,True
1516.0,0.0,Matebeleland North,Umguza,28.3953,-20.0638,0.0,2013.0,Mlondolozi,0,0.0,Prison Clinic,0.0,0.0,0.0,0.0,0.0,0.0,0.0,0.0,0.0,0.0,0.0,0.0,0.0,0.0,0.0,0.0,0.0,0.0,0.0,0.0,0.0,0.0,0.0,0.0,0.0,0.0,0.0,0,0.0,,,0,Prison Clinic,Unspecified,False,False,True
1517.0,0.0,Matebeleland North,Umguza,28.3962,-20.0662,0.0,2013.0,Khami Remand ,0,0.0,Prison Clinic,0.0,0.0,0.0,0.0,0.0,0.0,0.0,0.0,0.0,0.0,0.0,0.0,0.0,0.0,0.0,0.0,0.0,0.0,0.0,0.0,0.0,0.0,0.0,0.0,0.0,0.0,0.0,0,0.0,,,0,Prison Clinic,Unspecified,False,False,True
1518.0,0.0,Matebeleland North,Umguza,28.4028,-20.0666,0.0,2013.0,Khami Maximum,0,0.0,Prison Clinic,0.0,0.0,0.0,0.0,0.0,0.0,0.0,0.0,0.0,0.0,0.0,0.0,0.0,0.0,0.0,0.0,0.0,0.0,0.0,0.0,0.0,0.0,0.0,0.0,0.0,0.0,0.0,0,0.0,,,0,Prison Clinic,Unspecified,False,False,True
1519.0,0.0,Matebeleland North,Umguza,28.4057,-20.06883,0.0,2013.0,Khami Prison Staff clnc,0,0.0,Prison Clinic,0.0,0.0,0.0,0.0,0.0,0.0,0.0,0.0,0.0,0.0,0.0,0.0,0.0,0.0,0.0,0.0,0.0,0.0,0.0,0.0,0.0,0.0,0.0,0.0,0.0,0.0,0.0,0,0.0,,,0,Prison Clinic,Unspecified,False,False,True
1520.0,52.0,Mashonaland East,Ump,31.9761104584,-17.02083,0.0,1998.0,Borera,5,0.0,Clinic,0.0,0.0,0.0,0.0,0.0,0.0,0.0,0.0,0.0,0.0,0.0,0.0,0.0,0.0,0.0,0.0,0.0,0.0,0.0,0.0,0.0,0.0,0.0,0.0,0.0,0.0,0.0,0,0.0,,Clinic,5,Clinic,Government/Council,False,False,True
1521.0,176.0,Mashonaland East,Ump,31.9341697693,-17.22472,0.0,1998.0,Chipfunde,5,0.0,Clinic,0.0,0.0,0.0,0.0,0.0,0.0,0.0,0.0,0.0,0.0,0.0,0.0,0.0,0.0,0.0,0.0,0.0,0.0,0.0,0.0,0.0,0.0,0.0,0.0,0.0,0.0,0.0,0,0.0,,Clinic,5,Clinic,Government/Council,False,False,True
1522.0,207.0,Mashonaland East,Ump,31.7836093903,-17.45139,0.0,1998.0,Chitimbe,5,0.0,Clinic,0.0,0.0,0.0,0.0,0.0,0.0,0.0,0.0,0.0,0.0,0.0,0.0,0.0,0.0,0.0,0.0,0.0,0.0,0.0,0.0,0.0,0.0,0.0,0.0,0.0,0.0,0.0,0,0.0,,Clinic,5,Clinic,Government/Council,False,False,True
1523.0,216.0,Mashonaland East,Ump,32.073890686,-16.94528,0.0,1998.0,Chitsungo,5,0.0,Clinic,0.0,0.0,0.0,0.0,0.0,0.0,0.0,0.0,0.0,0.0,0.0,0.0,0.0,0.0,0.0,0.0,0.0,0.0,0.0,0.0,0.0,0.0,0.0,0.0,0.0,0.0,0.0,0,0.0,,Clinic,5,Clinic,Government/Council,False,False,True
1524.0,279.0,Mashonaland East,Ump,32.0877799988,-16.88,0.0,1998.0,Dindi,3,0.0,Mission Hospital,0.0,0.0,0.0,0.0,0.0,0.0,0.0,0.0,0.0,0.0,0.0,0.0,0.0,0.0,0.0,0.0,0.0,0.0,0.0,0.0,0.0,0.0,0.0,0.0,0.0,0.0,0.0,0,0.0,,,3,Mission Hospital,Mission/Church,False,False,True
1525.0,337.0,Mashonaland East,Ump,32.0991706848,-16.99611,0.0,1998.0,Gaula,8,0.0,Clinic(Not Open),0.0,0.0,0.0,0.0,0.0,0.0,0.0,0.0,0.0,0.0,0.0,0.0,0.0,0.0,0.0,0.0,0.0,0.0,0.0,0.0,0.0,0.0,0.0,0.0,0.0,0.0,0.0,0,0.0,,,8,Clinic(Not Open),Non-operational/Not yet open,False,True,False
1526.0,470.0,Mashonaland East,Ump,32.2527809143,-16.84306,0.0,1998.0,Kafura,6,0.0,Rural Health Centre,0.0,0.0,0.0,0.0,0.0,0.0,0.0,0.0,0.0,0.0,0.0,0.0,0.0,0.0,0.0,0.0,0.0,0.0,0.0,0.0,0.0,0.0,0.0,0.0,0.0,0.0,0.0,0,0.0,,,6,Rural Health Centre,Government,False,False,True
1527.0,488.0,Mashonaland East,Ump,32.0147209167,-17.31306,0.0,1998.0,Karimbika,6,0.0,Rural Health Centre,0.0,0.0,0.0,0.0,0.0,0.0,0.0,0.0,0.0,0.0,0.0,0.0,0.0,0.0,0.0,0.0,0.0,0.0,0.0,0.0,0.0,0.0,0.0,0.0,0.0,0.0,0.0,0,0.0,,,6,Rural Health Centre,Government,False,False,True
1528.0,494.0,Mashonaland East,Ump,31.8405609131,-17.2225,0.0,1998.0,Katiyo,5,0.0,Clinic,0.0,0.0,0.0,0.0,0.0,0.0,0.0,0.0,0.0,0.0,0.0,0.0,0.0,0.0,0.0,0.0,0.0,0.0,0.0,0.0,0.0,0.0,0.0,0.0,0.0,0.0,0.0,0,0.0,,,5,Clinic,Government/Council,False,False,True
1529.0,594.0,Mashonaland East,Ump,31.8961105347,-17.36028,0.0,1998.0,Manyika,5,0.0,Clinic,0.0,0.0,0.0,0.0,0.0,0.0,0.0,0.0,0.0,0.0,0.0,0.0,0.0,0.0,0.0,0.0,0.0,0.0,0.0,0.0,0.0,0.0,0.0,0.0,0.0,0.0,0.0,0,0.0,,,5,Clinic,Government/Council,False,False,True
1530.0,603.0,Mashonaland East,Ump,31.9850006104,-17.03667,0.0,1998.0,Maramba,5,0.0,Clinic,0.0,0.0,0.0,0.0,0.0,0.0,0.0,0.0,0.0,0.0,0.0,0.0,0.0,0.0,0.0,0.0,0.0,0.0,0.0,0.0,0.0,0.0,0.0,0.0,0.0,0.0,0.0,0,0.0,,,5,Clinic,Government/Council,False,False,True
1531.0,781.0,Mashonaland East,Ump,31.9763908386,-17.40333,0.0,1998.0,Muskwe,5,0.0,Clinic,0.0,0.0,0.0,0.0,0.0,0.0,0.0,0.0,0.0,0.0,0.0,0.0,0.0,0.0,0.0,0.0,0.0,0.0,0.0,0.0,0.0,0.0,0.0,0.0,0.0,0.0,0.0,0,0.0,,,5,Clinic,Government/Council,False,False,True
1532.0,790.0,Mashonaland East,Ump,31.9738903046,-17.12139,0.0,1998.0,Mutawatawa,2,0.0,District Hosptal,0.0,0.0,0.0,0.0,0.0,0.0,0.0,0.0,0.0,0.0,0.0,0.0,0.0,0.0,0.0,0.0,0.0,0.0,0.0,0.0,0.0,0.0,0.0,0.0,0.0,0.0,0.0,0,0.0,,,2,District Hosptal,Government,False,False,True
1533.0,846.0,Mashonaland East,Ump,31.8008308411,-17.37111,0.0,1998.0,Nhakiwa,5,0.0,Clinic,0.0,0.0,0.0,0.0,0.0,0.0,0.0,0.0,0.0,0.0,0.0,0.0,0.0,0.0,0.0,0.0,0.0,0.0,0.0,0.0,0.0,0.0,0.0,0.0,0.0,0.0,0.0,0,0.0,,,5,Clinic,Government/Council,False,False,True
1534.0,885.0,Mashonaland East,Ump,32.1919403076,-16.9025,0.0,1998.0,Nyakasoro,5,0.0,Clinic,0.0,0.0,0.0,0.0,0.0,0.0,0.0,0.0,0.0,0.0,0.0,0.0,0.0,0.0,0.0,0.0,0.0,0.0,0.0,0.0,0.0,0.0,0.0,0.0,0.0,0.0,0.0,0,0.0,,,5,Clinic,Government/Council,False,False,True
1535.0,918.0,Mashonaland East,Ump,32.3047218323,-16.78028,0.0,1998.0,Nyanzou,5,0.0,Clinic,0.0,0.0,0.0,0.0,0.0,0.0,0.0,0.0,0.0,0.0,0.0,0.0,0.0,0.0,0.0,0.0,0.0,0.0,0.0,0.0,0.0,0.0,0.0,0.0,0.0,0.0,0.0,0,0.0,,,5,Clinic,Government/Council,False,False,True
1536.0,919.0,Mashonaland East,Ump,32.3047218323,-16.78028,0.0,1998.0,Nyanzou,5,0.0,Clinic,0.0,0.0,0.0,0.0,0.0,0.0,0.0,0.0,0.0,0.0,0.0,0.0,0.0,0.0,0.0,0.0,0.0,0.0,0.0,0.0,0.0,0.0,0.0,0.0,0.0,0.0,0.0,0,0.0,,,5,Clinic,Government/Council,False,False,True
1537.0,0.0,Mashonaland East,UMP,31.8404,-17.223,0.0,2013.0,Chikuhwa,,2008.0,RHC,0.0,1.0,1.0,1.0,0.0,0.0,0.0,0.0,0.0,0.0,7679.0,26.0,0.0,0.0,0.0,0.0,1.0,0.0,0.0,0.0,1.0,0.0,0.0,1.0,0.0,1.0,0.0,1,0.0,,,,RHC,Unspecified,False,False,True
1538.0,0.0,Mashonaland East,UMP,32.4641,-16.7837,0.0,2013.0,Dewe  ,,2005.0,Clinic,0.0,0.0,1.0,2.0,0.0,0.0,0.0,7.0,0.0,0.0,3175.0,95.0,0.0,0.0,0.0,0.0,0.0,0.0,0.0,0.0,1.0,0.0,0.0,1.0,0.0,1.0,0.0,1,0.0,,,,Clinic,Unspecified,False,False,True
1539.0,0.0,Mashonaland East,UMP,31.7067,-17.3899,0.0,2013.0,Marembera ,,1998.0,RHC,0.0,1.0,1.0,2.0,1.0,0.0,0.0,10.0,0.0,0.0,5671.0,58.0,1.0,0.0,1.0,0.0,1.0,0.0,0.0,1.0,1.0,0.0,0.0,1.0,0.0,1.0,0.0,1,0.0,,,,RHC,Unspecified,False,False,True
1540.0,0.0,Mashonaland East,UMP,31.8225,-17.2751,0.0,2013.0,Mashambanhaka,Council,0.0, Clinic,0.0,0.0,1.0,2.0,1.0,0.0,0.0,9.0,0.0,0.0,8034.0,30.0,1.0,0.0,1.0,0.0,1.0,0.0,0.0,0.0,1.0,0.0,0.0,1.0,0.0,1.0,1.0,1,0.0,,,Council,Clinic,Government/Council,False,False,True
1541.0,0.0,Mashonaland East,UMP,32.0993,-16.996,0.0,2013.0,Sowa ,,0.0,RHC,0.0,0.0,1.0,1.0,1.0,0.0,0.0,11.0,0.0,0.0,4041.0,30.0,1.0,0.0,0.0,0.0,0.0,0.0,0.0,0.0,1.0,0.0,0.0,1.0,0.0,1.0,0.0,1,0.0,,,,RHC,Unspecified,False,False,True
1542.0,1255.0,Matebeleland North,Umzingwane,28.94167,-20.34218,1205.0,2007.0,Umzingwane High School,7,0.0,School Clinic,0.0,1.0,1.0,2.0,0.0,0.0,0.0,1.0,0.0,1.0,3014.0,7.0,0.0,1.0,1.0,0.0,1.0,0.0,0.0,1.0,0.0,1.0,0.0,1.0,1.0,0.0,1.0,0,0.0,,,7,School Clinic,Private,True,False,False
1543.0,1256.0,Matebeleland North,Umzingwane,29.03401,-20.45149,1129.0,2007.0,Mbalambala,7,1960.0,Army Clinic,0.0,2.0,0.0,0.0,1.0,0.0,0.0,10.0,0.0,10.0,2958.0,23.0,0.0,1.0,1.0,0.0,1.0,0.0,0.0,1.0,0.0,0.0,0.0,1.0,1.0,0.0,0.0,0,0.0,,Millitary Clinic,7,Army Clinic,Private,True,False,False
1544.0,1257.0,Matebeleland North,Umzingwane,29.10956,-20.20814,1198.0,2007.0,Mpisini,5,2004.0,Clinic,0.0,1.0,0.0,1.0,0.0,0.0,0.0,4.0,1.0,3.0,2958.0,30.0,0.0,0.0,1.0,0.0,1.0,0.0,0.0,1.0,0.0,1.0,0.0,0.0,0.0,0.0,0.0,1,0.0,Was a farm house,,5,Clinic,Government/Council,False,False,True
1545.0,55.0,Masvingo,Zaka,31.4073104858,-20.62272,0.0,1998.0,Bota,5,0.0,Clinic,0.0,0.0,0.0,0.0,0.0,0.0,0.0,0.0,0.0,0.0,0.0,0.0,0.0,0.0,0.0,0.0,0.0,0.0,0.0,0.0,0.0,0.0,0.0,0.0,0.0,0.0,0.0,0,0.0,,Clinic,5,Clinic,Government/Council,False,False,True
1546.0,66.0,Masvingo,Zaka,31.4387207031,-20.10544,0.0,1998.0,Bvukururu,5,0.0,Clinic,0.0,0.0,0.0,0.0,0.0,0.0,0.0,0.0,0.0,0.0,0.0,0.0,0.0,0.0,0.0,0.0,0.0,0.0,0.0,0.0,0.0,0.0,0.0,0.0,0.0,0.0,0.0,0,0.0,,Clinic,5,Clinic,Government/Council,False,False,True
1547.0,163.0,Masvingo,Zaka,31.5558300018,-20.30689,0.0,1998.0,Chinyabako,5,0.0,Clinic,0.0,0.0,0.0,0.0,0.0,0.0,0.0,0.0,0.0,0.0,0.0,0.0,0.0,0.0,0.0,0.0,0.0,0.0,0.0,0.0,0.0,0.0,0.0,0.0,0.0,0.0,0.0,0,0.0,,Clinic,5,Clinic,Government/Council,False,False,True
1548.0,177.0,Masvingo,Zaka,31.340719223,-20.06892,0.0,1998.0,Chipinda,6,0.0,Rural Health Centre,0.0,0.0,0.0,0.0,0.0,0.0,0.0,0.0,0.0,0.0,0.0,0.0,0.0,0.0,0.0,0.0,0.0,0.0,0.0,0.0,0.0,0.0,0.0,0.0,0.0,0.0,0.0,0,0.0,,,6,Rural Health Centre,Government,False,False,True
1549.0,182.0,Masvingo,Zaka,31.6708908081,-20.56889,0.0,1998.0,Chiredzana,5,0.0,Clinic,0.0,0.0,0.0,0.0,0.0,0.0,0.0,0.0,0.0,0.0,0.0,0.0,0.0,0.0,0.0,0.0,0.0,0.0,0.0,0.0,0.0,0.0,0.0,0.0,0.0,0.0,0.0,0,0.0,,Clinic,5,Clinic,Government/Council,False,False,True
1550.0,329.0,Masvingo,Zaka,31.6176395416,-20.35083,0.0,1998.0,Fuve,5,0.0,Clinic,0.0,0.0,0.0,0.0,0.0,0.0,0.0,0.0,0.0,0.0,0.0,0.0,0.0,0.0,0.0,0.0,0.0,0.0,0.0,0.0,0.0,0.0,0.0,0.0,0.0,0.0,0.0,0,0.0,,,5,Clinic,Government/Council,False,False,True
1551.0,365.0,Masvingo,Zaka,31.406999588,-20.23847,0.0,1998.0,Gumbo,5,0.0,Clinic,0.0,0.0,0.0,0.0,0.0,0.0,0.0,0.0,0.0,0.0,0.0,0.0,0.0,0.0,0.0,0.0,0.0,0.0,0.0,0.0,0.0,0.0,0.0,0.0,0.0,0.0,0.0,0,0.0,,,5,Clinic,Government/Council,False,False,True
1552.0,400.0,Masvingo,Zaka,31.27368927,-20.40028,0.0,1998.0,Harava,6,0.0,Rural Health Centre,0.0,0.0,0.0,0.0,0.0,0.0,0.0,0.0,0.0,0.0,0.0,0.0,0.0,0.0,0.0,0.0,0.0,0.0,0.0,0.0,0.0,0.0,0.0,0.0,0.0,0.0,0.0,0,0.0,,,6,Rural Health Centre,Government,False,False,True
1553.0,447.0,Masvingo,Zaka,31.4513893127,-20.42467,0.0,1998.0,Jerera,5,0.0,Satelite Clinic,0.0,0.0,0.0,0.0,0.0,0.0,0.0,0.0,0.0,0.0,0.0,0.0,0.0,0.0,0.0,0.0,0.0,0.0,0.0,0.0,0.0,0.0,0.0,0.0,0.0,0.0,0.0,0,0.0,,,5,Satelite Clinic,Government/Council,False,False,True
1554.0,450.0,Masvingo,Zaka,31.2678604126,-20.30397,0.0,1998.0,Jichidza,6,0.0,Rural Health Centre,0.0,0.0,0.0,0.0,0.0,0.0,0.0,0.0,0.0,0.0,0.0,0.0,0.0,0.0,0.0,0.0,0.0,0.0,0.0,0.0,0.0,0.0,0.0,0.0,0.0,0.0,0.0,0,0.0,,,6,Rural Health Centre,Government,False,False,True
1555.0,451.0,Masvingo,Zaka,31.2224407196,-20.26978,0.0,1998.0,Jichidza,3,0.0,Mission Clinic,0.0,0.0,0.0,0.0,0.0,0.0,0.0,0.0,0.0,0.0,0.0,0.0,0.0,0.0,0.0,0.0,0.0,0.0,0.0,0.0,0.0,0.0,0.0,0.0,0.0,0.0,0.0,0,0.0,,,3,Mission Clinic,Mission/Church,False,False,True
1556.0,1188.0,Masvingo,Zaka,31.5537204742,-20.45111,0.0,1998.0,Zibwowa,5,0.0,Clinic,0.0,0.0,0.0,0.0,0.0,0.0,0.0,0.0,0.0,0.0,0.0,0.0,0.0,0.0,0.0,0.0,0.0,0.0,0.0,0.0,0.0,0.0,0.0,0.0,0.0,0.0,0.0,0,0.0,,,5,Clinic,Government/Council,False,False,True
1557.0,1195.0,Masvingo,Zaka,31.3737506866,-20.47322,0.0,1998.0,Zinguwo,5,0.0,Clinic,0.0,0.0,0.0,0.0,0.0,0.0,0.0,0.0,0.0,0.0,0.0,0.0,0.0,0.0,0.0,0.0,0.0,0.0,0.0,0.0,0.0,0.0,0.0,0.0,0.0,0.0,0.0,0,0.0,,,5,Clinic,Government/Council,False,False,True
1558.0,774.0,Masvingo,Zaka,31.2859706879,-20.60228,0.0,1998.0,Mushaya,5,0.0,Clinic,0.0,0.0,0.0,0.0,0.0,0.0,0.0,0.0,0.0,0.0,0.0,0.0,0.0,0.0,0.0,0.0,0.0,0.0,0.0,0.0,0.0,0.0,0.0,0.0,0.0,0.0,0.0,0,0.0,,,5,Clinic,Government/Council,False,False,True
1559.0,779.0,Masvingo,Zaka,31.4399394989,-20.43994,0.0,1998.0,Musiso,3,0.0,Mission Hospital,0.0,0.0,0.0,0.0,0.0,0.0,0.0,0.0,0.0,0.0,0.0,0.0,0.0,0.0,0.0,0.0,0.0,0.0,0.0,0.0,0.0,0.0,0.0,0.0,0.0,0.0,0.0,0,0.0,,,3,Mission Hospital,Mission/Church,False,False,True
1560.0,820.0,Masvingo,Zaka,31.3219203949,-20.18517,0.0,1998.0,Ndanga,4,0.0,Hospital,0.0,0.0,0.0,0.0,0.0,0.0,0.0,0.0,0.0,0.0,0.0,0.0,0.0,0.0,0.0,0.0,0.0,0.0,0.0,0.0,0.0,0.0,0.0,0.0,0.0,0.0,0.0,0,0.0,,,4,Hospital,Government,False,False,True
1561.0,914.0,Masvingo,Zaka,31.5553894043,-20.27308,0.0,1998.0,Nyangambu,5,0.0,Clinic,0.0,0.0,0.0,0.0,0.0,0.0,0.0,0.0,0.0,0.0,0.0,0.0,0.0,0.0,0.0,0.0,0.0,0.0,0.0,0.0,0.0,0.0,0.0,0.0,0.0,0.0,0.0,0,0.0,,,5,Clinic,Government/Council,False,False,True
1562.0,1078.0,Masvingo,Zaka,31.4861907959,-20.43864,0.0,1998.0,Siyawareva,5,0.0,Clinic,0.0,0.0,0.0,0.0,0.0,0.0,0.0,0.0,0.0,0.0,0.0,0.0,0.0,0.0,0.0,0.0,0.0,0.0,0.0,0.0,0.0,0.0,0.0,0.0,0.0,0.0,0.0,0,0.0,,,5,Clinic,Government/Council,False,False,True
1563.0,1112.0,Masvingo,Zaka,31.5573291779,-20.556,0.0,1998.0,Svuvure,4,0.0,Rural Health Hospital,0.0,0.0,0.0,0.0,0.0,0.0,0.0,0.0,0.0,0.0,0.0,0.0,0.0,0.0,0.0,0.0,0.0,0.0,0.0,0.0,0.0,0.0,0.0,0.0,0.0,0.0,0.0,0,0.0,,,4,Rural Health Hospital,Government,False,False,True
1564.0,1156.0,Masvingo,Zaka,31.3171100616,-20.38519,0.0,1998.0,Veza,5,0.0,Clinic,0.0,0.0,0.0,0.0,0.0,0.0,0.0,0.0,0.0,0.0,0.0,0.0,0.0,0.0,0.0,0.0,0.0,0.0,0.0,0.0,0.0,0.0,0.0,0.0,0.0,0.0,0.0,0,0.0,,,5,Clinic,Government/Council,False,False,True
1565.0,1319.0,Masvingo,Zaka,31.16789,-20.3274,0.0,2007.0,Mageza,5,1994.0,Rural Health Centre,0.0,2.0,1.0,0.0,0.0,0.0,0.0,6.0,2.0,4.0,13870.0,44.0,0.0,0.0,1.0,0.0,0.0,1.0,0.0,1.0,1.0,0.0,0.0,1.0,0.0,1.0,0.0,1,0.0,,,5,Rural Health Centre,Government/Council,False,False,True
1566.0,3.0,Mashonaland West,Zvimba,30.4202804565,-16.89056,0.0,1998.0,ARDA Sisi,5,0.0,Council Clinic,0.0,0.0,0.0,0.0,0.0,0.0,0.0,0.0,0.0,0.0,0.0,0.0,0.0,0.0,0.0,0.0,0.0,0.0,0.0,0.0,0.0,0.0,0.0,0.0,0.0,0.0,0.0,0,0.0,,,5,Council Clinic,Government/Council,False,False,True
1567.0,17.0,Mashonaland West,Zvimba,30.4386100769,-17.03944,0.0,1998.0,Ayrshire,5,0.0,Council Clinic,0.0,0.0,0.0,0.0,0.0,0.0,0.0,0.0,0.0,0.0,0.0,0.0,0.0,0.0,0.0,0.0,0.0,0.0,0.0,0.0,0.0,0.0,0.0,0.0,0.0,0.0,0.0,0,0.0,,,5,Council Clinic,Government/Council,False,False,True
1568.0,23.0,Mashonaland West,Zvimba,30.3958301544,-17.38333,0.0,1998.0,Banket,2,0.0,District Hospital,0.0,0.0,0.0,0.0,0.0,0.0,0.0,0.0,0.0,0.0,0.0,0.0,0.0,0.0,0.0,0.0,0.0,0.0,0.0,0.0,0.0,0.0,0.0,0.0,0.0,0.0,0.0,0,0.0,,,2,District Hospital,Government,False,False,True
1569.0,70.0,Mashonaland West,Zvimba,30.6811103821,-17.27111,0.0,1998.0,Caesal,7,0.0,Mine Clinic,0.0,0.0,0.0,0.0,0.0,0.0,0.0,0.0,0.0,0.0,0.0,0.0,0.0,0.0,0.0,0.0,0.0,0.0,0.0,0.0,0.0,0.0,0.0,0.0,0.0,0.0,0.0,0,0.0,,,7,Mine Clinic,Private,True,False,False
1570.0,80.0,Mashonaland West,Zvimba,30.3799991608,-17.18056,0.0,1998.0,Chambadzi,7,0.0,Gold Mine Clinic,0.0,0.0,0.0,0.0,0.0,0.0,0.0,0.0,0.0,0.0,0.0,0.0,0.0,0.0,0.0,0.0,0.0,0.0,0.0,0.0,0.0,0.0,0.0,0.0,0.0,0.0,0.0,0,0.0,,,7,Gold Mine Clinic,Private,True,False,False
1571.0,181.0,Mashonaland West,Zvimba,30.1241703033,-17.68167,0.0,1998.0,Chirau,5,0.0,Council Clinic,0.0,0.0,0.0,0.0,0.0,0.0,0.0,0.0,0.0,0.0,0.0,0.0,0.0,0.0,0.0,0.0,0.0,0.0,0.0,0.0,0.0,0.0,0.0,0.0,0.0,0.0,0.0,0,0.0,,,5,Council Clinic,Government/Council,False,False,True
1572.0,224.0,Mashonaland West,Zvimba,30.0305595398,-17.66528,0.0,1998.0,Chivhere,5,0.0,Gvt Clinic,0.0,0.0,0.0,0.0,0.0,0.0,0.0,0.0,0.0,0.0,0.0,0.0,0.0,0.0,0.0,0.0,0.0,0.0,0.0,0.0,0.0,0.0,0.0,0.0,0.0,0.0,0.0,0,0.0,,,5,Gvt Clinic,Government/Council,False,False,True
1573.0,250.0,Mashonaland West,Zvimba,30.941110611,-17.94139,0.0,1998.0,Crest Breeders,5,0.0,Council Clinic,0.0,0.0,0.0,0.0,0.0,0.0,0.0,0.0,0.0,0.0,0.0,0.0,0.0,0.0,0.0,0.0,0.0,0.0,0.0,0.0,0.0,0.0,0.0,0.0,0.0,0.0,0.0,0,0.0,,,5,Council Clinic,Government/Council,False,False,True
1574.0,261.0,Mashonaland West,Zvimba,30.5488891602,-17.72028,0.0,1998.0,Darwendale,4,0.0,Rural Hospital,0.0,0.0,0.0,0.0,0.0,0.0,0.0,0.0,0.0,0.0,0.0,0.0,0.0,0.0,0.0,0.0,0.0,0.0,0.0,0.0,0.0,0.0,0.0,0.0,0.0,0.0,0.0,0,0.0,,,4,Rural Hospital,Government,False,False,True
1575.0,319.0,Mashonaland West,Zvimba,30.3861103058,-17.79944,0.0,1998.0,Father Onea,3,0.0,Mission Hospital,0.0,0.0,0.0,0.0,0.0,0.0,0.0,0.0,0.0,0.0,0.0,0.0,0.0,0.0,0.0,0.0,0.0,0.0,0.0,0.0,0.0,0.0,0.0,0.0,0.0,0.0,0.0,0,0.0,,,3,Mission Hospital,Mission/Church,False,False,True
1576.0,390.0,Mashonaland West,Zvimba,30.8583297729,-17.67694,0.0,1998.0,Gwebi,5,0.0,Gvt Clinic,0.0,0.0,0.0,0.0,0.0,0.0,0.0,0.0,0.0,0.0,0.0,0.0,0.0,0.0,0.0,0.0,0.0,0.0,0.0,0.0,0.0,0.0,0.0,0.0,0.0,0.0,0.0,0,0.0,,,5,Gvt Clinic,Government/Council,False,False,True
1577.0,434.0,Mashonaland West,Zvimba,30.7183303833,-17.67083,0.0,1998.0,Inkomo,5,0.0,Army Hospital,0.0,0.0,0.0,0.0,0.0,0.0,0.0,0.0,0.0,0.0,0.0,0.0,0.0,0.0,0.0,0.0,0.0,0.0,0.0,0.0,0.0,0.0,0.0,0.0,0.0,0.0,0.0,0,0.0,,Millitary H,5,Army Hospital,Government/Council,False,False,True
1578.0,444.0,Mashonaland West,Zvimba,30.0336093903,-17.73194,0.0,1998.0,Jari,5,0.0,Council Clinic,0.0,0.0,0.0,0.0,0.0,0.0,0.0,0.0,0.0,0.0,0.0,0.0,0.0,0.0,0.0,0.0,0.0,0.0,0.0,0.0,0.0,0.0,0.0,0.0,0.0,0.0,0.0,0,0.0,,,5,Council Clinic,Government/Council,False,False,True
1579.0,457.0,Mashonaland West,Zvimba,30.1155605316,-17.75417,0.0,1998.0,Jokwani,8,0.0,Council Clinic(Construction),0.0,0.0,0.0,0.0,0.0,0.0,0.0,0.0,0.0,0.0,0.0,0.0,0.0,0.0,0.0,0.0,0.0,0.0,0.0,0.0,0.0,0.0,0.0,0.0,0.0,0.0,0.0,0,0.0,,,8,Council Clinic(Construction),Non-operational/Not yet open,False,True,False
1580.0,515.0,Mashonaland West,Zvimba,30.4200000763,-17.73944,0.0,1998.0,Kutama,5,0.0,Council Clinic,0.0,0.0,0.0,0.0,0.0,0.0,0.0,0.0,0.0,0.0,0.0,0.0,0.0,0.0,0.0,0.0,0.0,0.0,0.0,0.0,0.0,0.0,0.0,0.0,0.0,0.0,0.0,0,0.0,,,5,Council Clinic,Government/Council,False,False,True
1581.0,516.0,Mashonaland West,Zvimba,30.3947200775,-17.37639,0.0,1998.0,Kuwadzana,5,0.0,Council Clinic,0.0,0.0,0.0,0.0,0.0,0.0,0.0,0.0,0.0,0.0,0.0,0.0,0.0,0.0,0.0,0.0,0.0,0.0,0.0,0.0,0.0,0.0,0.0,0.0,0.0,0.0,0.0,0,0.0,,,5,Council Clinic,Government/Council,False,False,True
1582.0,1189.0,Mashonaland West,Zvimba,30.5091705322,-17.84139,0.0,1998.0,ZIMPAM,7,0.0,Private Hospital,0.0,0.0,0.0,0.0,0.0,0.0,0.0,0.0,0.0,0.0,0.0,0.0,0.0,0.0,0.0,0.0,0.0,0.0,0.0,0.0,0.0,0.0,0.0,0.0,0.0,0.0,0.0,0,0.0,,,7,Private Hospital,Private,True,False,False
1583.0,1201.0,Mashonaland West,Zvimba,30.0497207642,-17.805,0.0,1998.0,Zowa,5,0.0,Council Clinic,0.0,0.0,0.0,0.0,0.0,0.0,0.0,0.0,0.0,0.0,0.0,0.0,0.0,0.0,0.0,0.0,0.0,0.0,0.0,0.0,0.0,0.0,0.0,0.0,0.0,0.0,0.0,0,0.0,,,5,Council Clinic,Government/Council,False,False,True
1584.0,628.0,Mashonaland West,Zvimba,30.3299999237,-17.81111,0.0,1998.0,Masiyarwa,5,0.0,Council Clinic,0.0,0.0,0.0,0.0,0.0,0.0,0.0,0.0,0.0,0.0,0.0,0.0,0.0,0.0,0.0,0.0,0.0,0.0,0.0,0.0,0.0,0.0,0.0,0.0,0.0,0.0,0.0,0,0.0,,,5,Council Clinic,Government/Council,False,False,True
1585.0,716.0,Mashonaland West,Zvimba,30.9347190857,-17.75806,0.0,1998.0,Mthu,5,0.0,Council Clinic,0.0,0.0,0.0,0.0,0.0,0.0,0.0,0.0,0.0,0.0,0.0,0.0,0.0,0.0,0.0,0.0,0.0,0.0,0.0,0.0,0.0,0.0,0.0,0.0,0.0,0.0,0.0,0,0.0,,,5,Council Clinic,Government/Council,False,False,True
1586.0,755.0,Mashonaland West,Zvimba,30.2908306122,-17.73194,0.0,1998.0,Mupurubu,5,0.0,Council Clinic,0.0,0.0,0.0,0.0,0.0,0.0,0.0,0.0,0.0,0.0,0.0,0.0,0.0,0.0,0.0,0.0,0.0,0.0,0.0,0.0,0.0,0.0,0.0,0.0,0.0,0.0,0.0,0,0.0,,,5,Council Clinic,Government/Council,False,False,True
1587.0,761.0,Mashonaland West,Zvimba,30.6000003815,-17.24556,0.0,1998.0,Muriel,5,0.0,Mine Clinic,0.0,0.0,0.0,0.0,0.0,0.0,0.0,0.0,0.0,0.0,0.0,0.0,0.0,0.0,0.0,0.0,0.0,0.0,0.0,0.0,0.0,0.0,0.0,0.0,0.0,0.0,0.0,0,0.0,,,5,Mine Clinic,Private (mine/company),True,False,False
1588.0,763.0,Mashonaland West,Zvimba,30.2011108398,-17.70722,0.0,1998.0,Murombedzi,7,0.0,Private Clinic,0.0,0.0,0.0,0.0,0.0,0.0,0.0,0.0,0.0,0.0,0.0,0.0,0.0,0.0,0.0,0.0,0.0,0.0,0.0,0.0,0.0,0.0,0.0,0.0,0.0,0.0,0.0,0,0.0,,,7,Private Clinic,Private,True,False,False
1589.0,799.0,Mashonaland West,Zvimba,30.6763896942,-17.14667,0.0,1998.0,Mutorashanga,5,0.0,Council Clinic,0.0,0.0,0.0,0.0,0.0,0.0,0.0,0.0,0.0,0.0,0.0,0.0,0.0,0.0,0.0,0.0,0.0,0.0,0.0,0.0,0.0,0.0,0.0,0.0,0.0,0.0,0.0,0,0.0,,,5,Council Clinic,Government/Council,False,False,True
1590.0,873.0,Mashonaland West,Zvimba,30.8116703033,-17.67361,0.0,1998.0,Nyabika,5,0.0,Council Clinic,0.0,0.0,0.0,0.0,0.0,0.0,0.0,0.0,0.0,0.0,0.0,0.0,0.0,0.0,0.0,0.0,0.0,0.0,0.0,0.0,0.0,0.0,0.0,0.0,0.0,0.0,0.0,0,0.0,,,5,Council Clinic,Government/Council,False,False,True
1591.0,965.0,Mashonaland West,Zvimba,30.4305591583,-17.03694,0.0,1998.0,Raffingora,4,0.0,Rural Hospital,0.0,0.0,0.0,0.0,0.0,0.0,0.0,0.0,0.0,0.0,0.0,0.0,0.0,0.0,0.0,0.0,0.0,0.0,0.0,0.0,0.0,0.0,0.0,0.0,0.0,0.0,0.0,0,0.0,,,4,Rural Hospital,Government,False,False,True
1592.0,1108.0,Mashonaland West,Zvimba,30.5927791595,-17.40056,0.0,1998.0,Sutton,7,0.0,Mine Clinic,0.0,0.0,0.0,0.0,0.0,0.0,0.0,0.0,0.0,0.0,0.0,0.0,0.0,0.0,0.0,0.0,0.0,0.0,0.0,0.0,0.0,0.0,0.0,0.0,0.0,0.0,0.0,0,0.0,,,7,Mine Clinic,Private,True,False,False
1593.0,1132.0,Mashonaland West,Zvimba,30.3333301544,-17.58389,0.0,1998.0,TRBC,5,0.0,Council Clinic,0.0,0.0,0.0,0.0,0.0,0.0,0.0,0.0,0.0,0.0,0.0,0.0,0.0,0.0,0.0,0.0,0.0,0.0,0.0,0.0,0.0,0.0,0.0,0.0,0.0,0.0,0.0,0,0.0,,,5,Council Clinic,Government/Council,False,False,True
1594.0,1133.0,Mashonaland West,Zvimba,30.4588909149,-17.54139,0.0,1998.0,Trelawney,5,0.0,Council Clinic,0.0,0.0,0.0,0.0,0.0,0.0,0.0,0.0,0.0,0.0,0.0,0.0,0.0,0.0,0.0,0.0,0.0,0.0,0.0,0.0,0.0,0.0,0.0,0.0,0.0,0.0,0.0,0,0.0,,,5,Council Clinic,Government/Council,False,False,True
1595.0,1152.0,Mashonaland West,Zvimba,30.7183303833,-17.08694,0.0,1998.0,Vanad,5,0.0,Mine Clinic,0.0,0.0,0.0,0.0,0.0,0.0,0.0,0.0,0.0,0.0,0.0,0.0,0.0,0.0,0.0,0.0,0.0,0.0,0.0,0.0,0.0,0.0,0.0,0.0,0.0,0.0,0.0,0,0.0,,,5,Mine Clinic,Private (mine/company),True,False,False
1596.0,1213.0,Mashonaland West,Zvimba,30.198890686,-17.69917,0.0,1998.0,Zvimba,4,0.0,Rural Hospital,0.0,0.0,0.0,0.0,0.0,0.0,0.0,0.0,0.0,0.0,0.0,0.0,0.0,0.0,0.0,0.0,0.0,0.0,0.0,0.0,0.0,0.0,0.0,0.0,0.0,0.0,0.0,0,0.0,,,4,Rural Hospital,Government,False,False,True
1597.0,1242.0,Mashonaland West,Zvimba,30.11608,-17.7538,1214.0,2007.0,Kemurara,5,1998.0,Rural Health Centre,0.0,1.0,0.0,2.0,0.0,0.0,0.0,4.0,0.0,4.0,4000.0,18.0,0.0,0.0,0.0,0.0,0.0,0.0,3.0,0.0,1.0,1.0,0.0,1.0,0.0,1.0,0.0,0,0.0,No security guard at the centre,,5,Rural Health Centre,Government/Council,False,False,True
1598.0,1243.0,Mashonaland West,Zvimba,30.56607,-17.50907,1386.0,2007.0,Mpinga Clinic,5,0.0,Clinic,0.0,1.0,0.0,1.0,0.0,0.0,0.0,5.0,1.0,4.0,4866.0,21.0,0.0,0.0,1.0,0.0,1.0,0.0,0.0,1.0,0.0,0.0,0.0,1.0,1.0,0.0,0.0,0,0.0,,,5,Clinic,Government/Council,False,False,True
1599.0,24.0,Midlands,Zvishavane,29.8730297089,-20.29022,0.0,1998.0,Bannockburn,5,0.0,Clinic,0.0,0.0,0.0,0.0,0.0,0.0,0.0,0.0,0.0,0.0,0.0,0.0,0.0,0.0,0.0,0.0,0.0,0.0,0.0,0.0,0.0,0.0,0.0,0.0,0.0,0.0,0.0,0,0.0,,Clinic,5,Clinic,Government/Council,False,False,True
1600.0,251.0,Midlands,Zvishavane,29.9031105042,-20.33531,0.0,1998.0,Dadaya,3,0.0,Mission Hospital,0.0,0.0,0.0,0.0,0.0,0.0,0.0,0.0,0.0,0.0,0.0,0.0,0.0,0.0,0.0,0.0,0.0,0.0,0.0,0.0,0.0,0.0,0.0,0.0,0.0,0.0,0.0,0,0.0,,,3,Mission Hospital,Mission/Church,False,False,True
1601.0,362.0,Midlands,Zvishavane,30.219329834,-20.39072,0.0,1998.0,Gudo,5,0.0,Clinic,0.0,0.0,0.0,0.0,0.0,0.0,0.0,0.0,0.0,0.0,0.0,0.0,0.0,0.0,0.0,0.0,0.0,0.0,0.0,0.0,0.0,0.0,0.0,0.0,0.0,0.0,0.0,0,0.0,,,5,Clinic,Government/Council,False,False,True
1602.0,530.0,Midlands,Zvishavane,30.0179405212,-20.25819,0.0,1998.0,Lundi,4,0.0,Rural Hospital,0.0,0.0,0.0,0.0,0.0,0.0,0.0,0.0,0.0,0.0,0.0,0.0,0.0,0.0,0.0,0.0,0.0,0.0,0.0,0.0,0.0,0.0,0.0,0.0,0.0,0.0,0.0,0,0.0,,,4,Rural Hospital,Government,False,False,True
1603.0,537.0,Midlands,Zvishavane,30.0866909027,-20.15469,0.0,1998.0,Mabasa,5,0.0,Clinic,0.0,0.0,0.0,0.0,0.0,0.0,0.0,0.0,0.0,0.0,0.0,0.0,0.0,0.0,0.0,0.0,0.0,0.0,0.0,0.0,0.0,0.0,0.0,0.0,0.0,0.0,0.0,0,0.0,,,5,Clinic,Government/Council,False,False,True
1604.0,574.0,Midlands,Zvishavane,29.9344406128,-20.20569,0.0,1998.0,Maketo,6,0.0,Rural Health Centre,0.0,0.0,0.0,0.0,0.0,0.0,0.0,0.0,0.0,0.0,0.0,0.0,0.0,0.0,0.0,0.0,0.0,0.0,0.0,0.0,0.0,0.0,0.0,0.0,0.0,0.0,0.0,0,0.0,,,6,Rural Health Centre,Government,False,False,True
1605.0,599.0,Midlands,Zvishavane,29.9196395874,-20.08956,0.0,1998.0,Mapanzure,5,0.0,Clinic,0.0,0.0,0.0,0.0,0.0,0.0,0.0,0.0,0.0,0.0,0.0,0.0,0.0,0.0,0.0,0.0,0.0,0.0,0.0,0.0,0.0,0.0,0.0,0.0,0.0,0.0,0.0,0,0.0,,,5,Clinic,Government/Council,False,False,True
1606.0,1161.0,Midlands,Zvishavane,30.1896896362,-20.47197,0.0,1998.0,Vugwi,6,0.0,Rural Health Centre,0.0,0.0,0.0,0.0,0.0,0.0,0.0,0.0,0.0,0.0,0.0,0.0,0.0,0.0,0.0,0.0,0.0,0.0,0.0,0.0,0.0,0.0,0.0,0.0,0.0,0.0,0.0,0,0.0,,,6,Rural Health Centre,Government,False,False,True
1607.0,1162.0,Midlands,Zvishavane,29.8721408844,-20.26669,0.0,1998.0,Vukuzenzele,6,0.0,Rural Health Centre,0.0,0.0,0.0,0.0,0.0,0.0,0.0,0.0,0.0,0.0,0.0,0.0,0.0,0.0,0.0,0.0,0.0,0.0,0.0,0.0,0.0,0.0,0.0,0.0,0.0,0.0,0.0,0,0.0,,,6,Rural Health Centre,Government,False,False,True
1608.0,641.0,Midlands,Zvishavane,30.0565299988,-20.00344,0.0,1998.0,Matenda,6,0.0,Rural Health Centre,0.0,0.0,0.0,0.0,0.0,0.0,0.0,0.0,0.0,0.0,0.0,0.0,0.0,0.0,0.0,0.0,0.0,0.0,0.0,0.0,0.0,0.0,0.0,0.0,0.0,0.0,0.0,0,0.0,,,6,Rural Health Centre,Government,False,False,True
1609.0,688.0,Midlands,Zvishavane,29.8383903503,-20.33686,0.0,1998.0,Mimosa,5,0.0,Clinic,0.0,0.0,0.0,0.0,0.0,0.0,0.0,0.0,0.0,0.0,0.0,0.0,0.0,0.0,0.0,0.0,0.0,0.0,0.0,0.0,0.0,0.0,0.0,0.0,0.0,0.0,0.0,0,0.0,,,5,Clinic,Government/Council,False,False,True
1610.0,714.0,Midlands,Zvishavane,30.2841892242,-20.46786,0.0,1998.0,Mtambi,5,0.0,Clinic,0.0,0.0,0.0,0.0,0.0,0.0,0.0,0.0,0.0,0.0,0.0,0.0,0.0,0.0,0.0,0.0,0.0,0.0,0.0,0.0,0.0,0.0,0.0,0.0,0.0,0.0,0.0,0,0.0,,,5,Clinic,Government/Council,False,False,True
1611.0,767.0,Midlands,Zvishavane,30.3869400024,-20.53392,0.0,1998.0,Murowa,5,0.0,Clinic,0.0,0.0,0.0,0.0,0.0,0.0,0.0,0.0,0.0,0.0,0.0,0.0,0.0,0.0,0.0,0.0,0.0,0.0,0.0,0.0,0.0,0.0,0.0,0.0,0.0,0.0,0.0,0,0.0,,,5,Clinic,Government/Council,False,False,True
1612.0,1216.0,Midlands,Zvishavane,30.0523891449,-20.30581,0.0,1998.0,Zvishavane,2,0.0,District Hospital,0.0,0.0,0.0,0.0,0.0,0.0,0.0,0.0,0.0,0.0,0.0,0.0,0.0,0.0,0.0,0.0,0.0,0.0,0.0,0.0,0.0,0.0,0.0,0.0,0.0,0.0,0.0,0,0.0,,,2,District Hospital,Government,False,False,True
1613.0,1359.0,Midlands,Zvishavane,30.04959,-20.31803,931.0,2007.0,Kandodo,5,1986.0,Clinic,0.0,2.0,1.0,0.0,0.0,0.0,0.0,0.0,0.0,0.0,5258.0,2.0,0.0,1.0,1.0,0.0,1.0,0.0,0.0,1.0,0.0,0.0,0.0,0.0,1.0,0.0,0.0,0,0.0,,,5,Clinic,Government/Council,False,False,True
1614.0,1360.0,Midlands,Zvishavane,29.79052,-20.27637,1076.0,2007.0,Mhondongori,7,0.0,clinic,0.0,0.0,0.0,0.0,0.0,0.0,0.0,0.0,0.0,0.0,0.0,0.0,0.0,0.0,0.0,0.0,0.0,0.0,0.0,0.0,0.0,0.0,0.0,0.0,0.0,0.0,0.0,0,0.0,,,7,clinic,Private,True,False,False
1615.0,1361.0,Midlands,Zvishavane,29.79052,-20.27637,1076.0,2007.0,Mhondongori,5,2006.0,Clinic,0.0,0.0,0.0,0.0,0.0,0.0,0.0,0.0,0.0,0.0,0.0,44.0,0.0,0.0,1.0,0.0,0.0,0.0,0.0,0.0,1.0,0.0,0.0,1.0,0.0,1.0,0.0,1,0.0,Yet to open,,5,Clinic,Government/Council,False,False,True
1616.0,1362.0,Midlands,Zvishavane,30.13646,-20.39601,847.0,2007.0,Sabi Mine,7,1980.0,Clinic,0.0,2.0,1.0,0.0,0.0,0.0,0.0,4.0,1.0,3.0,500.0,15.0,0.0,1.0,1.0,0.0,1.0,0.0,0.0,1.0,0.0,0.0,0.0,1.0,0.0,1.0,1.0,0,0.0,,,7,Clinic,Private,True,False,False
1617.0,1363.0,Midlands,Zvishavane,30.06003,-20.30589,953.0,2007.0,Mandava,6,1980.0,Rural Health Centre,0.0,8.0,3.0,0.0,0.0,0.0,0.0,1.0,0.0,1.0,19153.0,3.0,0.0,0.0,1.0,0.0,1.0,0.0,0.0,1.0,0.0,0.0,0.0,1.0,1.0,0.0,0.0,0,0.0,,,6,Rural Health Centre,Government,False,False,True
1618.0,1364.0,Midlands,Zvishavane,30.06236,-20.2963,927.0,2007.0,Highlands,5,1994.0,Clinic,0.0,1.0,1.0,0.0,0.0,0.0,0.0,0.0,0.0,0.0,2650.0,3.0,0.0,0.0,1.0,0.0,1.0,0.0,0.0,1.0,0.0,0.0,0.0,1.0,0.0,1.0,0.0,0,0.0,,Clinic,5,Clinic,Government/Council,False,False,True
1619.0,1365.0,Midlands,Zvishavane,30.1148,-20.23495,885.0,2007.0,Weleza,6,2006.0,Rural Health Centre,0.0,0.0,0.0,0.0,0.0,0.0,0.0,0.0,0.0,0.0,0.0,13.0,0.0,1.0,0.0,1.0,0.0,1.0,0.0,0.0,0.0,0.0,0.0,0.0,0.0,0.0,0.0,0,0.0,Yet to open,,6,Rural Health Centre,Government,False,False,True
1620.0,1366.0,Midlands,Zvishavane,30.06882,-20.31849,957.0,2007.0,Maglas,7,1986.0,Clinic,0.0,4.0,1.0,0.0,0.0,0.0,0.0,0.0,0.0,0.0,8385.0,1.0,0.0,1.0,1.0,0.0,1.0,0.0,0.0,1.0,0.0,0.0,0.0,1.0,1.0,0.0,0.0,0,0.0,,Clinic,7,Clinic,Private,True,False,False
1621.0,1367.0,Midlands,Zvishavane,30.06206,-20.32071,955.0,2007.0,Shabanie Mine,7,1915.0,Hospital,2.0,30.0,15.0,0.0,0.0,1.0,1.0,150.0,10.0,140.0,15000.0,186.0,0.0,1.0,0.0,0.0,0.0,0.0,0.0,1.0,0.0,0.0,0.0,1.0,1.0,0.0,1.0,0,1.0,,,7,Hospital,Private,True,False,False
1622.0,0.0,Manicaland,Bulawayo,28.5708,-20.1274,0.0,2013.0,Mpilo,Govt,0.0,Central Hospital,,,,,,,,,,,,,,,,,,,,,,,,,,,,,,,,Govt,Central Hospital,Government/Council,False,False,True
1623.0,0.0,Manicaland,Bulawayo,28.5906,-20.1268,0.0,2013.0,Northern Surbabs ,council,0.0,clinic,,,,,,,,,,,,,,,,,,,,,,,,,,,,,,,,council,clinic,Government/Council,False,False,True
1624.0,0.0,Manicaland,Bulawayo,28.6168,-20.1664,0.0,2013.0,UBH,Govt,0.0,Central Hospital,,,,,,,,,,,,,,,,,,,,,,,,,,,,,,,,Govt,Central Hospital,Government/Council,False,False,True
1625.0,0.0,Manicaland,Bulawayo,28.6104,-20.1863,0.0,2013.0,Premier Hillside ,Private,0.0,Hospital,,,,,,,,,,,,,,,,,,,,,,,,,,,,,,,,Private,Hospital,Private,True,False,False
1626.0,0.0,Manicaland,Bulawayo,28.62,-20.1815,0.0,2013.0,J.M Nkomo Ekusileni,Private,0.0,Hospital,,,,,,,,,,,,,,,,,,,,,,,,,,,,,,,,Private,Hospital,Private,True,False,False
1627.0,0.0,Manicaland,Bulawayo,28.5766,-20.1797,0.0,2013.0,Ingutsheni,Govt,0.0,Central Hospital,,,,,,,,,,,,,,,,,,,,,,,,,,,,,,,,Govt,Central Hospital,Government/Council,False,False,True
1628.0,0.0,Manicaland,Bulawayo,28.5674,-20.1898,0.0,2013.0,Dr. Shennan ,council,0.0,Clinic,,,,,,,,,,,,,,,,,,,,,,,,,,,,,,,,council,Clinic,Government/Council,False,False,True
1629.0,0.0,Manicaland,Bulawayo,28.534,-20.2003,0.0,2013.0,Nketa,council,0.0,Clinic,,,,,,,,,,,,,,,,,,,,,,,,,,,,,,,,council,Clinic,Government/Council,False,False,True
1630.0,0.0,Manicaland,Bulawayo,28.5277,-20.1959,0.0,2013.0,24-Hr Medical centre,Private,0.0,Clinic,,,,,,,,,,,,,,,,,,,,,,,,,,,,,,,,Private,Clinic,Private,True,False,False
1631.0,0.0,Manicaland,Bulawayo,28.5202,-20.1889,0.0,2013.0,Nkulumane,council,0.0,Clinic,,,,,,,,,,,,,,,,,,,,,,,,,,,,,,,,council,Clinic,Government/Council,False,False,True
1632.0,0.0,Manicaland,Bulawayo,28.5009,-20.1825,0.0,2013.0,Maqhawe,council,0.0,Clinic,,,,,,,,,,,,,,,,,,,,,,,,,,,,,,,,council,Clinic,Government/Council,False,False,True
1633.0,0.0,Manicaland,Bulawayo,28.5358,-20.1744,0.0,2013.0,Tshaballa,council,0.0,Clinic,,,,,,,,,,,,,,,,,,,,,,,,,,,,,,,,council,Clinic,Government/Council,False,False,True
1634.0,0.0,Manicaland,Bulawayo,28.5084,-20.1369,0.0,2013.0,Magwegwe,council,0.0,Clinic,,,,,,,,,,,,,,,,,,,,,,,,,,,,,,,,council,Clinic,Government/Council,False,False,True
1635.0,0.0,Manicaland,Bulawayo,28.4803,-20.1423,0.0,2013.0,Pumula ,council,0.0,Clinic,,,,,,,,,,,,,,,,,,,,,,,,,,,,,,,,council,Clinic,Government/Council,False,False,True
1636.0,0.0,Manicaland,Bulawayo,28.4789,-20.1622,0.0,2013.0,Pumula South,council,0.0,Clinic,,,,,,,,,,,,,,,,,,,,,,,,,,,,,,,,council,Clinic,Government/Council,False,False,True
1637.0,0.0,Manicaland,Bulawayo,28.5118,-20.1137,0.0,2013.0,Luveve,council,0.0,Clinic,,,,,,,,,,,,,,,,,,,,,,,,,,,,,,,,council,Clinic,Government/Council,False,False,True
1638.0,0.0,Manicaland,Bulawayo,28.5249,-20.1185,0.0,2013.0,Emakhandeni,council,0.0,Clinic,,,,,,,,,,,,,,,,,,,,,,,,,,,,,,,,council,Clinic,Government/Council,False,False,True
1639.0,0.0,Manicaland,Bulawayo,28.5087,-20.0798,0.0,2013.0,Cowdray Park,council,0.0,Clinic,,,,,,,,,,,,,,,,,,,,,,,,,,,,,,,,council,Clinic,Government/Council,False,False,True
1640.0,0.0,Manicaland,Bulawayo,28.5193,-20.0781,0.0,2013.0,Thembani,Private,0.0,Clinic,,,,,,,,,,,,,,,,,,,,,,,,,,,,,,,,Private,Clinic,Private,True,False,False
1641.0,0.0,Manicaland,Bulawayo,28.4951,-20.1222,0.0,2013.0,Magwegwe North,Private,0.0,Clinic,,,,,,,,,,,,,,,,,,,,,,,,,,,,,,,,Private,Clinic,Private,True,False,False
1642.0,0.0,Manicaland,Bulawayo,28.5436,-20.1366,0.0,2013.0,Ambrose,Private,0.0,Hospital,,,,,,,,,,,,,,,,,,,,,,,,,,,,,,,,Private,Hospital,Private,True,False,False
1643.0,0.0,Manicaland,Bulawayo,28.5329,-20.1345,0.0,2013.0,Njube,council,0.0,Clinic,,,,,,,,,,,,,,,,,,,,,,,,,,,,,,,,council,Clinic,Government/Council,False,False,True
1644.0,0.0,Manicaland,Bulawayo,28.5277,-20.1466,0.0,2013.0,Pelandaba,council,0.0,Clinic,,,,,,,,,,,,,,,,,,,,,,,,,,,,,,,,council,Clinic,Government/Council,False,False,True
1645.0,0.0,Manicaland,Bulawayo,28.5658,-20.1374,0.0,2013.0,Marondera,Poly,0.0,Clinic,,,,,,,,,,,,,,,,,,,,,,,,,,,,,,,,Poly,Clinic,Government/Council (Polyclinic),False,False,True
1646.0,0.0,Manicaland,Bulawayo,28.5435,-20.1207,0.0,2013.0,Entumbane,council,0.0,Clinic,,,,,,,,,,,,,,,,,,,,,,,,,,,,,,,,council,Clinic,Government/Council,False,False,True
1647.0,0.0,Manicaland,Bulawayo,28.5406,-20.1283,0.0,2013.0,Entumbane ,Private,0.0,Clinic,,,,,,,,,,,,,,,,,,,,,,,,,,,,,,,,Private,Clinic,Private,True,False,False
1648.0,0.0,Manicaland,Bulawayo,28.5696,-20.1395,0.0,2013.0,Mzilikazi,council,0.0,Clinic,,,,,,,,,,,,,,,,,,,,,,,,,,,,,,,,council,Clinic,Government/Council,False,False,True
1649.0,0.0,Manicaland,Bulawayo,28.5965,-20.1828,0.0,2013.0,Martar-Dei,Catholic,0.0,Hospital,,,,,,,,,,,,,,,,,,,,,,,,,,,,,,,,Catholic,Hospital,Mission/Church,False,False,True
1650.0,0.0,Manicaland,Bulawayo,28.5898,-20.1559,0.0,2013.0,Princess Margaret,council,0.0,Clinic,,,,,,,,,,,,,,,,,,,,,,,,,,,,,,,,council,Clinic,Government/Council,False,False,True
1652.0,0.0,Manicaland,Bulawayo,28.5559,-20.1472,0.0,2013.0,Thorngrove,council,0.0,Clinic,,,,,,,,,,,,,,,,,,,,,,,,,,,,,,,,council,Clinic,Government/Council,False,False,True
1653.0,0.0,Manicaland,Bulawayo,28.545,-20.1433,0.0,2013.0,E.F Watson,council,0.0,Clinic,,,,,,,,,,,,,,,,,,,,,,,,,,,,,,,,council,Clinic,Government/Council,False,False,True
1654.0,0.0,Manicaland,Bulawayo,28.5808,-20.1647,0.0,2013.0,H&SC,Industrial,0.0,Clinic,,,,,,,,,,,,,,,,,,,,,,,,,,,,,,,,Industrial,Clinic,Private (company),True,False,False
1655.0,0.0,Manicaland,Bulawayo,28.5422,-20.1446,0.0,2013.0,Mpopoma,Population Services,0.0,Clinic,,,,,,,,,,,,,,,,,,,,,,,,,,,,,,,,Population Services,Clinic,NGO,False,False,True
1656.0,,Masvingo,Mwenezi,30.625022,-21.3625022,0.0,2013.0,Mwenezana,Private,,Clinic,,,,,,,,,,,,,,,,,,,,,,,,,,,,,,,,Private,Clinic,Private,True,False,False
1657.0,,Masvingo,Chivi,30.507307,-20.314247,0.0,2013.0,Chivi,Govt,,District Hospital,,,,,,,,,,,,,,,,,,,,,,,,,,,,,,,,Govt,District Hospital,Government/Council,False,False,True
1658.0,,Masvingo,Gutu,31.035245,-19.843855,0.0,2013.0,Cheshuro,Govt,,Clinic,,,,,,,,,,,,,,,,,,,,,,,,,,,,,,,,Govt,Clinic,Government/Council,False,False,True
1659.0,,Masvingo,Bikita,31.95138,-20.247192,0.0,2013.0,Deure II,Govt,,Clinic,,,,,,,,,,,,,,,,,,,,,,,,,,,,,,,,Govt,Clinic,Government/Council,False,False,True
1670.0,,Masvingo,Zaka,31.359695,-20.460264,0.0,2013.0,Nyakunhuwa,Govt,,Clinic,,,,,,,,,,,,,,,,,,,,,,,,,,,,,,,,Govt,Clinic,Government/Council,False,False,True
1671.0,,Masvingo,Zaka,31.367537,-20.281069,0.0,2013.0,Nemauku,Govt,,Clinic,,,,,,,,,,,,,,,,,,,,,,,,,,,,,,,,Govt,Clinic,Government/Council,False,False,True
1672.0,,Masvingo,Zaka,31.544249,,0.0,2013.0,Nhema,Govt,,Clinic,,,,,,,,,,,,,,,,,,,,,,,,,,,,,,,,Govt,Clinic,Government/Council,False,False,True
1673.0,,Masvingo,Masvingo,31.037316,-20.104089,0.0,2013.0,Mutimurefu,Prison,,Clinic,,,,,,,,,,,,,,,,,,,,,,,,,,,,,,,,Prison,Clinic,"Excluded - restricted access (prison/police, not public)",False,False,False
1674.0,,Masvingo,Masvingo Urban,30.830665,-20.074458,0.0,2013.0,Makurira,Memorial,,Clinic,,,,,,,,,,,,,,,,,,,,,,,,,,,,,,,,Memorial,Clinic,Private (confirmed via lookup),True,False,False
1675.0,,Masvingo,Masvingo,30.864467,-19.856462,0.0,2013.0,Zimuto BC,Govt,,Clinic,,,,,,,,,,,,,,,,,,,,,,,,,,,,,,,,Govt,Clinic,Government/Council,False,False,True
1676.0,,Manicaland,Chimanimani Urban,32.872205,-19.802964,0.0,2013.0,Chimanimani Urban,Govt,,Clinic,,,,,,,,,,,,,,,,,,,,,,,,,,,,,,,,Govt,Clinic,Government/Council,False,False,True
1677.0,,Manicaland,Chipinge,32.625347,-20.19111,0.0,2013.0,Chipinge Town ,Govt,,Clinic,,,,,,,,,,,,,,,,,,,,,,,,,,,,,,,,Govt,Clinic,Government/Council,False,False,True
1678.0,,Manicaland,Chipinge,32.608623,-20.276047,0.0,2013.0,Chiriga,Govt,,Rural Health Centre,,,,,,,,,,,,,,,,,,,,,,,,,,,,,,,,Govt,Rural Health Centre,Government/Council,False,False,True
1679.0,,Manicaland,Chipinge,32.605458,-20.334519,0.0,2013.0,Muswera,Mission,,Clinic,,,,,,,,,,,,,,,,,,,,,,,,,,,,,,,,Mission,Clinic,Mission/Church,False,False,True
1680.0,,Manicaland,Chipinge,32.484827,-20.541155,0.0,2013.0,Tuzuka,Govt,,Rural Health Centre,,,,,,,,,,,,,,,,,,,,,,,,,,,,,,,,Govt,Rural Health Centre,Government/Council,False,False,True
1681.0,,Manicaland,Chipinge,32.232564,-20.876273,0.0,2013.0,Takwirira,Govt,,Clinic,,,,,,,,,,,,,,,,,,,,,,,,,,,,,,,,Govt,Clinic,Government/Council,False,False,True
1682.0,,Manicaland,Makoni,32.377826,-18.210936,0.0,2013.0,Bingaguru,Govt,,Rural Health Centre,,,,,,,,,,,,,,,,,,,,,,,,,,,,,,,,Govt,Rural Health Centre,Government/Council,False,False,True
1683.0,,Manicaland,Makoni,32.289355,-18.143585,0.0,2013.0,Chinyika 2,Govt,,Rural Health Centre,,,,,,,,,,,,,,,,,,,,,,,,,,,,,,,,Govt,Rural Health Centre,Government/Council,False,False,True
1684.0,,Manicaland,Mutasa,32.75297,-18.457824,0.0,2013.0,Chinangwe,Govt,,Clinic,,,,,,,,,,,,,,,,,,,,,,,,,,,,,,,,Govt,Clinic,Government/Council,False,False,True
1685.0,1685.0,Mashonaland East,Goromonzi,31.3212,-18.0801,0.0,2013.0,Bromley,,1982.0,RHC,0.0,1.0,2.0,1.0,0.0,0.0,0.0,3.0,0.0,0.0,9300.0,26.0,0.0,0.0,1.0,0.0,1.0,0.0,0.0,1.0,1.0,0.0,0.0,1.0,0.0,1.0,0.0,1,0.0,,,,RHC,Unspecified,False,False,True
1686.0,0.0,Mashonaland East,Marondera,31.5907,-18.1566,0.0,2013.0,MRDC,,0.0,Mobile Clinic,0.0,0.0,0.0,2.0,0.0,0.0,0.0,1.0,0.0,0.0,1060.0,6.0,0.0,0.0,1.0,0.0,1.0,0.0,0.0,0.0,1.0,0.0,0.0,1.0,1.0,0.0,0.0,,,,,,Mobile Clinic,Unspecified,False,False,True
1686.0,,Bulawayo,Bulawayo,28.57290745,-20.1274105,,,NTBRL,,,,,,,,,,,,,,,,,,,,,,,,,,,,,,,,,,,,,Unspecified,False,False,True
1686.0,,Bulawayo,Bulawayo,28.59705802,-20.1804545,,,Thorngrove,,,,,,,,,,,,,,,,,,,,,,,,,,,,,,,,,,,,,Unspecified,False,False,True
1686.0,,Bulawayo,Bulawayo,28.59707948,-20.180525,,,Diagnostic Laboratories Services Mater Dei,,,,,,,,,,,,,,,,,,,,,,,,,,,,,,,,,,,,,Private (confirmed via lookup),True,False,False
1686.0,,Bulawayo,Bulawayo,28.58836271,-20.15620881,,,cimas,,,,,,,,,,,,,,,,,,,,,,,,,,,,,,,,,,,,,Private (confirmed via lookup),True,False,False
1686.0,,Bulawayo,Bulawayo,28.61627896,-20.16530517,,,UBH Central Hospital,,,,,,,,,,,,,,,,,,,,,,,,,,,,,,,,,,,,,Unspecified,False,False,True
1686.0,,Bulawayo,Bulawayo,28.5698588,-20.12591925,,,Mpilo Central Hospital,,,,,,,,,,,,,,,,,,,,,,,,,,,,,,,,,,,,,Unspecified,False,False,True
1686.0,,Bulawayo,Bulawayo,28.52558553,-20.11810477,,,Emakhandeni Clinic,,,,,,,,,,,,,,,,,,,,,,,,,,,,,,,,,,,,,Unspecified,False,False,True
1686.0,,Bulawayo,Bulawayo,28.5080936,-20.13665607,,,Magwegwe Clinic,,,,,,,,,,,,,,,,,,,,,,,,,,,,,,,,,,,,,Unspecified,False,False,True
1686.0,,Bulawayo,Bulawayo,28.53447542,-20.19987031,,,Nketa Clinic,,,,,,,,,,,,,,,,,,,,,,,,,,,,,,,,,,,,,Unspecified,False,False,True
1686.0,,Bulawayo,Bulawayo,27.09139061,-19.59306,,,Pumula South Clinic,,,,,,,,,,,,,,,,,,,,,,,,,,,,,,,,,,,,,Unspecified,False,False,True
1686.0,,Harare,Chitungwiza,31.03041776,-17.81955735,,,WILKINS infectious Hospital,,,,,,,,,,,,,,,,,,,,,,,,,,,,,,,,,,,,,Unspecified,False,False,True
1686.0,,Harare,Chitungwiza,31.10525144,-18.01494363,,,Seke North clinic,,,,,,,,,,,,,,,,,,,,,,,,,,,,,,,,,,,,,Unspecified,False,False,True
1686.0,,Harare,Chitungwiza,31.07714417,-18.03080486,,,Seke South Clinic,,,,,,,,,,,,,,,,,,,,,,,,,,,,,,,,,,,,,Unspecified,False,False,True
1686.0,,Harare,Chitungwiza,31.19056909,-17.81099549,,,ZRP Support Camp,,,,,,,,,,,,,,,,,,,,,,,,,,,,,,,,,,,,,"Excluded - restricted access (prison/police, not public)",False,False,False
